title,author,pages,SalesRank,ASIN,tags,year
A Constellation Of Vital Phenomena: A Novel,Anthony Marra,384,654769,0770436404,staff picks;realistic fiction;for history lovers;tales from around the world;seriously great writing;eye-opening reads;book club ideas;historical fiction;family matters,2013
A Corner Of White,Jaclyn Moriarty,384,1282191,0545397367,"young adult;sci fi, fantasy & speculative fiction;love & romance",2013
A Duke Never Yields,Juliana Gray,320,6632876,0425251187,love & romance;for history lovers;let’s talk about sex,2013
A Natural History Of Dragons: A Memoir By Lady Trent,Marie Brennan,336,476525,0765331969,"sci fi, fantasy & speculative fiction;for history lovers;it’s all geek to me;love & romance;science!",2013
A Reader's Book Of Days: True Tales From The Lives And Works Of Writers For Every Day Of The Year,Tom Nissley,464,1854771,0393239624,staff picks;for history lovers;nonfiction;rather long,2013
A Tale For The Time Being,Ruth Ozeki,432,441131,0670026638,realistic fiction;tales from around the world;for history lovers,2013
Aces Wild,Erica S. Perl,224,6690164,0307931722,kids’ books;funny stuff;family matters;staff picks,2013
Advice To Little Girls,"Mark Twain, Vladimir Radunsky",24,1247831,1592701299,kids’ books;funny stuff;staff picks,2013
After Visiting Friends: A Son's Story,Michael Hainey,320,2495284,1451676565,staff picks;biography & memoir;for history lovers;seriously great writing;family matters;book club ideas;nonfiction,2013
All That Is: A Novel,James Salter,304,1562832,1400043131,realistic fiction;love & romance;for history lovers;let’s talk about sex;historical fiction;family matters;seriously great writing,2013
Americanah: A Novel,Chimamanda Ngozi Adichie,496,349196,0307271080,realistic fiction;love & romance;tales from around the world;book club ideas;rather long;identity & culture;the states we’re in,2013
Amy Falls Down: A Novel,Jincy Willett,336,4539547,1250028272,realistic fiction;funny stuff,2013
Ancillary Justice,Ann Leckie,416,216433,031624662X,"sci fi, fantasy & speculative fiction;it’s all geek to me",2013
And The Mountains Echoed,Khaled Hosseini,404,150887,159463176X,realistic fiction;tales from around the world;family matters;book club ideas,2013
Animal Opposites,Petr Horacek,20,1182451,0763667765,kids’ books,2013
Appetite,Aaron Smith,72,4241018,0822962195,"short stories, essays & poetry;the dark side;seriously great writing;for art lovers;family matters;identity & culture",2013
At Last: A Novel,Edward St. Aubyn,272,2455744,1250023904,realistic fiction;the dark side;family matters;seriously great writing,2013
At Night We Walk In Circles: A Novel,Daniel Alarcón,384,4473910,1594631719,realistic fiction;tales from around the world;seriously great writing;no biz like show biz,2013
Battle Bunny,"Jon Scieszka, Mac Barnett, Matthew Myers",32,124135,1442446730,kids’ books;funny stuff,2013
Battling Boy,Paul Pope,208,1466548,1596431458,"comics & graphic novels;it’s all geek to me;sci fi, fantasy & speculative fiction;for art lovers",2013
Belmont: Poems,Stephen Burt,88,4717703,1555976441,"short stories, essays & poetry;seriously great writing;funny stuff;family matters",2013
Black Aperture: Poems,Matt Rassmussen,72,953234,080715086X,"short stories, essays & poetry;the dark side;seriously great writing;family matters",2013
Bobcat And Other Stories,Rebecca Lee,256,604820,1616201738,"short stories, essays & poetry;the dark side;seriously great writing;realistic fiction;seriously great writing;book club ideas;let’s talk about sex",2013
Bolivar: American Liberator,Marie Arana,624,682818,1439110190,nonfiction;tales from around the world;biography & memoir;for history lovers;rather long,2013
Book Of Ages: The Life And Opinions Of Jane Franklin,Jill Lepore,464,1247709,0307958345,biography & memoir;for history lovers;eye-opening reads;book club ideas;family matters;rather long;nonfiction,2013
Bough Down,Karen Green,188,909947,193822101X,biography & memoir;the dark side;rather short,2013
Boxers & Saints,Gene Luen Yang,512,52477,1596439246,comics & graphic novels;tales from around the world;for history lovers;seriously great writing;rather long;for art lovers;eye-opening reads;identity & culture,2013
Breakfast With Lucian: The Astounding Life And Outrageous Times Of Britain's Great Modern Painter,Geordie Greig,272,1801823,0374116482,biography & memoir;let’s talk about sex;eye-opening reads;for art lovers;family matters;nonfiction,2013
Brilliance,Marcus Sakey,439,235443,1611099692,"young adult;sci fi, fantasy & speculative fiction;it’s all geek to me;mysteries & thrillers;staff picks;rather long",2013
Captain Marvel Vol. 1: In Pursuit Of Flight,"Kelly Sue Deconnick, Dexter Soy, Emma Rios",136,309294,0785165495,"comics & graphic novels;it’s all geek to me;sci fi, fantasy & speculative fiction;rather short",2013
Cat Sense: How The New Feline Science Can Make You A Better Friend To Your Pet,John Bradshaw,336,624356,0465031013,nonfiction;staff picks;eye-opening reads;science!,2013
Chasing Utopia: A Hybrid,Nikki Giovanni,160,1924070,0688156975,"short stories, essays & poetry;staff picks;rather short;seriously great writing",2013
Cinnamon And Gunpowder: A Novel,Eli Brown,336,1239014,0374123667,realistic fiction;cookbooks & food;for history lovers;staff picks;book club ideas,2013
Claire DeWitt And The Bohemian Highway,Sara Gran,288,3035279,0547429339,mysteries & thrillers,2013
Claire Of The Sea Light,Edwidge Danticat,256,1859276,030727179X,staff picks;realistic fiction;tales from around the world;family matters;the dark side;book club ideas,2013
Count The Monkeys,"Mac Barnett, Kevin Cornell",32,217668,1423160657,kids’ books;funny stuff,2013
Countdown City: The Last Policeman Book II,Ben H. Winters,316,583939,1594746265,mysteries & thrillers;family matters,2013
Counting By 7s,Holly Goldberg Sloan,384,202837,0803738552,kids’ books;the dark side;family matters,2013
Crazy Thing Called Love,Molly O'Keefe,368,4157659,0345533690,love & romance;let’s talk about sex;no biz like show biz,2013
Daily Rituals: How Artists Work,Mason Currey,278,13651,0307273601,biography & memoir;for history lovers;eye-opening reads;for art lovers;nonfiction,2013
Diary Of Edward The Hamster 1990-1990,Miriam Elia And Ezra Elia,96,1785543,0399165975,funny stuff;rather short;the dark side,2013
Do You Believe In Magic? The Sense And Nonsense Of Alternative Medicine,Paul A. Offit,336,1504772,0062222961,staff picks;science!;eye-opening reads;book club ideas;nonfiction,2013
Doctor Sleep: A Novel,Stephen King,531,43532,1476727651,"mysteries & thrillers;sci fi, fantasy & speculative fiction;staff picks;rather long;the dark side",2013
"Dogtripping: 25 Rescues, 11 Volunteers, And 3 RVs On Our Canine Cross-Country Adventure",David Rosenfelt,288,144818,1250014697,staff picks;biography & memoir;funny stuff;nonfiction;the states we’re in,2013
Dream Eyes,Jayne Ann Krentz,416,1071778,0515154083,"love & romance;sci fi, fantasy & speculative fiction;let’s talk about sex;mysteries & thrillers",2013
Drinking With Men: A Memoir,Rosie Schaap,288,1468140,1594487111,biography & memoir;staff picks;nonfiction,2013
Eleanor & Park,Rainbow Rowell,336,72245,1250012570,staff picks;young adult;love & romance;the dark side;family matters,2013
Eleven Days: A Novel,Lea Carpenter,288,1662684,0307960706,realistic fiction;the dark side;book club ideas;family matters;the states we’re in,2013
Every Grain Of Rice: Simple Chinese Home Cooking,Fuchsia Dunlop,352,64780,0393089045,staff picks;cookbooks & food,2013
Fear Of Flying: A Novel,Erica Jong,384,2060666,0805098585,realistic fiction;love & romance;let’s talk about sex;for history lovers;eye-opening reads;staff picks;book club ideas,2013
Fever,Mary Beth Keane,320,1332937,1451693419,realistic fiction;for history lovers;eye-opening reads;historical fiction;science!,2013
Five Days At Memorial,Sheri Fink,576,346209,0307718964,staff picks;for history lovers;eye-opening reads;the dark side;rather long;book club ideas;the states we’re in;nonfiction,2013
Five Star Billionaire: A Novel,Tash Aw,400,520427,0812994345,realistic fiction;tales from around the world;book club ideas,2013
Flora And The Flamingo,Molly Idle,44,27954,1452110069,kids’ books;no biz like show biz,2013
Flora And Ulysses: The Illuminated Adventures,"Kate DiCamillo, K.G. Campbell",240,90567,076366040X,kids’ books;funny stuff,2013
Fosse,Sam Wasson,736,1523591,0547553293,staff picks;biography & memoir;it’s all geek to me;rather long;for history lovers;seriously great writing;no biz like show biz;nonfiction,2013
Frog Song,"Brenda Z. Guiberson, Gennady Spirin",40,489423,0805092544,kids’ books;tales from around the world;for music lovers,2013
From Scratch: Inside The Food Network,Allen Salkin,448,358616,0399159320,cookbooks & food;staff picks;nonfiction;no biz like show biz,2013
Going Under,Lauren Dane,320,7139123,0425262103,"love & romance;sci fi, fantasy & speculative fiction;let’s talk about sex",2013
Gorgeous,Paul Rudnick,336,1032480,0545464269,young adult;funny stuff,2013
Gris Grimly's Frankenstein,"Mary Shelley, Gris Grimly",208,933974,0061862975,comics & graphic novels;mysteries & thrillers;for history lovers;the dark side;it’s all geek to me,2013
Hand-Drying In America: And Other Stories,Ben Katchor,160,1163937,0307906906,comics & graphic novels;rather short;eye-opening reads;for art lovers,2013
Have You Seen My New Blue Socks?,"Eve Bunting, Sergio Ruzzier",32,1124839,0547752679,kids’ books,2013
Hiding Out At The Pancake Palace,Nan Marino,256,3048241,1596437537,kids’ books;for music lovers,2013
Hitler's Furies: German Women In The Nazi Killing Fields,Wendy Lower,288,1026139,0547863381,nonfiction;for history lovers;tales from around the world;eye-opening reads;the dark side;staff picks,2013
How Big Were Dinosaurs?,Lita Judge,40,436260,1596437197,kids’ books;for history lovers;it’s all geek to me,2013
How The Light Gets In: A Chief Inspector Gamache Novel,Louise Penny,405,750614,0312655479,mysteries & thrillers,2013
How To Get Filthy Rich In Rising Asia,Mohsin Hamid,240,1599271,1594487294,realistic fiction;tales from around the world;book club ideas,2013
How We Do It: The Evolution And Future Of Human Reproduction,Robert Martin,320,1753181,0465030157,staff picks;science!;eye-opening reads;it’s all geek to me;let’s talk about sex;family matters;for history lovers;nonfiction,2013
"Hyperbole And A Half: Unfortunate Situations, Flawed Coping Mechanisms, Mayhem, And Other Things That Happened",Allie Brosh,369,20114,1451666179,biography & memoir;comics & graphic novels;funny stuff;staff picks,2013
I Hate To Leave This Beautiful Place,Howard Norman,208,3443154,0547385420,biography & memoir;the dark side;seriously great writing;staff picks,2013
I Want To Show You More,Jamie Quatro,224,2758550,080212075X,"short stories, essays & poetry;let’s talk about sex;the dark side;seriously great writing;book club ideas;family matters",2013
I'll Be Seeing You,Suzanne Hayes and Loretta Nyhan,336,2937502,0778314952,love & romance;realistic fiction;for history lovers;family matters;book club ideas;historical fiction,2013
Incarnadine,Mary Szybist,72,930557,1555976352,"short stories, essays & poetry;seriously great writing",2013
"Indian Cooking Unfolded: A Master Class In Indian Cooking, With 100 Easy Recipes Using 10 Ingredients Or Less",Raghavan Iyer,340,748129,0761165215,cookbooks & food,2013
Johnny Cash: The Life,Robert Hilburn,688,291202,0316194751,biography & memoir;for history lovers;rather long;for art lovers;for music lovers;nonfiction;no biz like show biz,2013
Journey,Aaron Becker,40,9059,0763660531,kids’ books;for art lovers,2013
Julio's Day,Gilbert Hernandez,104,1129875,1606996061,comics & graphic novels;for history lovers;rather short;seriously great writing;family matters,2013
Kansas City Lightning: The Rise And Times Of Charlie Parker,Stanley Crouch,384,251770,0062005596,biography & memoir;for history lovers;for music lovers;nonfiction,2013
Keepers: Two Home Cooks Share Their Tried-And-True Weeknight Recipes And The Secrets To Happiness In The Kitchen,"Kathy Brennan, Caroline Campion",256,373840,1609613546,cookbooks & food,2013
"Lawrence In Arabia: War, Deceit, Imperial Folly And The Making Of The Modern Middle East",Scott Anderson,592,151497,038553292X,staff picks;nonfiction;for history lovers;rather long;tales from around the world,2013
"League Of Denial: The NFL, Concussions And The Battle For Truth",Mark Fainaru-Wada and Steve Fainaru,416,212646,0770437540,science!;staff picks;eye-opening reads;for sports lovers;nonfiction,2013
Levels Of Life,Julian Barnes,144,1884069,0385350775,biography & memoir;love & romance;rather short;tales from around the world;seriously great writing;the dark side;book club ideas,2013
Lexicon: A Novel,Max Barry,400,221387,1594205388,"sci fi, fantasy & speculative fiction;it’s all geek to me;rather long;the dark side;funny stuff",2013
Life After Life,Kate Atkinson,544,346057,0316176486,"staff picks;historical fiction;sci fi, fantasy & speculative fiction;for history lovers;tales from around the world;the dark side;rather long;book club ideas;seriously great writing",2013
Little Elvises: A Junior Bender Mystery,Timothy Hallinan,347,1385940,1616952792,mysteries & thrillers;funny stuff,2013
"Love Is Power, Or Something Like That: Stories",A. Igoni Barrett,176,5121110,1555976409,"staff picks;tales from around the world;short stories, essays & poetry;love & romance;rather short;seriously great writing",2013
Love Minus Eighty,Will McIntosh,433,2844242,0316217786,"sci fi, fantasy & speculative fiction;love & romance;the dark side;rather long;it’s all geek to me",2013
"Love, Dishonor, Marry, Die, Cherish, Perish: A Novel",David Rakoff,128,788551,038553521X,"realistic fiction;short stories, essays & poetry;love & romance;seriously great writing;rather short;book club ideas;historical fiction",2013
MaddAddam: A Novel,Margaret Atwood,416,1449473,0385528787,"sci fi, fantasy & speculative fiction;the dark side;it’s all geek to me;love & romance",2013
Mary Coin,Marisa Silver,336,2308034,0399160701,realistic fiction;for history lovers;family matters;historical fiction;the states we’re in,2013
"Masterminds And 
Wingmen: Helping Our Boys Cope With Schoolyard Power, Locker-Room Tests,
 Girlfriends And The New Rules Of Boy World",Rosalind Wiseman,384,1322435,0307986659,staff picks;eye-opening reads;book club ideas;family matters;identity & culture;nonfiction,2013
Men We Reaped: A Memoir,Jesmyn Ward,272,761634,160819521X,staff picks;biography & memoir;nonfiction;the dark side;eye-opening reads;family matters;seriously great writing;book club ideas;identity & culture,2013
Metaphysical Dog,Frank Bidart,113,1380937,0374173613,love & romance;for history lovers;seriously great writing,2013
Miss Anne In Harlem: The White Women Of The Black Renaissance,Carla Kaplan,544,3270835,0060882387,biography & memoir;for history lovers;eye-opening reads;nonfiction;book club ideas;rather long;for music lovers;identity & culture,2013
Mo's Mustache,Ben Clanton,32,495501,177049538X,kids’ books;funny stuff,2013
Mr. Wuffles!,David Wiesner,32,61675,0618756612,kids’ books;funny stuff;staff picks,2013
Mrs. Poe,Lynn Cullen,336,1586858,1476702918,realistic fiction;for history lovers;love & romance;the dark side;book club ideas;historical fiction,2013
My Education,Susan Choi,304,1164209,0670024902,realistic fiction;love & romance;let’s talk about sex;seriously great writing;book club ideas,2013
Neptune's Brood: A Space Opera,Charles Stross,336,1887687,0425256774,"sci fi, fantasy & speculative fiction;it’s all geek to me;funny stuff",2013
New And Selected Poems: 1962-2012,Charles Simic,384,2481593,0547928289,"short stories, essays & poetry;seriously great writing",2013
New School,Dash Shaw,340,1652177,1606996444,comics & graphic novels;family matters;for art lovers;the dark side;seriously great writing,2013
Nexus,Ramez Naam,464,1562343,0857662937,"sci fi, fantasy & speculative fiction;mysteries & thrillers;it’s all geek to me;rather long",2013
Night Film: A Novel,Marisha Pessl,624,181393,140006788X,mysteries & thrillers;rather long;the dark side;book club ideas,2013
Odds Against Tomorrow,Nathaniel Rich,320,2766812,0374224242,"realistic fiction;mysteries & thrillers;the dark side;love & romance;book club ideas;sci fi, fantasy & speculative fiction",2013
On A Beam Of Light: A Story Of Albert Einstein,"Jennifer Berne, Vladimir Radunsky",56,211222,0811872351,biography & memoir;kids’ books;it’s all geek to me;for history lovers;science!,2013
One Came Home,Amy Timberlake,272,510837,0375869255,kids’ books;for history lovers;family matters,2013
One Good Dish,David Tanis,256,173861,1579654673,cookbooks & food,2013
One Good Earl Deserves A Lover,Sarah MacLean,384,853700,0062068539,love & romance;let’s talk about sex;for history lovers;science!,2013
Ottolenghi: The Cookbook,"Yotam Ottolenghi, Sami Tamimi",304,38478,160774418X,cookbooks & food;tales from around the world,2013
Paper Valentine,Brenna Yovanoff,320,307750,1595145990,young adult;love & romance;mysteries & thrillers,2013
Queen Anne: The Politics Of Passion,Anne Somerset,640,651526,0307962881,biography & memoir;for history lovers;eye-opening reads;rather long;nonfiction,2013
Red Moon,Benjamin Percy,544,782657,1455501662,"mysteries & thrillers;sci fi, fantasy & speculative fiction;rather long;the dark side;it’s all geek to me",2013
Relish: My Life In The Kitchen,Lucy Knisley,176,164626,1596436239,comics & graphic novels;cookbooks & food;biography & memoir;rather short;funny stuff;nonfiction,2013
Return To Oakpine: A Novel,Ron Carlson,272,2681867,0670025070,realistic fiction;family matters;for music lovers,2013
Revenge: Eleven Dark Tales,Yoko Ogawa,176,201162,0312674465,"short stories, essays & poetry;the dark side;rather short;realistic fiction;tales from around the world;sci fi, fantasy & speculative fiction",2013
River Inside The River: Three Lyric Sequences,Gregory Orr,160,5679003,0393239748,"short stories, essays & poetry;seriously great writing;the dark side;family matters",2013
Rose Under Fire,Elizabeth Wein,352,455388,1423183096,young adult;for history lovers;tales from around the world;historical fiction,2013
Scarlet,Marissa Meyer,464,226332,0312642962,"young adult;sci fi, fantasy & speculative fiction;it’s all geek to me;mysteries & thrillers;rather long",2013
Seasonal Works With Letters On Fire,Brenda Hillman,128,4017071,0819574147,"short stories, essays & poetry;eye-opening reads;seriously great writing",2013
Shaman,Kim Stanley Robinson,464,618049,0316098078,"sci fi, fantasy & speculative fiction;for history lovers;rather long;family matters;it’s all geek to me",2013
"Shocked: My Mother, Schiaparelli, And Me",Patricia Volk,304,526767,0307962105,biography & memoir;family matters;book club ideas;nonfiction,2013
Singing School: Learning To Write (And Read) Poetry By Studying with the Masters,Robert Pinsky,240,2254552,0393050688,"short stories, essays & poetry;for art lovers;for history lovers",2013
Snapper,Brian Kimberling,224,5247984,0307908054,"realistic fiction;love & romance;funny stuff;seriously great writing;book club ideas;short stories, essays & poetry",2013
Someone,Alice McDermott,240,1100807,0374281092,realistic fiction;for history lovers;seriously great writing;family matters;book club ideas;historical fiction,2013
Speaking From Among The Bones: A Flavia De Luce Novel,Alan Bradley,400,352760,0385344031,staff picks;mysteries & thrillers;science!,2013
Stay Up With Me,Tom Barbash,224,4543187,0062258125,"short stories, essays & poetry;the dark side;realistic fiction;seriously great writing;book club ideas;family matters;let’s talk about sex",2013
Submergence: A Novel,J.M. Ledgard,208,2148626,1566893194,realistic fiction;mysteries & thrillers;the dark side;love & romance;tales from around the world,2013
"Suitable Accommodations: An Autobiographical Story Of Family Life: The Letters Of J.F. Powers, 1942-1963",Katherine A. Powers (editor),480,613826,0374268061,biography & memoir;for history lovers;rather long;family matters;nonfiction,2013
Super Graphic: A Visual Guide To The Comic Book Universe,Tim Leong,196,626881,1452113882,"comics & graphic novels;it’s all geek to me;sci fi, fantasy & speculative fiction;rather short;funny stuff;eye-opening reads;for art lovers",2013
Sweet Delights From A Thousand And One Nights: The Story Of Traditional Arab Sweets,"Habeeb Salloum, Muna Salloum, Leila Salloum Elias",272,2638053,1780764642,cookbooks & food;for history lovers;staff picks;tales from around the world,2013
Take Me Out To The Yakyu,Aaron Meshon,40,1092240,1442441771,kids’ books;identity & culture;for sports lovers;the states we’re in;family matters,2013
Tap The Magic Tree,Christie Matheson,40,39467,0062274457,kids’ books,2013
Tenth Of December: Stories,George Saunders,272,316770,0812993802,"short stories, essays & poetry;the dark side;seriously great writing;funny stuff;seriously great writing;book club ideas",2013
Thank You for Your Service,David Finkel,272,1306229,0374180660,staff picks;nonfiction;eye-opening reads;the dark side;book club ideas;family matters;the states we’re in,2013
The Alchemists: Three Central Bankers And A World On Fire,Neil Irwin,448,655128,1594204624,staff picks;nonfiction;for history lovers;tales from around the world;eye-opening reads,2013
"The Animal Book: A Collection Of The Fastest, Fiercest, Toughest, Cleverest, Shyest -- And Most Surprising -- Animals On Earth",Steve Jenkins,208,588960,054755799X,kids’ books;for art lovers,2013
The Apple Orchard,Susan Wiggs,432,779526,0778314936,love & romance;family matters;for history lovers;mysteries & thrillers,2013
The Apprentices,"Maile Meloy, Ian Schoenherr",416,2707937,0399162453,"kids’ books;sci fi, fantasy & speculative fiction;staff picks;science!",2013
"The Art Of Youth: Crane, Carrington, Gershwin, And The Nature Of First Acts",Nicholas Delbanco,205,9718660,0544114469,biography & memoir;for history lovers;the dark side;staff picks;for art lovers;nonfiction;for music lovers,2013
The Autumn Bride,Anne Gracie,320,335200,0425259250,love & romance;family matters;for history lovers,2013
The Beast: Riding The Rails And Dodging Narcos On The Migrant Trail,Oscar Martinez,224,2582515,1781681325,nonfiction;tales from around the world;eye-opening reads;the dark side;the states we’re in,2013
The Best Man,Kristan Higgins,432,870086,0373777922,love & romance;funny stuff;family matters,2013
The Big Smoke,Adrian Matejka,128,1016481,0143123726,"short stories, essays & poetry;for history lovers;biography & memoir;staff picks;love & romance;the dark side;for sports lovers",2013
The Blood Of Heaven,Kent Wascom,432,3571198,0802121187,realistic fiction;for history lovers;the dark side;seriously great writing;historical fiction;the states we’re in,2013
The Book Of Goodbyes,Jillian Weise,88,1818629,1938160142,"short stories, essays & poetry;let’s talk about sex;seriously great writing",2013
The Boy On The Porch,Sharon Creech,160,2999303,0061892351,kids’ books;family matters;for art lovers;for music lovers,2013
The Burgess Boys: A Novel,Elizabeth Strout,326,186910,1400067685,staff picks;realistic fiction;family matters;book club ideas,2013
The Circle,Dave Eggers,504,134911,0385351399,staff picks;mysteries & thrillers;it’s all geek to me;the dark side;rather long;book club ideas,2013
The Coldest Girl In Coldtown,Holly Black,,,1780621299,"young adult;sci fi, fantasy & speculative fiction;the dark side",2013
The Cooked Seed: A Memoir,Anchee Min,368,2552472,1596916982,biography & memoir;family matters;love & romance;staff picks;nonfiction;identity & culture,2013
The Cuckoo's Calling,Robert Galbraith,464,39583,0316206849,realistic fiction;mysteries & thrillers;rather long;the dark side;book club ideas,2013
The Daylight Gate,Jeanette Winterson,240,4811336,0802121632,"sci fi, fantasy & speculative fiction;for history lovers;the dark side;historical fiction",2013
The Encyclopedia Of Early Earth: A Graphic Novel,Isabel Greenberg,176,1409963,0316225819,"young adult;tales from around the world;sci fi, fantasy & speculative fiction;staff picks;it’s all geek to me;love & romance",2013
The Goldfinch,Donna Tartt,775,27580,0316055433,realistic fiction;rather long;for art lovers;book club ideas;staff picks;seriously great writing,2013
The Good Lord Bird,James McBride,432,295157,1594486344,realistic fiction;for history lovers;book club ideas;historical fiction;staff picks;seriously great writing;identity & culture,2013
The Hired Man,Aminatta Forna,304,1438349,0802121918,realistic fiction;for history lovers;tales from around the world;family matters;book club ideas;historical fiction,2013
The House Girl: A Novel,Tara Conklin,374,1498997,0062207393,realistic fiction;for history lovers;mysteries & thrillers;for art lovers;book club ideas;historical fiction,2013
The Infatuations,"Javier Marias, translated by Margaret Jull Costa",352,1333310,0307960722,realistic fiction;tales from around the world;seriously great writing;mysteries & thrillers;love & romance,2013
The Interestings,Meg Wolitzer,480,335700,1594488398,realistic fiction;rather long;family matters;book club ideas;staff picks,2013
The Isle Of Youth: Stories,Laura van den Berg,256,2277847,0374177236,"short stories, essays & poetry;the dark side;family matters;seriously great writing;book club ideas",2013
The Last Banquet,Jonathan Grimwood,320,7169828,1609451384,realistic fiction;for history lovers;tales from around the world;cookbooks & food;let’s talk about sex;historical fiction,2013
The Love Affairs Of Nathaniel P.: A Novel,Adelle Waldman,256,828545,0805097457,realistic fiction;let’s talk about sex;funny stuff;love & romance;book club ideas,2013
The Lowland,Jhumpa Lahiri,339,965423,0307265749,realistic fiction;seriously great writing;tales from around the world;family matters;book club ideas;identity & culture,2013
The Luckiest Lady In London,Sherry Thomas,304,1448255,0425268888,love & romance;for history lovers;let’s talk about sex,2013
The Madness Underneath,Maureen Johnson,384,1093867,039925661X,"young adult;sci fi, fantasy & speculative fiction;the dark side",2013
The Maid's Version: A Novel,Daniel Woodrell,176,2827518,0316205850,staff picks;realistic fiction;for history lovers;seriously great writing;the dark side;rather short;family matters;book club ideas;historical fiction;rather short,2013
The Most Of Nora Ephron,Nora Ephron,576,147073,038535083X,for history lovers;rather long;funny stuff;biography & memoir;seriously great writing,2013
The New Midwestern Table: 200 Heartland Recipes,Amy Thielen,400,171684,0307954870,cookbooks & food;the states we’re in,2013
The New Persian Kitchen,Louisa Shafia,208,1142669,1607743574,cookbooks & food,2013
The Ocean At The End Of The Lane,Neil Gaiman,181,69389,0062255657,"sci fi, fantasy & speculative fiction;rather short;the dark side;staff picks;family matters",2013
The Painted Girls,Cathy Marie Buchanan,368,936010,1594486247,realistic fiction;for history lovers;for art lovers;family matters;tales from around the world;book club ideas;historical fiction,2013
The Panopticon: A Novel,Jenni Fagan,304,368947,0385347863,realistic fiction;mysteries & thrillers;tales from around the world;the dark side;staff picks,2013
The Pomegranate Lady And Her Sons: Selected Stories,Goli Taraghi,336,4260136,039306333X,"realistic fiction;short stories, essays & poetry;staff picks;tales from around the world",2013
The Reason I Jump: The Inner Voice Of A Thirteen-Year-Old Boy With Autism,"Naoki Higashida, translated by David Mitchell and KA Yoshida",176,62555,0812994868,staff picks;biography & memoir;rather short;eye-opening reads;identity & culture,2013
The Screaming Staircase,Jonathan Stroud,400,994121,1423164911,"staff picks;kids’ books;sci fi, fantasy & speculative fiction;mysteries & thrillers",2013
The Shining Girls,Lauren Beukes,384,1349759,0316216852,"mysteries & thrillers;sci fi, fantasy & speculative fiction;the dark side",2013
The Sound Of Things Falling,"Juan Gabriel Vasquez, translated by Anne McLean",288,1489178,1594487480,realistic fiction;tales from around the world;seriously great writing,2013
The Summer Prince,Alaya Dawn Johnson,304,4241834,0545417791,"young adult;tales from around the world;sci fi, fantasy & speculative fiction;staff picks;it’s all geek to me;love & romance",2013
"The Telling Room: A Tale Of Love, Betrayal, Revenge, And The World's Greatest Piece Of Cheese",Michael Paterniti,368,1071288,0385337000,tales from around the world;cookbooks & food;seriously great writing;staff picks;book club ideas;biography & memoir;nonfiction,2013
The Twelve Tribes Of Hattie,Ayana Mathis,320,301639,0307949702,realistic fiction;for history lovers;eye-opening reads;book club ideas;seriously great writing;historical fiction;family matters;the states we’re in,2013
The Unwinding: An Inner History Of The New America,George Packer,448,951311,0374102414,staff picks;nonfiction;the states we’re in,2013
The Woman Who Lost Her Soul,Bob Shacochis,640,3081824,0802119824,realistic fiction;mysteries & thrillers;for history lovers;rather long;tales from around the world;the dark side;seriously great writing;let’s talk about sex,2013
The World Is Waiting For You,Barbara Kerley,48,2151056,1426311141,kids’ books;tales from around the world,2013
"The World’s Strongest Librarian: A Memoir Of Tourette’s, Faith, Strength And The Power Of Family",Josh Hanagarne,304,1160428,1592407870,biography & memoir;family matters;nonfiction;identity & culture,2013
The Year Of Billy Miller,Kevin Henkes,240,618959,0062268120,kids’ books;family matters,2013
Thieves I've Known,Tom Kealey,208,5494817,0820345377,"short stories, essays & poetry;realistic fiction;eye-opening reads;seriously great writing;family matters",2013
This Close: Stories,Jessica Francis Kane,200,3004348,1555976360,"short stories, essays & poetry;realistic fiction;family matters;rather short;seriously great writing",2013
This House Is Haunted,John Boyne,304,200067,1590516796,"for history lovers;sci fi, fantasy & speculative fiction;the dark side;tales from around the world;historical fiction",2013
This Little Piggy,Tim Harrington,32,944670,0062218085,kids’ books;funny stuff,2013
To The End Of June,Cris Beam,336,2002079,0151014124,staff picks;the dark side;eye-opening reads;nonfiction;family matters;book club ideas;identity & culture,2013
Toms River: A Story Of Science And Salvation,Dan Fagin,560,375012,055380653X,staff picks;science!;eye-opening reads;for history lovers;the dark side;rather long;nonfiction,2013
Too Bright To Hear Too Loud To See,Juliann Garey,304,2496364,1616953446,realistic fiction;eye-opening reads;identity & culture,2013
Transfer Of Qualities,Martha Ronk,88,6853439,189065082X,"short stories, essays & poetry;seriously great writing",2013
Unicorn Thinks He's Pretty Great,Bob Shea,40,234366,1423159527,staff picks;kids’ books;funny stuff,2013
Unknown Pleasures: Inside Joy Division,Peter Hook,416,2008906,0062222562,for history lovers;staff picks;for music lovers;biography & memoir;nonfiction,2013
Vampires In The Lemon Grove: Stories,Karen Russell,256,1142469,0307957233,"short stories, essays & poetry;sci fi, fantasy & speculative fiction;funny stuff;seriously great writing",2013
We Are All Completely Beside Ourselves,Karen Joy Fowler,320,784219,0399162097,realistic fiction;family matters;book club ideas;science!,2013
We Need New Names: A Novel,NoViolet Bulawayo,304,1540870,0316230812,realistic fiction;tales from around the world;seriously great writing,2013
Who Says Women Can't Be Doctors?: The Story Of Elizabeth Blackwell,"Tanya Lee Stone, Marjorie Priceman",40,840333,0805090487,kids’ books;for history lovers;biography & memoir;science!;nonfiction,2013
Wilson,A. Scott Berg,832,928630,0399159215,biography & memoir;for history lovers;rather long;nonfiction;the states we’re in,2013
YOU,Austin Grossman,400,3214491,0316198536,"sci fi, fantasy & speculative fiction;it’s all geek to me",2013
"You Don't Know Me But You Don't Like Me: Phish, Insane Clown Posse, And My Misadventures With Two Of Music's Most Maligned Tribes",Nathan Rabin,272,331508,1451626886,biography & memoir;staff picks;funny stuff;for music lovers;nonfiction,2013
You're All Just Jealous Of My Jetpack: Cartoons,Tom Gauld,160,826944,1770461043,comics & graphic novels;funny stuff;rather short;it’s all geek to me,2013
Zen Confidential: Confessions Of A Wayward Monk,Shozan Jack Haubner,288,1356164,1611800331,staff picks;biography & memoir;funny stuff,2013
100 Sideways Miles,Andrew Smith,288,4840925,1442444959,funny stuff;love & romance;it’s all geek to me;young adult;the dark side,2014
10:04: A Novel,Ben Lerner,256,101117,0865478104,seriously great writing;realistic fiction;family matters,2014
2 A.M. At The Cat's Pajamas,Marie-Helene Bertino,272,1487895,0804140235,book club ideas;seriously great writing;realistic fiction;for music lovers;no biz like show biz,2014
A Bollywood Affair,Sonali Dev,304,1644064,1617730130,love & romance;family matters;tales from around the world,2014
A Girl Is A Half-formed Thing,Eimear McBride,227,145898,1566893682,seriously great writing;the dark side;family matters;realistic fiction;tales from around the world;let’s talk about sex,2014
A Long Way Home: A Memoir,Saroo Brierley,272,571523,0399169288,staff picks;biography & memoir;family matters;tales from around the world;nonfiction;identity & culture,2014
A Painter's Progress: A Portrait Of Lucian Freud,David Dawson,276,1682539,0385354088,biography & memoir;eye-opening reads;for art lovers;nonfiction,2014
A Snicker Of Magic,Natalie Lloyd,320,3797935,0545552702,"funny stuff;family matters;sci fi, fantasy & speculative fiction;kids’ books",2014
Afterparty,Daryl Gregory,304,3077685,0765336928,"sci fi, fantasy & speculative fiction;science!;mysteries & thrillers;the dark side",2014
"Ah-Ha To Zig-Zag: 31 Objects From Cooper Hewitt, Smithsonian Design Museum",Maira Kalman,48,970500,0847843777,eye-opening reads;kids’ books;funny stuff;for art lovers,2014
All Our Names,Dinaw Mengestu,,,,love & romance;tales from around the world;staff picks;realistic fiction;the states we’re in;identity & culture,2014
All The Light We Cannot See: A Novel,Anthony Doerr,531,16533,1476746583,book club ideas;staff picks;for history lovers;tales from around the world;realistic fiction;historical fiction,2014
All The Truth Is Out: The Week Politics Went Tabloid,Matt Bai,263,2547613,0307273385,staff picks;eye-opening reads;for history lovers;nonfiction;the states we’re in,2014
An Unnecessary Woman,Rabih Alameddine,304,122189,0802122949,staff picks;realistic fiction;historical fiction;book club ideas;eye-opening reads;for history lovers;seriously great writing;tales from around the world,2014
An Untamed State,Roxane Gay,368,758542,0802122515,seriously great writing;family matters;tales from around the world;the dark side,2014
Ancient Oceans Of Central Kentucky,David Connerley Nahm,222,3015046,1937512207,rather short;the dark side;realistic fiction;family matters,2014
Ancillary Sword,Anne Leckie,400,1071418,0316246654,"sci fi, fantasy & speculative fiction;seriously great writing",2014
Another Man's War: The Story Of A Burma Boy In Britain's Forgotten Army,Barnaby Phillips,320,4588757,1780745222,biography & memoir;book club ideas;eye-opening reads;for history lovers;tales from around the world;staff picks;nonfiction,2014
"Apples Of Uncommon Character: Heirlooms, Modern Classics, And Little-Known Wonders",Rowan Jacobsen,320,594305,1620402270,staff picks;cookbooks & food;eye-opening reads;it’s all geek to me;for history lovers,2014
Area X: The Southern Reach Trilogy: Annihilation; Authority; Acceptance,Jeff VanderMeer,608,37146,0374261172,"the dark side;sci fi, fantasy & speculative fiction;rather long",2014
Aviary Wonders Inc. Spring Catalog And Instruction Manual,Kate Samworth,32,304894,0547978995,"staff picks;sci fi, fantasy & speculative fiction;kids’ books;for art lovers;funny stuff;the dark side",2014
Bad Feminist: Essays,Roxane Gay,336,45853,0062282719,"biography & memoir;eye-opening reads;book club ideas;short stories, essays & poetry;nonfiction",2014
Baking Chez Moi: Recipes From My Paris Home To Your Home Anywhere,Dorie Greenspan,496,758984,0547724241,cookbooks & food,2014
Bark: Stories,Lorrie Moore,192,1680336,0307740862,"short stories, essays & poetry;family matters;book club ideas;realistic fiction;the dark side;funny stuff;rather short",2014
Beethoven: Anguish And Triumph,Jan Swafford,1104,67887,061805474X,staff picks;rather long;biography & memoir;for music lovers;for history lovers;tales from around the world;nonfiction,2014
Being Mortal: Medicine And What Matters In The End,Atul Gawande,304,20247,0805095152,science!;family matters;book club ideas;eye-opening reads;staff picks;nonfiction,2014
Belzhar,Meg Wolitzer,272,2632113,0525423052,staff picks;young adult;love & romance;realistic fiction;the dark side,2014
Bitter Eden: A Novel,Tatamkhulu Afrika,240,8121387,1250043662,realistic fiction;historical fiction;eye-opening reads;for history lovers;let’s talk about sex;tales from around the world,2014
"Blood Will Out: The True Story Of A Murder, A Mystery, And A Masquerade",Walter Kirn,272,436234,0871404516,staff picks;biography & memoir;book club ideas;eye-opening reads;the dark side;mysteries & thrillers;nonfiction,2014
"Bolaño, A Biography In Conversations",Monica Maristain,288,3670148,1612193471,biography & memoir;tales from around the world;nonfiction,2014
"Boy, Snow, Bird: A Novel",Helen Oyeyemi,320,1923934,1594631395,staff picks;book club ideas;family matters;seriously great writing;the dark side;identity & culture,2014
Bright Shards Of Someplace Else,Monica McFawn,,,,"short stories, essays & poetry;realistic fiction",2014
Broken Monsters,Lauren Beukes,448,1119734,0316216828,"mysteries & thrillers;the dark side;let’s talk about sex;seriously great writing;rather long;sci fi, fantasy & speculative fiction",2014
"Brothas Be, Yo Like George, Ain't That Funkin' Kinda Hard On You? A Memoir",George Clinton,416,1107146,1476751072,staff picks;biography & memoir;for music lovers;nonfiction,2014
Brown Girl Dreaming,Jacqueline Woodson,352,36571,0399252517,"staff picks;biography & memoir;short stories, essays & poetry;young adult;identity & culture;nonfiction",2014
California: A Novel,Edan Lepucki,400,1645168,0316250813,"staff picks;family matters;sci fi, fantasy & speculative fiction;the dark side;the states we’re in",2014
Can't And Won't: Stories,Lydia Davis,304,1687564,0374118582,"staff picks;short stories, essays & poetry;realistic fiction;seriously great writing",2014
Can't We Talk About Something More Pleasant?: A Memoir,Roz Chast,240,50168,1608198065,book club ideas;seriously great writing;comics & graphic novels;the dark side;funny stuff;biography & memoir;nonfiction,2014
Caribbean Potluck: Modern Recipes From Our Family Kitchen,Suzanne Rousseau and Michelle Rousseau,192,2453053,1909487090,cookbooks & food;tales from around the world;family matters,2014
Check The Technique: More Liner Notes For Hip-Hop Junkies,Brian Coleman,525,757409,0990307603,staff picks;rather long;for music lovers;it’s all geek to me;nonfiction,2014
Citizen: An American Lyric,Claudia Rankine,160,22881,1555976905,"short stories, essays & poetry;book club ideas;eye-opening reads;seriously great writing;identity & culture",2014
"Console Wars: Sega, Nintendo, And The Battle That Defined A Generation",Blake J. Harris,576,1363814,0062276697,for history lovers;it’s all geek to me;rather long;nonfiction,2014
Cooking Light Global Kitchen: The World's Most Delicious Food Made Easy,David Joachim,320,1570766,0848739981,cookbooks & food;tales from around the world,2014
Dataclysm: Who We Are (When We Think No One's Looking),Christian Rudder,304,433183,0385347375,staff picks;it’s all geek to me;book club ideas;eye-opening reads;let’s talk about sex;nonfiction,2014
Dear Committee Members: A Novel,Julie Schumacher,192,637581,0385538138,funny stuff;realistic fiction;rather short,2014
Debbie Doesn't Do It Anymore: A Novel,Walter Mosley,272,2106546,0385526180,staff picks;let’s talk about sex;realistic fiction,2014
"Deep Down Dark: The Untold Stories Of 33 Men Buried In A Chilean Mine, And The Miracle That Set Them Free",Héctor Tobar,320,1298556,0374280606,eye-opening reads;nonfiction;tales from around the world;book club ideas,2014
Definitely Maybe,"Arkady and Boris Strugatsky, translated by Antonina W. Bouis",160,2938779,1612192815,"sci fi, fantasy & speculative fiction;tales from around the world;the dark side",2014
"Delancey: A Man, A Woman, A Restaurant, A Marriage",Molly Wizenberg,256,2380540,1451655096,staff picks;biography & memoir;cookbooks & food;love & romance;family matters;nonfiction,2014
"Do Not Sell At Any Price: The Wild, Obsessive Hunt For The World's Rarest 78rpm Records",Amanda Petrusich,272,810344,1451667051,staff picks;eye-opening reads;it’s all geek to me;seriously great writing;for music lovers;nonfiction,2014
Do Or Die: A Reluctant Heroes Novel,Suzanne Brockmann,608,803251,0345543815,love & romance;let’s talk about sex;mysteries & thrillers;family matters,2014
Dog Whistle Politics: How Coded Racial Appeals Have Reinvented Racism And Wrecked The Middle Class,Ian Haney López,304,1239519,0199964270,staff picks;nonfiction;eye-opening reads;for history lovers;identity & culture;the states we’re in,2014
Draw!,Raúl Colón,40,1160547,1442494921,for art lovers;kids’ books,2014
Duty: Memoirs Of A Secretary At War,Robert M. Gates,640,77769,0307959473,biography & memoir;nonfiction;eye-opening reads;rather long;the states we’re in,2014
El Deafo,Cece Bell,248,5816,1419712179,staff picks;biography & memoir;comics & graphic novels;eye-opening reads;family matters;kids’ books;nonfiction,2014
Electric City: A Novel,Elizabeth Rosner,304,6501240,1619023466,historical fiction;science!;realistic fiction,2014
Emeralds Included: A Jana Bibi Adventure,Betsy Woodman,288,4149878,0805093583,tales from around the world;staff picks;family matters;realistic fiction,2014
Empress Dowager Cixi: The Concubine Who Launched Modern China,Jung Chang,464,204301,0307456706,biography & memoir;for history lovers;tales from around the world;nonfiction,2014
Euphoria,Lily King,256,620402,0802122558,seriously great writing;historical fiction;realistic fiction;love & romance;science!,2014
Every Day Is For The Thief: Fiction,Teju Cole,176,1603311,0812995783,eye-opening reads;tales from around the world;realistic fiction;family matters;rather short,2014
Everything I Never Told You: A Novel,Celeste Ng,304,81326,159420571X,staff picks;realistic fiction;book club ideas;family matters;mysteries & thrillers;the dark side;identity & culture,2014
F: A Novel,"Daniel Kehlmann, translated by Carol Janeway",272,2012716,0307911810,book club ideas;seriously great writing;family matters;realistic fiction,2014
"Family Furnishings: Selected Stories, 1995-2014",Alice Munro,640,782459,1101874104,"seriously great writing;short stories, essays & poetry;book club ideas;family matters;realistic fiction",2014
Famous Writers I Have Known: A Novel,James Magnuson,320,6516454,0393240886,funny stuff;mysteries & thrillers,2014
"Fatale Deluxe Edition, Vol. 1",Ed Brubaker and Sean Philips,288,1795792,1607069423,"comics & graphic novels;let’s talk about sex;mysteries & thrillers;the dark side;sci fi, fantasy & speculative fiction;historical fiction",2014
Firebird,Misty Copeland and Christopher Myers,40,48186,0399166157,staff picks;kids’ books;for art lovers;identity & culture;no biz like show biz,2014
Flashlight,Lizi Boyd,40,37954,1452118949,kids’ books;the dark side,2014
Florence Gordon,Brian Morton,320,3354394,0544309863,seriously great writing;book club ideas;realistic fiction,2014
"Foreign Gods, Inc.",Okey Ndibe,352,1317332,1616954582,realistic fiction;tales from around the world;book club ideas;identity & culture,2014
Found,Salina Yoon,40,425007,0802735592,family matters;kids’ books,2014
Fourth Of July Creek: A Novel,Smith Henderson,480,3010040,0062286447,staff picks;rather long;family matters;realistic fiction;the dark side;the states we’re in,2014
Fresh From The Farm: A Year Of Recipes And Stories,Susie Middleton,256,393993,1600859046,cookbooks & food;biography & memoir,2014
Friendswood: A Novel,René Steinke,368,2492076,1594632510,family matters;book club ideas;realistic fiction;science!;the states we’re in,2014
Gaston,Kelly DiPucchio and Christian Robinson,40,33204,1442451025,family matters;funny stuff;love & romance;kids’ books,2014
"Geek Sublime: The Beauty Of Code, The Code Of Beauty",Vikram Chandra,272,,1555976859,it’s all geek to me;science!;biography & memoir;nonfiction,2014
Girl In Reverse,Barbara Stuber,336,4940992,1442497343,family matters;for history lovers;the dark side;young adult;realistic fiction;historical fiction;identity & culture,2014
Gottland: Mostly True Stories From Half Of Czechoslovakia,"Mariusz Szczygieł, translated by Antonia Lloyd-Jones",288,392825,1612193137,staff picks;eye-opening reads;for history lovers;tales from around the world,2014
Gray Mountain: A Novel,John Grisham,384,223231,038553714X,realistic fiction;book club ideas;the states we’re in;the dark side,2014
Half A World Away,Cynthia Kadohata,240,3217299,1442412755,staff picks;realistic fiction;young adult;family matters;tales from around the world,2014
Heap House: The Iremonger Trilogy: Book One,Edward Carey,416,4685820,1468309536,"family matters;sci fi, fantasy & speculative fiction;seriously great writing;the dark side;young adult",2014
Here,Richard McGuire,304,59261,0375406506,comics & graphic novels;for history lovers;for art lovers,2014
Heroes Are My Weakness: A Novel,Susan Elizabeth Phillips,384,1582631,0062106074,love & romance;family matters;let’s talk about sex,2014
Hijacking The Runway: How Celebrities Are Stealing The Spotlight From Fashion Designers,Teri Agins,288,1509244,1592408141,eye-opening reads;staff picks;for art lovers;no biz like show biz;nonfiction,2014
"Hold Tight Gently: Michael Callen, Essex Hemphill, And The Battlefield of AIDS",Martin Duberman,368,3972099,1595589457,biography & memoir;book club ideas;eye-opening reads;for history lovers;for music lovers;nonfiction;the dark side,2014
Hooray For Hat!,Brian Won,40,1818897,0544159039,funny stuff;kids’ books,2014
Horrorstör: A Novel,Grady Hendrix,240,10057,1594745269,"the dark side;staff picks;funny stuff;mysteries & thrillers;sci fi, fantasy & speculative fiction",2014
How I Discovered Poetry,Marilyn Nelson,112,2773187,0803733046,"staff picks;young adult;biography & memoir;short stories, essays & poetry;book club ideas;eye-opening reads;family matters;for history lovers;nonfiction;identity & culture",2014
How The World Was: A California Childhood,Emmanuel Guibert,160,2265592,1596436646,comics & graphic novels;biography & memoir;for history lovers;nonfiction,2014
How To Be A Victorian: A Dawn-To-Dusk Guide To Victorian Life,Ruth Goodman,464,770337,0871404850,for history lovers;eye-opening reads,2014
How To Be Both: A Novel,Ali Smith,384,380532,0375424105,staff picks;realistic fiction;historical fiction;book club ideas;seriously great writing;for art lovers,2014
How To Be Happy,Eleanor Davis,144,1223606,1606997408,"comics & graphic novels;short stories, essays & poetry;sci fi, fantasy & speculative fiction;for art lovers",2014
How To Build A Girl: A Novel,Caitlin Moran,352,1413954,0062335979,staff picks;realistic fiction;book club ideas;family matters;for music lovers;funny stuff;let’s talk about sex,2014
I Am China: A Novel,Xiaolu Guo,384,3033878,0385538715,tales from around the world;realistic fiction;love & romance;the dark side,2014
I Don't Know Do You,Roberto Montes,102,6012543,0988732874,"short stories, essays & poetry;seriously great writing",2014
I'll Give You The Sun,Jandy Nelson,384,586089,0803734964,family matters;let’s talk about sex;love & romance;realistic fiction;seriously great writing;young adult,2014
Icon,Amy Scholder (editor),256,4607981,155861866X,"staff picks;love & romance;short stories, essays & poetry;nonfiction;for art lovers;for music lovers",2014
In The Light Of What We Know: A Novel,Zia Haider Rahman,512,1681838,0374175624,staff picks;book club ideas;rather long;seriously great writing;tales from around the world;realistic fiction,2014
In The Wolf's Mouth: A Novel,Adam Foulds,336,6230266,0374175829,historical fiction;realistic fiction;seriously great writing;eye-opening reads;for history lovers;tales from around the world;the dark side,2014
J Dilla's Donuts,Jordan Ferguson,152,664963,1623561833,staff picks;for music lovers;it’s all geek to me;nonfiction,2014
Josephine: The Dazzling Life Of Josephine Baker,Patricia Hruby Powell and Christian Robinson,104,454858,1452103143,biography & memoir;for art lovers;for history lovers;for music lovers;kids’ books;seriously great writing;nonfiction;no biz like show biz;identity & culture,2014
Kaleidoscope: Diverse YA Science Fiction And Fantasy Stories,Alisa Krasnostein and Julia Rios (editors),450,2941701,1922101117,"sci fi, fantasy & speculative fiction;young adult;short stories, essays & poetry;identity & culture",2014
Kinda Like Brothers,Coe Booth,256,2485299,0545224969,kids’ books;family matters;staff picks,2014
Land Of Love And Drowning: A Novel,Tiphanie Yanique,368,2726032,1594488339,historical fiction;family matters;book club ideas;tales from around the world,2014
Let Me Be Frank With You: A Frank Bascombe Book,Richard Ford,256,791675,0061692069,seriously great writing;realistic fiction;book club ideas,2014
Life Drawing: A Novel,Robin Black,256,3950576,1400068568,staff picks;book club ideas;family matters;love & romance;realistic fiction;mysteries & thrillers;the dark side,2014
Lightspeed: Women Destroy Science Fiction! Special Issue,Christie Yant (editor),488,864090,1499508344,"short stories, essays & poetry;sci fi, fantasy & speculative fiction",2014
Lila: A Novel,Marilynne Robinson,272,286198,0374187614,seriously great writing;love & romance;staff picks;realistic fiction;book club ideas;family matters,2014
"Lion, Lion",Miriam Busch and Larry Day,32,2227030,0062271040,funny stuff;kids’ books,2014
Little Failure: A Memoir,Gary Shteyngart,368,198914,0679643753,biography & memoir;book club ideas;family matters;funny stuff;seriously great writing;nonfiction,2014
Little Nemo: Dream Another Dream,"Josh O'Neill, Andrew Carl and Chris Stevens (editors)",144,4257031,0989907694,"comics & graphic novels;rather short;sci fi, fantasy & speculative fiction;for art lovers",2014
Loitering: New And Collected Essays,Charles D'Ambrosio,368,1252977,1935639870,"biography & memoir;seriously great writing;eye-opening reads;short stories, essays & poetry;nonfiction",2014
Lost Lake,Sarah Addison Allen,304,921487,125001980X,love & romance;let’s talk about sex;family matters;realistic fiction;book club ideas,2014
"Lovers At The Chameleon Club, Paris 1932: A Novel",Francine Prose,448,2221244,0061713783,for history lovers;staff picks;historical fiction;realistic fiction;identity & culture,2014
"Malaria, Poems",Cameron Conaway,80,5031365,1611861446,"short stories, essays & poetry;eye-opening reads;tales from around the world;science!",2014
"Man Alive: A True Story Of Violence, Forgiveness And Becoming A Man",Thomas Page McBee,172,1451743,0872866246,biography & memoir;eye-opening reads;family matters;rather short;identity & culture;nonfiction,2014
Mastering My Mistakes In The Kitchen: Learning To Cook With 65 Great Chefs And Over 100 Delicious Recipes,Dana Cowin,320,707152,0062305905,cookbooks & food,2014
McSweeney's Issue 46: Thirteen Crime Stories From Latin America,Daniel Galera (editor),300,1163418,1938073851,"short stories, essays & poetry;tales from around the world;mysteries & thrillers;the dark side",2014
Mexico: The Cookbook,Margarita Carrillo Arronte,704,19374,0714867527,cookbooks & food;tales from around the world;staff picks;rather long,2014
My Beautiful Enemy,Sherry Thomas,304,514609,0425268896,love & romance;let’s talk about sex;historical fiction;tales from around the world,2014
My Perfect Pantry: 150 Easy Recipes From 50 Essential Ingredients,"Geoffrey Zakarian, Amy Stevenson and Margaret Zakarian",304,106649,0385345666,cookbooks & food,2014
My Pet Book,Bob Staake,40,284391,0385373120,family matters;kids’ books,2014
Nazis In The Metro,Didier Daeninckx,176,2311542,1612192963,mysteries & thrillers;tales from around the world;realistic fiction;the dark side,2014
Night Heron,Adam Brookes,400,2376621,0316399833,staff picks;mysteries & thrillers;realistic fiction;tales from around the world,2014
Ninja!,Arree Chung,40,942281,0805099115,family matters;funny stuff;kids’ books,2014
Nora Webster: A Novel,Colm Tóibín,384,1007330,1439138338,realistic fiction;seriously great writing;book club ideas;family matters;tales from around the world,2014
Nothing More To Lose,"Najwan Darwish, translated by Kareem James Abu-Zeid",128,1841144,1590177304,"seriously great writing;short stories, essays & poetry;tales from around the world",2014
On Such A Full Sea: A Novel,Chang-rae Lee,368,1806227,1594486107,"staff picks;sci fi, fantasy & speculative fiction;book club ideas;seriously great writing;the dark side",2014
One Kick: A Novel,Chelsea Cain,320,1486331,1476749787,mysteries & thrillers;the dark side;realistic fiction,2014
Orfeo: A Novel,Richard Powers,400,371191,0393349845,realistic fiction;seriously great writing;book club ideas;eye-opening reads;family matters;for music lovers;it’s all geek to me;science!,2014
Our Secret Life In The Movies,Michael McGriff and J.M. Tyree,168,3898710,0989275965,"short stories, essays & poetry;seriously great writing;realistic fiction;for history lovers;for art lovers;it’s all geek to me",2014
Ovenly: Sweet And Salty Recipes From New York's Most Creative Bakery,Erin Patinkin and Agatha Kulaga,240,826223,0373892950,cookbooks & food,2014
"Overwhelmed: Work, Love, And Play When No One Has The Time",Brigid Schulte,368,682909,0374228442,eye-opening reads;staff picks;book club ideas;family matters;nonfiction;identity & culture,2014
Panic In A Suitcase: A Novel,Yelena Akhtiorskaya,320,4496505,1594632146,book club ideas;family matters;funny stuff;realistic fiction;identity & culture;the states we’re in,2014
Perfidia: A Novel,James Ellroy,720,1704134,0307956997,rather long;historical fiction;mysteries & thrillers;seriously great writing;the dark side;for history lovers;realistic fiction;the states we’re in,2014
"Philip Larkin: Life, Art And Love",James Booth,544,2579553,1620407817,"staff picks;biography & memoir;short stories, essays & poetry;for art lovers;rather long;nonfiction",2014
Plenty More: Vibrant Vegetable Cooking From London's Ottolenghi,Yotam Ottolenghi,352,19084,1607746212,cookbooks & food;tales from around the world,2014
Poking A Dead Frog: Conversations With Today’s Top Comedy Writers,Mike Sacks,480,383091,0143123785,"staff picks;funny stuff;rather long;short stories, essays & poetry;no biz like show biz",2014
Prelude To Bruise,Saeed Jones,124,1093293,1566893747,"seriously great writing;short stories, essays & poetry;rather short;family matters;let’s talk about sex;identity & culture",2014
Pretty Deadly Volume 1,Kelly Sue DeConnick and Emma Ríos,120,138566,1607069628,comics & graphic novels;book club ideas;the dark side;rather short;for art lovers,2014
Quest,Aaron Becker,40,34203,0763665959,"kids’ books;sci fi, fantasy & speculative fiction",2014
Rat Queens Vol. 1: Sass And Sorcery,Kurtis J. Wiebe and Roc Upchurch,128,461548,1607069458,"comics & graphic novels;rather short;sci fi, fantasy & speculative fiction;staff picks;funny stuff",2014
Red Or Dead: A Novel,David Peace,736,3559033,1612193684,for history lovers;realistic fiction;tales from around the world;historical fiction;for sports lovers,2014
Redeployment,Phil Klay,304,931656,1594204993,"staff picks;realistic fiction;short stories, essays & poetry;tales from around the world;the dark side",2014
Rules Of Summer,Shaun Tan,48,155727,0545639123,"family matters;sci fi, fantasy & speculative fiction;kids’ books",2014
Sex Criminals Volume 1: One Weird Trick,Matt Fraction and Chip Zdarsky,128,905210,1607069466,"comics & graphic novels;let’s talk about sex;love & romance;mysteries & thrillers;funny stuff;sci fi, fantasy & speculative fiction",2014
Shoe Dog,Megan McDonald and Katherine Tillotson,40,3116407,1416979328,family matters;funny stuff;kids’ books,2014
Showa 1944-1953: A History Of Japan,Shigeru Mizuki,536,1147094,1770461620,comics & graphic novels;biography & memoir;for history lovers;tales from around the world,2014
Simple Thai Food: Classic Recipes From The Thai Home Kitchen,Leela Punyaratabandhu,236,71355,1607745232,cookbooks & food;tales from around the world,2014
Sisters,Raina Telgemeier,208,329635,0545540607,funny stuff;family matters;comics & graphic novels;kids’ books,2014
Soldier Girls: The Battles Of Three Women At Home And At War,Helen Thorpe,416,1503658,1451668104,nonfiction;eye-opening reads;the states we’re in,2014
Some Dead Genius,Lenny Kleinfeld,342,5292732,1496034368,the dark side;staff picks;for art lovers;funny stuff;mysteries & thrillers,2014
Some Luck: A Novel,Jane Smiley,416,462049,0307700313,book club ideas;staff picks;family matters;for history lovers;historical fiction;realistic fiction,2014
Station Eleven: A Novel,Emily St. John Mandel,352,105004,0385353308,"staff picks;for art lovers;sci fi, fantasy & speculative fiction;the dark side;no biz like show biz",2014
Stone Mattress: Nine Tales,Margaret Atwood,288,3666181,0385539126,"realistic fiction;sci fi, fantasy & speculative fiction;short stories, essays & poetry;book club ideas;funny stuff;seriously great writing;the dark side",2014
Strike!: The Farm Workers' Fight For Their Rights,Larry Dane Brimner,172,1906961,1590789970,for history lovers;kids’ books;nonfiction;eye-opening reads,2014
"Thank You, Octopus",Darren Farrell,,,,staff picks;kids’ books,2014
The Adventures Of Beekle: The Unimaginary Friend,Dan Santat,40,15068,0316199982,"sci fi, fantasy & speculative fiction;family matters;kids’ books",2014
The American Mission,Matthew Palmer,432,3577727,0399165703,staff picks;tales from around the world;the dark side;mysteries & thrillers;realistic fiction;love & romance,2014
The Apex Book Of World SF 3,Lavie Tidhar (editor),284,,1937009246,"tales from around the world;sci fi, fantasy & speculative fiction;short stories, essays & poetry",2014
The Ballad Of A Small Player: A Novel,Lawrence Osborne,272,252576,0804137978,staff picks;realistic fiction;tales from around the world;the dark side,2014
The Banh Mi Handbook: Recipes For Crazy-Delicious Vietnamese Sandwiches,Andrea Nguyen,132,166593,160774533X,cookbooks & food;tales from around the world,2014
The Bees: A Novel,Laline Paull,352,345429,0062331159,"seriously great writing;sci fi, fantasy & speculative fiction;book club ideas;eye-opening reads",2014
The Blazing World: A Novel,Siri Hustvedt,368,2061968,1476747237,book club ideas;for art lovers;seriously great writing;realistic fiction,2014
The Bone Clocks: A Novel,David Mitchell,640,604412,1400065674,"staff picks;seriously great writing;tales from around the world;rather long;sci fi, fantasy & speculative fiction;realistic fiction",2014
The Book Of Strange New Things: A Novel,Michel Faber,512,1096434,055341884X,"staff picks;sci fi, fantasy & speculative fiction;mysteries & thrillers;book club ideas;love & romance;the dark side;rather long",2014
The Book Of Unknown Americans: A Novel,Cristina Henríquez,304,984691,0385350848,family matters;book club ideas;tales from around the world;love & romance;the states we’re in;identity & culture,2014
The Broken Road: From The Iron Gates To Mount Athos,Patrick Leigh Fermor,392,1894097,1590177541,staff picks;biography & memoir;tales from around the world;nonfiction,2014
The Children Act,Ian McEwan,240,451777,0385539703,realistic fiction;seriously great writing;book club ideas;love & romance;eye-opening reads;family matters;the dark side,2014
The Complete Zap Comix Boxed Set,"R. Crumb, S. Clay Wilson, Gilbert Shelton, Spain Rodriguez, Robert Williams, Victor Moscoso, Paul Mavrides and Rick Griffin",920,10228211,1606997874,comics & graphic novels;rather long;for history lovers;funny stuff,2014
The Dead Lake,Hamid Ismailov,128,1894572,1908670142,tales from around the world;realistic fiction;rather short,2014
The Distance: A Thriller,Helen Giltrow,368,6299323,0385536992,mysteries & thrillers;the dark side,2014
The Divide: American Injustice In The Age Of The Wealth Gap,Matt Taibbi,,,,staff picks;nonfiction;eye-opening reads;the states we’re in,2014
The Empathy Exams: Essays,Leslie Jamison,256,145508,1555976719,"staff picks;short stories, essays & poetry;seriously great writing",2014
"The Empire Of Necessity: Slavery, Freedom, And Deception In The New World",Greg Grandin,384,968224,0805094539,for history lovers;eye-opening reads;nonfiction,2014
The End Of The Sentence,Maria Dahvana Headley and Kat Howard,176,5788417,1596066792,"sci fi, fantasy & speculative fiction;the dark side;rather short;mysteries & thrillers",2014
The Farm,Tom Rob Smith,368,1682256,0446550736,staff picks;book club ideas;the dark side;family matters;family matters;mysteries & thrillers;realistic fiction;tales from around the world,2014
The Farmer And The Clown,Marla Frazee,32,777718,1442497440,family matters;kids’ books,2014
The Fever: A Novel,Megan Abbott,320,3606053,0316231053,staff picks;the dark side;mysteries & thrillers;realistic fiction,2014
The Girl Next Door: A Novel,Ruth Rendell,272,700000,1476784329,staff picks;the dark side;tales from around the world;for history lovers;historical fiction;mysteries & thrillers;realistic fiction,2014
The Girl Who Saved The King Of Sweden: A Novel,"Jonas Jonasson, translated by Rachel Willson-Broyles",,,,staff picks;tales from around the world;funny stuff,2014
The Girls At The Kingfisher Club: A Novel,Genevieve Valentine,288,3371120,1476739080,historical fiction;seriously great writing;family matters;love & romance;historical fiction;for music lovers,2014
The Good Spy: The Life And Death Of Robert Ames,Kai Bird,448,642326,0307889750,biography & memoir;staff picks;eye-opening reads;for history lovers;tales from around the world;nonfiction,2014
"The Haight: Love, Rock, And Revolution",Jim Marshall and Joel Selvin,304,1505534,1608873633,for art lovers;for history lovers;staff picks;for music lovers;nonfiction,2014
The Hawley Book Of The Dead: A Novel,Chrysler Szarlan,352,4389888,0345545028,"staff picks;family matters;sci fi, fantasy & speculative fiction;the dark side;mysteries & thrillers",2014
The Hilltop: A Novel,"Assaf Gavron, translated by Steven Cohen",464,2977135,1476760438,staff picks;book club ideas;eye-opening reads;rather long;tales from around the world;realistic fiction,2014
The History Of Rock 'N' Roll In Ten Songs,Greil Marcus,320,483065,0300187378,staff picks;for music lovers;for history lovers;nonfiction,2014
The Homesick Texan's Family Table: Lone Star Cooking From My Kitchen To Yours,Lisa Fain,288,108827,1607745046,cookbooks & food;staff picks,2014
The Inheritance Trilogy,N.K. Jemisin,1472,435473,0316334006,"staff picks;sci fi, fantasy & speculative fiction;rather long;seriously great writing;family matters",2014
The Invisible Bridge: The Fall Of Nixon And The Rise Of Reagan,Rick Perlstein,880,1161621,1476782415,rather long;for history lovers;seriously great writing;the states we’re in;nonfiction,2014
The King's Curse,Philippa Gregory,624,590834,1451626118,staff picks;realistic fiction;historical fiction;book club ideas;family matters;the dark side;rather long;for history lovers,2014
The Last Illusion: A Novel,Porochista Khakpour,336,3516237,1620403048,"sci fi, fantasy & speculative fiction;book club ideas;tales from around the world;the dark side",2014
"The Loudest Voice In The Room: How The Brilliant, Bombastic Roger Ailes Built Fox News --- And Divided A Country",Gabriel Sherman,560,360252,0812992857,staff picks;rather long;biography & memoir;nonfiction;no biz like show biz;the states we’re in,2014
The Man With The Compound Eyes: A Novel,Wu Ming-Yi,304,2776085,0307907961,"seriously great writing;tales from around the world;sci fi, fantasy & speculative fiction;the dark side",2014
The Map Thief: The Gripping Story Of An Esteemed Rare-Map Dealer Who Made Millions Stealing Priceless Maps,Michael Blanding,320,1237732,1592408176,biography & memoir;eye-opening reads;for art lovers;for history lovers;staff picks,2014
The Martian: A Novel,Andy Weir,387,929,0553418025,"sci fi, fantasy & speculative fiction;it’s all geek to me;science!",2014
The Memory Garden,Mary Rickert,304,616427,1402297122,"sci fi, fantasy & speculative fiction;family matters;book club ideas",2014
The Misadventures Of The Family Fletcher,Dana Alison Levy,272,2360108,0385376529,family matters;funny stuff;kids’ books;identity & culture,2014
The Moor's Account: A Novel,Laila Lalami,336,1702932,0307911667,historical fiction;book club ideas;tales from around the world;for history lovers;the states we’re in;identity & culture,2014
The Narrow Road To The Deep North: A Novel,Richard Flanagan,352,106009,0385352859,staff picks;historical fiction;realistic fiction;for history lovers;tales from around the world;the dark side;family matters,2014
The New Greenmarket Cookbook: Recipes And Tips From Today’s Finest Chefs — And The Stories Behind The Farms That Inspire Them,Gabrielle Langholtz,256,2131391,0738216895,cookbooks & food,2014
The Night Gardener,Jonathan Auxier,,,,"sci fi, fantasy & speculative fiction;family matters;kids’ books",2014
"The Noble Hustle: Poker, Beef Jerky, And Death",Colson Whitehead,256,855695,0385537050,staff picks;biography & memoir;eye-opening reads;it’s all geek to me;seriously great writing;funny stuff;nonfiction,2014
The Odd One Out,Britta Teckentrup,32,1363977,0763671274,staff picks;kids’ books,2014
The Paying Guests,Sarah Waters,576,1078533,1594633118,rather long;book club ideas;family matters;for history lovers;let’s talk about sex;love & romance;realistic fiction;historical fiction;staff picks,2014
The People's Platform: Taking Back Power And Culture In The Digital Age,Astra Taylor,288,3895570,0805093567,staff picks;eye-opening reads;it’s all geek to me;nonfiction;identity & culture,2014
The Peripheral: A Novel,William Gibson,496,503127,0399158448,"sci fi, fantasy & speculative fiction;seriously great writing;mysteries & thrillers",2014
The Ploughmen: A Novel,Kim Zupan,272,1820317,0805099514,mysteries & thrillers;the dark side;realistic fiction,2014
The Republic Of Imagination: America In Three Books,Azar Nafisi,352,1130275,0670026069,staff picks;for art lovers;the states we’re in;nonfiction,2014
The Rise & Fall Of Great Powers: A Novel,Tom Rachman,400,3091495,0679643656,staff picks;book club ideas;tales from around the world;realistic fiction,2014
The Seasons Of Trouble: Life Amid The Ruins Of Sri Lanka's Civil War,Rohini Mohan,368,1932836,1781686009,staff picks;book club ideas;eye-opening reads;tales from around the world;family matters;nonfiction,2014
The Secret History Of Wonder Woman,Jill Lepore,432,431512,0385354045,comics & graphic novels;eye-opening reads;book club ideas;family matters;let’s talk about sex;biography & memoir;nonfiction,2014
The Secret Place: A Novel,Tana French,452,257271,0670026328,mysteries & thrillers;rather long;realistic fiction;tales from around the world;the dark side,2014
The Shadow Hero,Gene Luen Yang and Sonny Liew,176,410563,1596436972,"comics & graphic novels;sci fi, fantasy & speculative fiction;rather short;funny stuff",2014
The Short And Tragic Life Of Robert Peace: A Brilliant Young Man Who Left Newark For The Ivy League,Jeff Hobbs,416,394691,147673190X,staff picks;biography & memoir;nonfiction;eye-opening reads;identity & culture,2014
The Silkworm,Robert Galbraith,455,76681,0316206873,mysteries & thrillers;seriously great writing;the dark side;rather long,2014
The Sixth Extinction: An Unnatural History,Elizabeth Kolbert,336,439947,0805092994,staff picks;eye-opening reads;for history lovers;it’s all geek to me;nonfiction;the dark side;tales from around the world;science!,2014
The Slanted Door: Modern Vietnamese Food,Charles Phan,288,414809,1607740540,cookbooks & food;tales from around the world;staff picks,2014
"The Soda Fountain: Floats, Sundaes, Egg Creams & More — Stories And Flavors Of An American Original",Gia Giasullo and Peter Freeman,224,1109796,1607744848,cookbooks & food;for history lovers;the states we’re in,2014
The Splendid Things We Planned: A Family Portrait,Blake Bailey,272,3294466,0393239578,biography & memoir;family matters;seriously great writing;the dark side,2014
The Three-Body Problem,Cixin Liu,400,12450,0765377063,"sci fi, fantasy & speculative fiction;science!;tales from around the world",2014
The Tropic Of Serpents: A Memoir By Lady Trent,Marie Brennan,336,1790873,0765331977,"sci fi, fantasy & speculative fiction;science!;it’s all geek to me",2014
The True American: Murder And Mercy In Texas,Anand Giridharadas,336,1920888,0393239500,staff picks;eye-opening reads;nonfiction;the dark side;the states we’re in,2014
The UnAmericans: Stories,Molly Antopol,272,2557944,0393241130,"realistic fiction;short stories, essays & poetry;historical fiction;family matters;for history lovers;seriously great writing;tales from around the world",2014
The Universal Tone: Bringing My Story To Light,Carlos Santana,544,423698,0316244929,staff picks;rather long;for music lovers;biography & memoir;nonfiction,2014
The Usagi Yojimbo Saga Volume 1,Stan Sakai,616,,1616556714,"comics & graphic novels;for history lovers;rather long;tales from around the world;sci fi, fantasy & speculative fiction;historical fiction",2014
The Witch: And Other Tales Re-Told,Jean Thompson,272,4739672,0399170588,"short stories, essays & poetry;family matters;seriously great writing;the dark side",2014
The Wrenchies,Farel Dalrymple,,,,"comics & graphic novels;sci fi, fantasy & speculative fiction;the dark side;young adult",2014
The Year She Left Us: A Novel,Kathryn Ma,336,7026141,0062273345,family matters;book club ideas;realistic fiction;identity & culture,2014
The Zone Of Interest: A Novel,Martin Amis,320,1159124,0385353499,staff picks;book club ideas;for history lovers;the dark side;historical fiction;realistic fiction;tales from around the world,2014
Things I've Learned From Dying: A Book About Life,David R. Dow,288,275882,1455575240,biography & memoir;eye-opening reads;family matters;nonfiction;the dark side;seriously great writing;book club ideas,2014
"Thirteen Days In September: Carter, Begin, And Sadat At Camp David",Lawrence Wright,368,1012464,0385352034,staff picks;book club ideas;eye-opening reads;for history lovers;nonfiction,2014
Those Who Leave And Those Who Stay,"Elena Ferrante, translated by Ann Goldstein",,,,staff picks;seriously great writing;tales from around the world;realistic fiction,2014
Three Minutes In Poland: Discovering A Lost World In A 1938 Family Film,Glenn Kurtz,432,1481934,0374276773,staff picks;biography & memoir;eye-opening reads;nonfiction;for history lovers;family matters;tales from around the world;identity & culture,2014
Through The Woods,Emily Carroll,208,535463,1442465956,"comics & graphic novels;the dark side;short stories, essays & poetry;rather short;for art lovers",2014
Thrown,Kerry Howley,288,466500,1936747928,biography & memoir;eye-opening reads;funny stuff;it’s all geek to me;for sports lovers,2014
Tigerman: A Novel,Nick Harkaway,352,1919988,0385352417,seriously great writing;family matters;book club ideas;tales from around the world;realistic fiction;mysteries & thrillers,2014
"Tinseltown: Murder, Morphine, And Madness At The Dawn of Hollywood",William J. Mann,480,419074,0062242164,no biz like show biz;for history lovers;staff picks;for art lovers;rather long;the dark side;nonfiction,2014
To Rise Again At A Decent Hour: A Novel,Joshua Ferris,337,3043008,0316033979,funny stuff;seriously great writing;book club ideas;realistic fiction,2014
Unexpected Stories,Octavia E. Butler,,,,"short stories, essays & poetry;sci fi, fantasy & speculative fiction",2014
Us Conductors: A Novel,Sean Michaels,464,3552577,1935639811,staff picks;for history lovers;love & romance;seriously great writing;for music lovers;rather long;realistic fiction;historical fiction,2014
Valour And Vanity,Mary Robinette Kowal,416,2157268,076533416X,"love & romance;for history lovers;sci fi, fantasy & speculative fiction;historical fiction",2014
Virgil Thomson: Music Chronicles 1940-1954,Virgil Thomson and Tim Page (editor),1200,2749717,1598533096,staff picks;for art lovers;for music lovers;nonfiction;seriously great writing;rather long,2014
Viva Frida,Yuyi Morales and Tim O'Meara,40,582158,1596436034,biography & memoir;for art lovers;kids’ books;tales from around the world;nonfiction,2014
Walt Before Skeezix,Frank King,720,2726358,1770461418,comics & graphic novels;for art lovers;for history lovers;rather long,2014
We Were Liars,E. Lockhart,,,,mysteries & thrillers;the dark side;family matters;young adult,2014
Whiskey Tango Foxtrot,David Shafer,432,2202069,0316252638,"book club ideas;it’s all geek to me;mysteries & thrillers;funny stuff;sci fi, fantasy & speculative fiction",2014
With My Dog-Eyes: A Novel,Hilda Hilst,96,3823430,1612193455,seriously great writing;rather short;tales from around the world;the dark side,2014
Wolf In White Van: A Novel,John Darnielle,224,994099,0374292086,staff picks;seriously great writing;the dark side;it’s all geek to me;realistic fiction;for music lovers,2014
Wonderland: A Novel,Stacey D'Erasmo,256,1924357,0544074815,seriously great writing;for music lovers;realistic fiction,2014
Words Will Break Cement: The Passion Of Pussy Riot,Masha Gessen,308,1428237,1594632197,for art lovers;eye-opening reads;tales from around the world;staff picks;nonfiction;for music lovers,2014
World Spice At Home: New Flavors For 75 Favorite Dishes,Amanda Bevill and Julie Kramis Hearne,240,1427877,1570619077,cookbooks & food;tales from around the world,2014
You Are (Not) Small,Anna Kang and Christopher Weyant,32,54048,1477847723,funny stuff;kids’ books,2014
Your Illustrated Guide To Becoming One With The Universe,Yumi Sakugawa,160,203934,1440582637,staff picks;comics & graphic novels;science!;eye-opening reads,2014
A Bird In The Hand: Chicken Recipes For Every Day And Every Mood,Diana Henry,224,131659,178472002X,cookbooks & food,2015
A God In Ruins: A Novel,Kate Atkinson,480,1092359,0316176532,book club ideas;family matters;for history lovers;rather long;tales from around the world;the dark side;staff picks,2015
A Head Full Of Ghosts: A Novel,Paul Tremblay,304,767827,0062363239,"sci fi, fantasy & speculative fiction;the dark side;family matters",2015
A History Of Money: A Novel,"Alan Pauls, translated by Ellie Robins",208,11369285,1612194230,realistic fiction;historical fiction;tales from around the world;rather short,2015
"A Kim Jong-Il Production: The Extraordinary True Story Of A Kidnapped Filmmaker, His Star Actress, And A Young Dictator's Rise To Power",Paul Fischer,383,1339285,1250054273,staff picks;eye-opening reads;mysteries & thrillers;for history lovers;nonfiction;tales from around the world;no biz like show biz,2015
A Little Life: A Novel,Hanya Yanagihara,720,10540,0385539258,book club ideas;rather long;seriously great writing;the dark side;staff picks;realistic fiction,2015
A Manual For Cleaning Women: Selected Stories,Lucia Berlin,432,406718,0374202397,"short stories, essays & poetry;seriously great writing;book club ideas;realistic fiction;staff picks",2015
A Planet For Rent,"Yoss, translated by David Frye",272,1564678,1632060361,"sci fi, fantasy & speculative fiction;tales from around the world;book club ideas",2015
A Spool Of Blue Thread: A Novel,Anne Tyler,368,361804,1101874279,staff picks;book club ideas;family matters;realistic fiction,2015
A Strangeness In My Mind: A Novel,"Orhan Pamuk, translated by Ekin Oklap",624,1126959,0307700291,staff picks;historical fiction;love & romance;rather long;realistic fiction;seriously great writing;tales from around the world,2015
A Tour Of Bones: Facing Fear And Looking For Life,Denise Inge,224,2475191,1472913078,biography & memoir;book club ideas;the dark side;eye-opening reads;staff picks;tales from around the world;nonfiction,2015
A Wild Swan: And Other Tales,Michael Cunningham,144,2235321,0374290253,"sci fi, fantasy & speculative fiction;seriously great writing;short stories, essays & poetry;the dark side",2015
Accidental Saints: Finding God In All The Wrong People,Nadia Bolz-Weber,224,387198,1601427557,biography & memoir;eye-opening reads;funny stuff;staff picks;nonfiction;identity & culture;book club ideas,2015
After Birth,Elisa Albert,208,3068851,0544273737,book club ideas;eye-opening reads;family matters;realistic fiction;staff picks,2015
After The Parade: A Novel,Lori Ostlund,352,2426983,1476790108,seriously great writing;family matters;realistic fiction,2015
Against The Country: A Novel,Ben Metcalf,336,692472,1400062691,eye-opening reads;realistic fiction;seriously great writing;family matters;the states we’re in,2015
All The Bright Places,Jennifer Niven,400,57571,0385755880,book club ideas;family matters;love & romance;realistic fiction;young adult,2015
All The Old Knives: A Novel,Olen Steinhauer,336,3445243,1250045436,mysteries & thrillers,2015
Among The Wild Mulattos And Other Tales,Tom Williams,192,3490696,1680030183,"funny stuff;short stories, essays & poetry;seriously great writing;family matters;identity & culture",2015
Ancillary Mercy,Ann Leckie,368,1064474,0316246689,"sci fi, fantasy & speculative fiction",2015
Andy Goldsworthy: Ephemeral Works: 2004-2014,Andy Goldsworthy,368,1732011,1419717790,for art lovers;staff picks,2015
At Home With Umami: Home-Cooked Recipes Unlocking The Magic Of Super-Savory Deliciousness,Laura Santtini,176,847259,1849756678,cookbooks & food,2015
Baklava To Tarte Tatin: A World Tour In 110 Dessert Recipes,"Bernard Laurance, photographed by Amélie Roche",288,2988183,2080202154,cookbooks & food;tales from around the world,2015
Barbara The Slut And Other People,Lauren Holmes,272,1961950,1594633789,"short stories, essays & poetry;realistic fiction",2015
Bettyville: A Memoir,George Hodgman,288,1365214,0525427201,biography & memoir;book club ideas;family matters;staff picks;nonfiction;identity & culture,2015
Between The World And Me,Ta-Nehisi Coates,176,3945,0812993543,biography & memoir;eye-opening reads;family matters;rather short;nonfiction;seriously great writing;staff picks;identity & culture;book club ideas,2015
Between You & Me: Confessions Of A Comma Queen,Mary Norris,240,621165,0393240185,funny stuff;biography & memoir;it’s all geek to me;nonfiction,2015
Binary Star,Sarah Gerard,172,1442778,1937512258,the dark side;eye-opening reads;seriously great writing;rather short,2015
Bitch Planet Vol. 1: Extraordinary Machine,"Kelly Sue DeConnick, illustrated by Valentine De Landro",136,840246,1632153661,"comics & graphic novels;the dark side;sci fi, fantasy & speculative fiction;book club ideas",2015
Black Chalk,Christopher J. Yates,354,25809,1250075556,mysteries & thrillers;the dark side;tales from around the world;realistic fiction,2015
Blackout: Remembering The Things I Drank To Forget,Sarah Hepola,240,578020,1455554596,biography & memoir;eye-opening reads;let’s talk about sex;the dark side;staff picks;nonfiction,2015
Book Of Numbers: A Novel,Joshua Cohen,592,940061,0812996917,staff picks;it’s all geek to me;rather long;realistic fiction;funny stuff;seriously great writing,2015
Carry On,Rainbow Rowell,528,1221108,1250049555,"love & romance;rather long;sci fi, fantasy & speculative fiction;young adult;it’s all geek to me",2015
Chinatown Kitchen From Noodles To Nuoc Cham: Delicious Dishes From Southeast Asian Ingredients,Lizzie Mabbott,224,5676193,1784720313,cookbooks & food;tales from around the world,2015
Circling The Sun: A Novel,Paula McLain,384,357514,0345534182,historical fiction;tales from around the world;book club ideas;realistic fiction,2015
City On Fire: A Novel,Garth Risk Hallberg,944,1363167,0385353774,staff picks;book club ideas;family matters;historical fiction;rather long;seriously great writing;realistic fiction,2015
Cookie Love: More Than 60 Recipes And Techniques For Turning The Ordinary Into The Extraordinary,Mindy Segal and Kate Leahy,296,626462,1607746816,cookbooks & food,2015
Cooking Class: 57 Fun Recipes Kids Will Love To Make (And Eat!),Deanna F. Cook,144,69852,1612124003,cookbooks & food;family matters;kids’ books,2015
"Cries for Help, Various: Stories",Padgett Powell,200,3607021,1936787318,"funny stuff;short stories, essays & poetry;seriously great writing;staff picks",2015
Death And Mr. Pickwick: A Novel,Stephen Jarvis,816,3609584,0374139660,historical fiction;eye-opening reads;rather long;realistic fiction,2015
Deep Dark Fears,Fran Krause,144,822247,1607748150,comics & graphic novels;the dark side;funny stuff;staff picks,2015
Delicious Foods: A Novel,James Hannaham,384,4133436,0316284947,staff picks;family matters;realistic fiction;the dark side,2015
Descender Volume 1: Tin Stars,"Jeff Lemire, coauthored and illustrated by Dustin Nguyen",160,251357,1632154269,"comics & graphic novels;sci fi, fantasy & speculative fiction;staff picks",2015
Descent: A Novel,Tim Johnston,384,1793670,1616203048,staff picks;family matters;mysteries & thrillers;realistic fiction;the dark side,2015
Destiny And Power: The American Odyssey Of George Herbert Walker Bush,Jon Meacham,864,75328,1400067650,staff picks;biography & memoir;eye-opening reads;for history lovers;rather long;nonfiction;the states we’re in,2015
Did You Ever Have a Family,Bill Clegg,304,1101697,1476798176,book club ideas;family matters;realistic fiction;the dark side;seriously great writing,2015
"Don’t Suck, Don’t Die: Giving Up Vic Chesnutt",Kristin Hersh,200,2743143,0292759479,biography & memoir;for music lovers;rather short;seriously great writing;the dark side;nonfiction;no biz like show biz,2015
"Drawn & Quarterly: 25 Years Of Contemporary Cartooning, Comics And Graphic Novels",edited by Tom Devlin,776,2330100,177046199X,comics & graphic novels;rather long;for art lovers,2015
"Dylan Goes Electric! Newport, Seeger, Dylan, And The Night That Split The Sixties",Elijah Wald,368,1103778,0062366688,for music lovers;for history lovers;nonfiction;staff picks,2015
Echo,Pam Muñoz Ryan,592,13573,0439874025,kids’ books;family matters;for music lovers;historical fiction;seriously great writing,2015
Ellie,Mike Wu,40,1084246,1484712390,kids’ books;for art lovers,2015
"Elon Musk: Tesla, SpaceX, And The Quest For A Fantastic Future",Ashlee Vance,400,251744,0062301233,staff picks;biography & memoir;nonfiction;it’s all geek to me;book club ideas;science!,2015
Epitaph: A Novel Of The O.K. Corral,Mary Doria Russell,592,1424861,0062198769,rather long;historical fiction;realistic fiction;the states we’re in,2015
Fake Fruit Factory,Patrick Wensick,350,,1940430569,"sci fi, fantasy & speculative fiction;funny stuff",2015
Fates And Furies: A Novel,Lauren Groff,400,588384,1594634475,staff picks;book club ideas;family matters;realistic fiction;love & romance;seriously great writing;the dark side,2015
Fatherland: A Family History,Nina Bunjevac,160,287603,1631490311,staff picks;biography & memoir;comics & graphic novels;family matters;rather short;nonfiction;the dark side;tales from around the world;identity & culture,2015
Fever Pitch,Heidi Cullinan,306,,1619226189,family matters;love & romance;for music lovers;let’s talk about sex;identity & culture,2015
Fig,Sarah Elizabeth Schantz,352,2156176,1481423584,family matters;realistic fiction;young adult;book club ideas,2015
Find Me: A Novel,Laura van den Berg,288,4581396,0374154716,"sci fi, fantasy & speculative fiction;the dark side",2015
Fortune Smiles: Stories,Adam Johnson,320,414131,0812997476,"short stories, essays & poetry;tales from around the world;seriously great writing;realistic fiction",2015
Freedom's Child: A Novel,Jax Miller,320,4652427,0804186804,mysteries & thrillers;family matters,2015
Freeman's: Arrival: The Best New Writing On Arrival,edited by John Freeman,304,714695,0802124410,"short stories, essays & poetry;tales from around the world;nonfiction",2015
Funny Girl,Nick Hornby,464,2306546,1594205418,staff picks;book club ideas;historical fiction;realistic fiction;tales from around the world,2015
Future Perfect,Jen Larsen,320,6741721,0062321234,young adult;family matters;book club ideas;realistic fiction,2015
George,Alex Gino,,,1407158279,family matters;kids’ books;realistic fiction;identity & culture,2015
Get In Trouble: Stories,Kelly Link,352,1439466,0804179689,"staff picks;short stories, essays & poetry;sci fi, fantasy & speculative fiction;seriously great writing",2015
Girl In The Dark: A Memoir,Anna Lyndsey,272,5027717,0385539606,staff picks;seriously great writing;biography & memoir;eye-opening reads;nonfiction;book club ideas,2015
Girl Waits With Gun,Amy Stewart,448,1474966,0544409914,staff picks;family matters;historical fiction;realistic fiction,2015
Give Us The Ballot: The Modern Struggle For Voting Rights In America,Ari Berman,384,1419312,0374158274,for history lovers;eye-opening reads;nonfiction;staff picks;identity & culture;the states we’re in,2015
Gold Fame Citrus: A Novel,Claire Vaye Watkins,352,2427996,1594634238,"sci fi, fantasy & speculative fiction;seriously great writing;the dark side;book club ideas",2015
Golden Age: A Novel,Jane Smiley,464,2072391,0307700348,rather long;family matters;realistic fiction;book club ideas;the states we’re in,2015
Golden Son: Book II Of The Red Rising Trilogy,Pierce Brown,464,1811,0345539834,"sci fi, fantasy & speculative fiction;the dark side;rather long",2015
Goodbye Stranger,Rebecca Stead,304,1180771,0385743173,funny stuff;kids’ books;love & romance;staff picks,2015
Gutshot: Stories,Amelia Gray,224,820187,0374175446,"short stories, essays & poetry;sci fi, fantasy & speculative fiction;funny stuff",2015
H Is For Hawk,Helen Macdonald,288,365726,0802123414,staff picks;biography & memoir;nonfiction;seriously great writing;tales from around the world;book club ideas,2015
Habitat: The Field Guide To Decorating,Lauren Liess,272,48856,1419717855,staff picks;for art lovers;nonfiction;it’s all geek to me,2015
Half An Inch Of Water: Stories,Percival Everett,88,281834,1555977197,"book club ideas;short stories, essays & poetry;realistic fiction;staff picks;the states we’re in",2015
Hand Drawn Jokes For Smart Attractive People,Matthew Diffee,256,678515,1476748748,comics & graphic novels;funny stuff;staff picks,2015
Hannu Rajaniemi: Collected Fiction,Hannu Rajaniemi,240,3431942,1616961929,"seriously great writing;sci fi, fantasy & speculative fiction;short stories, essays & poetry;tales from around the world",2015
Heaven: Poems,Rowan Ricardo Phillips,80,3853233,0374168520,"staff picks;short stories, essays & poetry;seriously great writing;the dark side",2015
Hip Hop Family Tree Book 3: 1983-1984 (Vol. 3),Ed Piskor,112,1765651,160699848X,comics & graphic novels;for history lovers;for music lovers;for art lovers;nonfiction;identity & culture;it’s all geek to me;no biz like show biz,2015
Hold Still: A Memoir With Photographs,Sally Mann,496,502017,0316247766,biography & memoir;book club ideas;family matters;for art lovers;rather long;staff picks;for history lovers;nonfiction,2015
Home,Carson Ellis,40,31494,0763665290,family matters;kids’ books;for art lovers,2015
Honeydew: Stories,Edith Pearlman,305,961939,0316297232,"short stories, essays & poetry;family matters;seriously great writing;realistic fiction",2015
Hotels of North America,Rick Moody,208,1172095,0316178551,rather short;realistic fiction,2015
Hunger Makes Me A Modern Girl: A Memoir,Carrie Brownstein,256,565200,1594486638,for music lovers;biography & memoir;seriously great writing;family matters;book club ideas;nonfiction,2015
I Know How She Does It: How Successful Women Make The Most Of Their Time,Laura Vanderkam,304,357238,159184732X,eye-opening reads;family matters;nonfiction;staff picks;book club ideas,2015
If You Only Knew,Kristan Higgins,411,172361,037378497X,family matters;love & romance;book club ideas;realistic fiction,2015
"In A Dark, Dark Wood",Ruth Ware,320,567891,1501112317,staff picks;mysteries & thrillers;tales from around the world;the dark side,2015
In The Country: Stories,Mia Alvar,368,1729207,0385352816,"short stories, essays & poetry;book club ideas;realistic fiction;tales from around the world",2015
Indian Harvest: Classic And Contemporary Vegetarian Dishes,Vikas Khanna,416,1466761,163286200X,cookbooks & food;tales from around the world,2015
"Innocence; Or, Murder On Steep Street","Heda Margolius Kovály, translated by Alex Zucker",256,4065494,1616954965,mysteries & thrillers;tales from around the world;historical fiction,2015
Interstellar Cinderella,"Deborah Underwood, illustrated and co-authored by Meg Hunt",40,109909,1452125325,"kids’ books;funny stuff;it’s all geek to me;sci fi, fantasy & speculative fiction",2015
Intimacy Idiot,Isaac Oliver,288,2945758,1476746664,"biography & memoir;funny stuff;let’s talk about sex;short stories, essays & poetry;staff picks;nonfiction",2015
It's What I Do: A Photographer's Life Of Love And War,Lynsey Addario,368,373779,159420537X,biography & memoir;tales from around the world;eye-opening reads;for art lovers;staff picks;nonfiction,2015
Joan Of Arc: A History,Helen Castor,352,338328,0062384392,biography & memoir;eye-opening reads;for history lovers;tales from around the world;staff picks;nonfiction,2015
Katrina: After The Flood,Gary Rivlin,480,2004034,1451692226,rather long;nonfiction;for history lovers;staff picks;the states we’re in,2015
Killing And Dying,Adrian Tomine,128,1045974,1770462090,comics & graphic novels;family matters;the dark side;staff picks,2015
Kitchen Hacks: How Clever Cooks Get Things Done,America's Test Kitchen,368,136408,1940352002,cookbooks & food;eye-opening reads;it’s all geek to me,2015
Kitchens Of The Great Midwest: A Novel,J. Ryan Stradal,320,751709,052542914X,book club ideas;cookbooks & food;family matters;staff picks,2015
Lafayette In The Somewhat United States,Sarah Vowell,288,1314943,1594631743,biography & memoir;for history lovers;funny stuff;nonfiction;staff picks;the states we’re in,2015
Last Stop On Market Street,"Matt de la Peña, illustrated by Christian Robinson",32,5159,0399257748,kids’ books;family matters;staff picks,2015
Leaving Berlin: A Novel,Joseph Kanon,384,1459929,1476704643,mysteries & thrillers;tales from around the world;historical fiction,2015
"Let Me Tell You: New Stories, Essays, And Other Writings",Shirley Jackson,448,846994,0812997662,"seriously great writing;short stories, essays & poetry;funny stuff;sci fi, fantasy & speculative fiction;realistic fiction",2015
"Letter To A Future Lover: Marginalia, Errata, Secrets, Inscriptions, And Other Ephemera Found In Libraries",Ander Monson,160,2768085,1555977065,seriously great writing;rather short;nonfiction;for art lovers;rather short,2015
"Listen, Slowly",Thanhhà Lại,272,1471547,0062229184,family matters;kids’ books;funny stuff;tales from around the world;staff picks;identity & culture,2015
Loving Day: A Novel,Mat Johnson,304,2372455,0812993454,staff picks;book club ideas;family matters;love & romance;realistic fiction;identity & culture;funny stuff;the states we’re in,2015
Lucky Peach Presents 101 Easy Asian Recipes,Peter Meehan,272,186786,0804187797,staff picks;cookbooks & food,2015
Lungdon: Book Three (The Iremonger Trilogy),Edward Carey,512,3461608,1468309552,"historical fiction;sci fi, fantasy & speculative fiction;seriously great writing;the dark side;young adult;rather long",2015
M Train,Patti Smith,272,758160,1101875100,biography & memoir;for music lovers;seriously great writing;nonfiction,2015
Mamushka: Recipes From Ukraine And Eastern Europe,Olia Hercules,240,63289,1616289619,staff picks;cookbooks & food;tales from around the world;family matters,2015
March: Book Two,"John Lewis, Andrew Aydin, illustrated by Nate Powell",192,74078,1603094008,comics & graphic novels;biography & memoir;for history lovers;eye-opening reads;nonfiction;identity & culture;book club ideas;the states we’re in,2015
Marilyn's Monster,"Michelle Knudsen, illustrated by Matt Phelan",40,3884042,0763660116,"staff picks;kids’ books;sci fi, fantasy & speculative fiction",2015
Mezze: Small Plates To Share,Ghillie Başan,160,3538874,1849756511,cookbooks & food;tales from around the world,2015
Midnight's Furies: The Deadly Legacy Of India's Partition,Nisid Hajari,352,1536754,0547669216,staff picks;eye-opening reads;for history lovers;nonfiction;tales from around the world;the dark side;identity & culture,2015
Mosquitoland,David Arnold,352,1073421,045147077X,family matters;realistic fiction;young adult,2015
"Mothers, Tell Your Daughters: Stories",Bonnie Jo Campbell,272,3148668,0393248453,"short stories, essays & poetry;family matters;book club ideas;seriously great writing;realistic fiction",2015
My Documents,"Alejandro Zambra, translated by Megan McDowell",200,2822423,1940450527,"short stories, essays & poetry;seriously great writing;tales from around the world;family matters;realistic fiction",2015
My Feelings: Poems,Nick Flynn,96,3287353,1555977103,"staff picks;family matters;short stories, essays & poetry;seriously great writing;the dark side",2015
My Kitchen Year: 136 Recipes That Saved My Life,Ruth Reichl,352,77497,140006998X,cookbooks & food;biography & memoir;nonfiction,2015
My Sunshine Away,M.O. Walsh,320,2609361,0399169520,staff picks;mysteries & thrillers;realistic fiction;the dark side,2015
Nein. A Manifesto,Eric Jarosinksi,172,2540921,0802124372,rather short;funny stuff;nonfiction;it’s all geek to me,2015
NeuroTribes: The Legacy Of Autism And The Future Of Neurodiversity,Steve Silberman,544,372937,158333467X,staff picks;book club ideas;eye-opening reads;rather long;nonfiction;for history lovers;science!,2015
Nimona,Noelle Stevenson,272,85932,0062278231,"staff picks;comics & graphic novels;young adult;sci fi, fantasy & speculative fiction",2015
"Not On Fire, But Burning: A Novel",Greg Hrbek,272,10478814,1612194532,"sci fi, fantasy & speculative fiction;family matters;the dark side",2015
Notes On The Assemblage,Juan Felipe Herrera,104,2974792,0872866971,"staff picks;short stories, essays & poetry",2015
Of Noble Family,Mary Robinette Kowal,576,3065036,0765378361,"historical fiction;love & romance;sci fi, fantasy & speculative fiction",2015
On The Move: A Life,Oliver Sacks,416,666214,0385352549,biography & memoir;eye-opening reads;nonfiction;seriously great writing;staff picks;identity & culture;science!,2015
One Of Us: The Story Of Anders Breivik And The Massacre In Norway,"Asne Seierstad, translated by Sarah Death",544,981244,0374277893,eye-opening reads;rather long;the dark side;nonfiction;book club ideas,2015
Only The Strong,Jabari Asim,288,5755523,1932841946,historical fiction;book club ideas;realistic fiction;identity & culture,2015
Ordinary Light: A Memoir,Tracy K. Smith,368,596155,0307962660,staff picks;biography & memoir;book club ideas;family matters;seriously great writing;nonfiction,2015
Orient: A Novel,Christopher Bollen,624,1462004,0062329952,mysteries & thrillers;rather long,2015
Outline: A Novel,Rachel Cusk,256,552902,0374228345,staff picks;book club ideas;realistic fiction;seriously great writing,2015
Palace Of Treason: A Novel,Jason Matthews,480,1146831,1476793743,staff picks;love & romance;mysteries & thrillers;tales from around the world;the dark side,2015
Phoenix Claws And Jade Trees: Essential Techniques Of Authentic Chinese Cooking,"Kian Lam Kho, photographed by Jody Horton",368,1142411,0385344686,cookbooks & food;tales from around the world,2015
Playlist For The Dead,Michelle Falkoff,288,2306185,006231050X,young adult;for music lovers;realistic fiction,2015
Pool,Jihyeon Lee,56,1421408,1452142947,"kids’ books;sci fi, fantasy & speculative fiction;staff picks",2015
Poorly Drawn Lines: Good Ideas And Amazing Stories,Reza Farazmand,208,335977,0147515424,comics & graphic novels;the dark side;funny stuff;staff picks,2015
Purity: A Novel,Jonathan Franzen,576,257326,0374239215,book club ideas;family matters;rather long;realistic fiction;the dark side,2015
Real Men Don't Sing: Crooning In American Culture,Allison McCracken,448,,0822359170,staff picks;eye-opening reads;for music lovers;nonfiction;for history lovers;book club ideas;no biz like show biz,2015
Rogue Lawyer,John Grisham,344,40227,0385539436,mysteries & thrillers;staff picks,2015
Satin Island: A Novel,Tom McCarthy,208,3126830,0307593959,book club ideas;staff picks,2015
Secrets Of State,Matthew Palmer,432,3279873,0399165711,the dark side;mysteries & thrillers;staff picks,2015
See How Small: A Novel,Scott Blackwood,240,3209814,031637394X,realistic fiction;the dark side;historical fiction;family matters,2015
Seveneves: A Novel,Neal Stephenson,880,137199,0062190377,"rather long;sci fi, fantasy & speculative fiction;realistic fiction;it’s all geek to me",2015
Shadowshaper,Daniel José Older,304,573245,0545591619,"book club ideas;family matters;young adult;sci fi, fantasy & speculative fiction;identity & culture",2015
Showa: A History of Japan 1953-1989,"Shigeru Mizuki, translated by Zack Davisson",552,1158707,1770462015,comics & graphic novels;biography & memoir;for history lovers;tales from around the world;rather long;nonfiction;identity & culture,2015
Showdown: Thurgood Marshall And The Supreme Court Nomination That Changed America,Wil Haygood,416,1629208,0307957195,staff picks;biography & memoir;for history lovers;nonfiction;seriously great writing;the states we’re in,2015
"Single, Carefree, Mellow: Stories",Katherine Heiny,240,3654895,0385353634,"staff picks;book club ideas;funny stuff;let’s talk about sex;love & romance;short stories, essays & poetry;realistic fiction;seriously great writing",2015
Sisters In Law: How Sandra Day O'Connor And Ruth Bader Ginsburg Went To The Supreme Court And Changed The World,Linda Hirshman,416,987929,0062238469,staff picks;biography & memoir;eye-opening reads;nonfiction;for history lovers;book club ideas;the states we’re in,2015
Slade House: A Novel,David Mitchell,256,798720,0812998685,"the dark side;sci fi, fantasy & speculative fiction;seriously great writing",2015
Slice Harvester: A Memoir In Pizza,Colin Atrophy Hagendorf,224,3607671,1476705887,biography & memoir;nonfiction;cookbooks & food;it’s all geek to me,2015
Sorcerer To The Crown: A Sorcerer Royal Novel,Zen Cho,384,2750236,0425283372,"family matters;sci fi, fantasy & speculative fiction;book club ideas;historical fiction;identity & culture",2015
Speak: A Novel,Louisa Hall,336,2664177,0062391194,"historical fiction;it’s all geek to me;sci fi, fantasy & speculative fiction;seriously great writing",2015
Spectacle: The Astonishing Life Of Ota Benga,Pamela Newkirk,336,3718062,006220100X,biography & memoir;book club ideas;eye-opening reads;for history lovers;nonfiction;the dark side;identity & culture,2015
Spy Games,Adam Brookes,448,2438137,0316399906,tales from around the world;the dark side;mysteries & thrillers;staff picks,2015
"Step Aside, Pops: A Hark! A Vagrant Collection",Kate Beaton,160,953013,1770462082,staff picks;comics & graphic novels;for history lovers;funny stuff;rather short,2015
"Strangers Drowning: Grappling With Impossible Idealism, Drastic Choices, And The Overpowering Urge To Help",Larissa MacFarquhar,336,1697378,1594204330,book club ideas;seriously great writing;nonfiction;staff picks,2015
Summerlong: A Novel,Dean Bakopolous,368,4486774,0062321161,realistic fiction;love & romance;family matters;let’s talk about sex;the dark side,2015
SuperMutant Magic Academy,Jillian Tamaki,224,371979,1770461981,"comics & graphic novels;young adult;sci fi, fantasy & speculative fiction;staff picks",2015
Tales From The Loop,Simon Stalenhag,128,186673,1624650392,"sci fi, fantasy & speculative fiction;comics & graphic novels;the dark side;rather short;for art lovers",2015
Tales Of The Marvellous And News Of The Strange,"translated by Malcolm C. Lyons, illustrated by Coralie Bickford-Smith",496,609644,0141395036,"sci fi, fantasy & speculative fiction;tales from around the world;for history lovers;short stories, essays & poetry",2015
Ted Hughes: The Unauthorised Life,Jonathan Bate,672,1602066,0062362437,"staff picks;biography & memoir;family matters;for art lovers;for history lovers;nonfiction;rather long;short stories, essays & poetry",2015
Television Is The New Television: The Unexpected Triumph Of Old Media In The Digital Age,Michael Wolff,224,1816877,159184813X,eye-opening reads;nonfiction;staff picks;no biz like show biz,2015
"The Arab Of The Future: A Childhood In The Middle East, 1978-1984: A Graphic Memoir",Riad Sattouf,160,917820,1627793445,comics & graphic novels;book club ideas;family matters;tales from around the world;identity & culture;biography & memoir;nonfiction,2015
The Argonauts,Maggie Nelson,160,1158545,1555977073,staff picks;biography & memoir;family matters;for art lovers;love & romance;rather short;seriously great writing;nonfiction,2015
The Art Of Memoir,Mary Karr,256,383727,0062223062,biography & memoir;family matters;staff picks;nonfiction,2015
The Battle Of Versailles: The Night American Fashion Stumbled Into The Spotlight And Made History,Robin Givhan,320,1078980,1250052904,staff picks;eye-opening reads;for history lovers;for art lovers;nonfiction;tales from around the world,2015
The Bear Ate Your Sandwich,Julia Sarcone-Roach,40,131667,0375858601,funny stuff;kids’ books;cookbooks & food,2015
The Big Green Tent: A Novel,"Ludmila Ulitskaya, translated by Polly Gannon",592,1586683,0374166676,for art lovers;for history lovers;rather long;seriously great writing;tales from around the world;historical fiction;realistic fiction;staff picks,2015
The Blondes: A Novel,Emily Schultz,400,2143601,1250043352,"the dark side;sci fi, fantasy & speculative fiction;mysteries & thrillers;book club ideas",2015
The Bollywood Bride,Sonali Dev,304,1816904,1617730157,love & romance;let’s talk about sex;tales from around the world;family matters;identity & culture,2015
The Book Of Aron: A Novel,Jim Shepard,272,2043879,1101874317,historical fiction;seriously great writing;the dark side;realistic fiction,2015
The Buried Giant: A Novel,Kazuo Ishiguro,317,168426,030727103X,"sci fi, fantasy & speculative fiction;seriously great writing;staff picks;historical fiction;love & romance",2015
The Complete Stories,"Clarice Lispector, translated by Katrina Dodson",640,1692975,0811219631,"short stories, essays & poetry;seriously great writing;tales from around the world",2015
The Country Of Ice Cream Star,Sandra Newman,592,3274309,0062227092,"seriously great writing;sci fi, fantasy & speculative fiction;rather long;the dark side",2015
The Court Of Fives,Kate Elliott,448,2914188,0316364193,"family matters;sci fi, fantasy & speculative fiction;young adult",2015
The Crossing (Bosch),Michael Connelly,400,375995,0316225886,mysteries & thrillers;seriously great writing;staff picks,2015
The Dark Net: Inside The Digital Underworld,Jamie Bartlett,320,1102900,1612194893,staff picks;nonfiction;the dark side;it’s all geek to me,2015
The Daughters: A Novel,Adrienne Celt,272,5806938,1631490451,"seriously great writing;book club ideas;family matters;for music lovers;sci fi, fantasy & speculative fiction;rather short",2015
The Dead Mountaineer's Inn: One More Last Rite For The Detective Genre,"Boris Strugatsky, Arkady Strugatsky, translated by Josh Billings",256,1312981,161219432X,"sci fi, fantasy & speculative fiction;tales from around the world;mysteries & thrillers",2015
The Dirty Dust: Cré Na Cille,"Máirtín Ó Cadhain, translated by Alan Titley",328,3389049,0300198493,"seriously great writing;tales from around the world;the dark side;sci fi, fantasy & speculative fiction;staff picks",2015
The Double Life Of Liliane,Lily Tuck,256,3374254,080212402X,family matters;historical fiction;realistic fiction,2015
"The Familiar, Volume 1: One Rainy Day In May",Mark Z. Danielewski,880,333583,0375714944,"rather long;eye-opening reads;seriously great writing;comics & graphic novels;sci fi, fantasy & speculative fiction",2015
The Fifth Season,N.K. Jemisin,512,11247,0316229296,"sci fi, fantasy & speculative fiction;seriously great writing;the dark side",2015
The First Collection Of Criticism By A Living Female Rock Critic,Jessica Hopper,250,2226930,0983186332,"staff picks;eye-opening reads;for music lovers;short stories, essays & poetry;nonfiction;seriously great writing",2015
The Fishermen: A Novel,Chigozie Obioma,304,642508,0316338370,staff picks;book club ideas;family matters;realistic fiction;seriously great writing;tales from around the world,2015
The Fly Trap,"Fredrik Sjöberg, translated by Thomas Teal",288,2474563,110187015X,biography & memoir;nonfiction;seriously great writing;eye-opening reads;it’s all geek to me;tales from around the world;funny stuff;book club ideas,2015
The Galaxy Game,Karen Lord,384,516227,0345534077,"sci fi, fantasy & speculative fiction;family matters",2015
The Gap Of Time: A Novel,Jeanette Winterson,288,2839187,0804141355,staff picks;tales from around the world;family matters;for art lovers;book club ideas,2015
The Ghost Network: A Novel,Catie Disabato,288,3456262,1612194346,realistic fiction;mysteries & thrillers;for music lovers,2015
The Girl In The Spider's Web: A Lisbeth Salander Novel,David Lagercrantz,416,122525,0385354282,mysteries & thrillers;the dark side,2015
The Girl On The Train,Paula Hawkins,336,127897,1594633665,mysteries & thrillers;the dark side;staff picks;realistic fiction,2015
The Girl Who Wrote Loneliness: A Novel,"Kyung-Sook Shin, translated by Ha-Yun Jung",400,4772877,1605988634,tales from around the world;family matters;historical fiction;identity & culture,2015
The Grace of Kings,Ken Liu,640,926994,1481424270,"sci fi, fantasy & speculative fiction;seriously great writing;rather long",2015
The Gracekeepers: A Novel,Kirsty Logan,320,524472,0553446614,"sci fi, fantasy & speculative fiction;tales from around the world",2015
The Jemima Code: Two Centuries Of African American Cookbooks,Toni Tipton-Martin,264,566370,0292745486,staff picks;cookbooks & food;for history lovers;nonfiction;eye-opening reads;identity & culture;the states we’re in,2015
The Just City,Jo Walton,368,829837,0765332663,"historical fiction;sci fi, fantasy & speculative fiction;it’s all geek to me",2015
The Last Taxi Ride: A Ranjit Singh Novel,A.X. Ahmad,368,3787617,1250020441,mysteries & thrillers;tales from around the world;no biz like show biz,2015
The Light Of The World: A Memoir,Elizabeth Alexander,224,1063138,1455599875,staff picks;biography & memoir;book club ideas;family matters;love & romance;seriously great writing;nonfiction,2015
The Little Gardener,Emily Hughes,40,2049998,1909263435,kids’ books,2015
"The Marriage Book: Centuries Of Advice, Inspiration, And Cautionary Tales From Adam And Eve To Zoloft",Lisa Grunwald and Stephen J. Adler,560,527364,1439169659,staff picks;family matters;for history lovers;let’s talk about sex;love & romance;rather long;nonfiction,2015
The Marriage Of Opposites,Alice Hoffman,384,816973,1451693591,historical fiction;tales from around the world;book club ideas;family matters;for art lovers;realistic fiction,2015
The Meursault Investigation,"Kamel Daoud, translated by John Cullen",160,365744,1590517512,staff picks;book club ideas;family matters;for art lovers;rather short;realistic fiction;seriously great writing;tales from around the world;the dark side;identity & culture,2015
The Mission Chinese Food Cookbook,Danny Bowien and Chris Ying,336,433905,0062243411,staff picks;cookbooks & food,2015
The New Tsar: The Rise And Reign Of Vladimir Putin,Steven Lee Myers,592,1453793,0307961613,biography & memoir;eye-opening reads;for history lovers;rather long;nonfiction;tales from around the world;staff picks,2015
The Only Ones,Carola Dibbell,344,520250,1937512274,"sci fi, fantasy & speculative fiction;the dark side;family matters",2015
The Penderwicks In Spring,Jeanne Birdsall,352,841063,0375870776,family matters;kids’ books;staff picks,2015
The Precious One: A Novel,Marisa de los Santos,368,3705745,0061670898,family matters;love & romance;book club ideas;realistic fiction,2015
The Red Web: The Struggle Between Russia’s Digital Dictators And The New Online Revolutionaries,Andrei Soldatov and Irina Borogan,384,3073803,1610395735,eye-opening reads;for history lovers;it’s all geek to me;nonfiction;tales from around the world;staff picks,2015
The Sandman: Overture,"Neil Gaiman, illustrated by JH Williams III",224,82601,1401248969,"comics & graphic novels;sci fi, fantasy & speculative fiction;staff picks",2015
The Secret Chord: A Novel,Geraldine Brooks,320,914355,0670025771,staff picks;historical fiction,2015
The Sellout: A Novel,Paul Beatty,304,411522,0374260508,book club ideas;funny stuff;seriously great writing;eye-opening reads;identity & culture;the states we’re in,2015
The Seven Good Years: A Memoir,Etgar Keret,192,1591290,1594633266,"staff picks;biography & memoir;family matters;short stories, essays & poetry;nonfiction;seriously great writing;tales from around the world;book club ideas;identity & culture",2015
The Shepherd's Crown,Terry Pratchett,288,962145,0062429973,"sci fi, fantasy & speculative fiction;young adult;book club ideas",2015
The Small Backs Of Children: A Novel,Lidia Yuknavitch,240,3336364,0062383248,let’s talk about sex;rather short;realistic fiction;tales from around the world;for art lovers,2015
The Speechwriter: A Brief Education In Politics,Barton Swaim,224,2090805,1476769923,biography & memoir;eye-opening reads;funny stuff;staff picks;nonfiction;the states we’re in,2015
The Story Of My Teeth,"Valeria Luiselli, translated by Christina MacSweeney",184,128023,1566894093,seriously great writing;tales from around the world;rather short;book club ideas;realistic fiction,2015
The Story Of My Tits,Jennifer Hayden,352,2180789,1603090541,comics & graphic novels;biography & memoir;family matters;nonfiction,2015
"The Story Of The Lost Child: Neapolitan Novels, Book Four",Elena Ferrante,480,9832,1609452860,seriously great writing;realistic fiction;tales from around the world;staff picks;family matters;historical fiction;book club ideas;rather long,2015
The Thing About Jellyfish,Ali Benjamin,352,380070,0316380865,staff picks;book club ideas;kids’ books;realistic fiction,2015
The Thrilling Adventures Of Lovelace And Babbage: The (Mostly) True Story Of The First Computer,Sydney Padua,320,624748,0307908275,"comics & graphic novels;historical fiction;eye-opening reads;it’s all geek to me;for history lovers;sci fi, fantasy & speculative fiction;science!",2015
The Traitor Baru Cormorant,Seth Dickinson,624,362198,0765380722,"the dark side;sci fi, fantasy & speculative fiction;seriously great writing;identity & culture",2015
The Truth About Twinkie Pie,Kat Yeh,352,2910166,0316236624,family matters;kids’ books;funny stuff,2015
The Tsar Of Love And Techno: Stories,Anthony Marra,352,1623291,0770436439,"staff picks;book club ideas;historical fiction;short stories, essays & poetry;realistic fiction;seriously great writing;tales from around the world",2015
The Turner House,Angela Flournoy,352,239414,0544303164,staff picks;book club ideas;family matters;realistic fiction,2015
The Turnip Princess And Other Newly Discovered Fairy Tales,"Franz-Xaver von Schönwerth, translated by Maria Tatar, illustrated by Engelbert Suss",288,656757,0143107429,"short stories, essays & poetry;for history lovers;the dark side;sci fi, fantasy & speculative fiction;kids’ books",2015
The Unbeatable Squirrel Girl Vol. 1: Squirrel Power,"Ryan North, illustrated by Erica Henderson",128,98199,0785197028,comics & graphic novels;young adult;funny stuff;staff picks,2015
"The United States Of Pizza: America's Favorite Pizzas, From Thin Crust To Deep Dish, Sourdough To Gluten-Free",Craig Priebe and Dianne Jacob,192,600934,0789329441,cookbooks & food;the states we’re in,2015
The Unmapped Sea,"Maryrose Wood, illustrated by Eliza Wheeler",416,2625762,0062110411,"family matters;funny stuff;kids’ books;sci fi, fantasy & speculative fiction;staff picks",2015
The Vilna Vegetarian Cookbook: Garden-Fresh Recipes Rediscovered And Adapted For Today's Kitchen,"Fania Lewando, translated by Eve Jochnowitz",272,89471,0805243275,staff picks;cookbooks & food;eye-opening reads;for history lovers;tales from around the world;identity & culture,2015
The Visiting Privilege: New And Collected Stories,Joy Williams,512,1646160,1101874899,"short stories, essays & poetry;seriously great writing;realistic fiction",2015
The Vorrh,Brian Catling,512,76305,1101873787,"sci fi, fantasy & speculative fiction;seriously great writing;tales from around the world",2015
The Wake: A Novel,Paul Kingsnorth,384,131425,1555977170,historical fiction;seriously great writing;the dark side;eye-opening reads;book club ideas,2015
The Walls Around Us,Nova Ren Suma,336,2311968,1616203722,"young adult;the dark side;sci fi, fantasy & speculative fiction",2015
The Water Knife: A Novel,Paolo Bacigalupi,384,1097373,0385352875,"staff picks;book club ideas;mysteries & thrillers;sci fi, fantasy & speculative fiction;the dark side",2015
The Water Museum: Stories,Luis Alberto Urrea,272,3094407,0316334375,"short stories, essays & poetry;realistic fiction;seriously great writing",2015
The Whisper,Pamela Zagarenski,40,387527,0544416864,kids’ books,2015
The Whites: A Novel,"Richard Price, writing as Harry Brandt",352,1450885,0805093990,mysteries & thrillers;the dark side;realistic fiction,2015
"The Witch Of Lime Street: Séance, Seduction, And Houdini In The Spirit World",David Jaher,448,838885,0307451062,nonfiction;the dark side;for history lovers;eye-opening reads;science!,2015
"The Witches: Salem, 1692",Stacy Schiff,512,210185,0316200603,for history lovers;book club ideas;the dark side;staff picks;nonfiction;eye-opening reads;rather long;the states we’re in,2015
The Wonder Garden,Lauren Acampora,368,4720685,0802123554,"seriously great writing;short stories, essays & poetry;realistic fiction",2015
The World Before Us: A Novel,Aislinn Hunter,368,2038507,0553418521,"historical fiction;the dark side;mysteries & thrillers;tales from around the world;sci fi, fantasy & speculative fiction",2015
The Wright Brothers,David McCullough,336,69364,1476728747,biography & memoir;eye-opening reads;family matters;for history lovers;staff picks;nonfiction;science!,2015
There's Something I Want You To Do: Stories,Charles Baxter,240,3364026,110187001X,"short stories, essays & poetry;realistic fiction;seriously great writing",2015
Thing Explainer: Complicated Stuff In Simple Words,Randall Munroe,64,15536,0544668251,it’s all geek to me;nonfiction;staff picks;comics & graphic novels;eye-opening reads;funny stuff;science!,2015
Thinking About It Only Makes It Worse (And Other Lessons From Modern Life),David Mitchell,336,2041300,1783350563,"funny stuff;tales from around the world;nonfiction;staff picks;short stories, essays & poetry",2015
Thirteen Ways Of Looking: Fiction,Colum McCann,256,405237,0812996720,"short stories, essays & poetry;family matters;seriously great writing;realistic fiction",2015
Three Moments Of An Explosion: Stories,China Miéville,400,1017507,110188472X,"sci fi, fantasy & speculative fiction;the dark side;short stories, essays & poetry",2015
Tiny Little Thing,Beatriz Williams,368,460515,0399171304,historical fiction;love & romance;let’s talk about sex;realistic fiction,2015
"Toys Meet Snow: Being The Wintertime Adventures Of A Curious Stuffed Buffalo, A Sensitive Plush Stingray, And A Book-Loving Rubber Ball","Emily Jenkins, illustrated by Paul O. Zelinsky",40,1223494,0385373309,kids’ books,2015
Tropisms,"Nathalie Sarraute, translated by Maria Jolas",96,241134,0811222764,"short stories, essays & poetry;tales from around the world;for history lovers",2015
True Thai: Real Flavors For Every Table,Hong Thaimee,256,848637,0847846237,cookbooks & food;tales from around the world,2015
Two Brothers,Gabriel Bá and Fabio Moon,232,363703,1616558563,comics & graphic novels;family matters;staff picks;tales from around the world,2015
Under The Udala Trees,Chinelo Okparanta,336,912112,0544003446,staff picks;eye-opening reads;family matters;historical fiction;love & romance;realistic fiction;tales from around the world;identity & culture,2015
Undermajordomo Minor: A Novel,Patrick deWitt,336,1782976,0062281208,love & romance;tales from around the world;funny stuff;staff picks,2015
Unfinished Business: Women Men Work Family,Anne-Marie Slaughter,352,1916866,0812994566,nonfiction;family matters;staff picks;eye-opening reads;book club ideas,2015
Uprooted,Naomi Novik,448,733036,0804179034,"staff picks;love & romance;sci fi, fantasy & speculative fiction",2015
V Is For Vegetables: Inspired Recipes & Techniques For Home Cooks — From Artichokes To Zucchini,Michael Anthony,384,351347,0316373354,cookbooks & food,2015
Vermilion,Molly Tanzer,386,2348337,1939905087,"sci fi, fantasy & speculative fiction;eye-opening reads;historical fiction",2015
Waiting,Kevin Henkes,32,7231,0062368435,kids’ books;staff picks,2015
We Are Pirates,Daniel Handler,288,3104619,1608196887,the dark side;family matters;funny stuff,2015
We Were Brothers,Barry Moser,192,4546079,1616204133,staff picks;biography & memoir;book club ideas;eye-opening reads;family matters;rather short;nonfiction;identity & culture,2015
Welcome To Braggsville,T. Geronimo Johnson,384,2911452,0062302124,seriously great writing;book club ideas;funny stuff;staff picks;nonfiction;identity & culture;the states we’re in,2015
When A Scot Ties the Knot: Castles Ever After,Tessa Dare,384,572236,0062349023,historical fiction;love & romance;let’s talk about sex,2015
Where The Bird Sings Best,"Alejandro Jodorowsky, translated by Alfred MacAdam",416,496169,1632060280,"seriously great writing;the dark side;family matters;historical fiction;tales from around the world;sci fi, fantasy & speculative fiction",2015
White Light,Vanessa Garcia,294,4135012,0991355547,seriously great writing;family matters;book club ideas;realistic fiction;for art lovers,2015
Widow Basquiat: A Love Story,Jennifer Clement,208,59338,0553419919,biography & memoir;eye-opening reads;for art lovers;love & romance;rather short;nonfiction,2015
Words Without Music: A Memoir,Philip Glass,432,1442388,0871404389,staff picks;biography & memoir;for music lovers;nonfiction,2015
Yard Sale,"Eve Bunting, illustrated by Lauren Castillo",32,1332867,0763665428,funny stuff;kids’ books;family matters,2015
Your Alien,"Tammi Sauer, illustrated by Goro Fujita",32,362800,1454911298,"funny stuff;kids’ books;sci fi, fantasy & speculative fiction",2015
13 Ways Of Looking At A Fat Girl: Fiction,Mona Awad,224,153958,0143128485,realistic fiction;identity & culture;book club ideas;staff picks,2016
32 Yolks: From My Mother's Table To Working The Line,"Eric Ripert, with Veronica Chambers",256,919635,0812992989,cookbooks & food;biography & memoir;nonfiction;staff picks;family matters;tales from around the world;book club ideas,2016
A Change Of Heart,Sonali Dev,336,1885729,1496705742,love & romance;identity & culture;tales from around the world;let’s talk about sex,2016
A Child Of Books,Oliver Jeffers and Sam Winston,40,705238,0763690775,kids’ books;staff picks,2016
A Collapse Of Horses: A Collection Of Stories,Brian Evenson,240,151650,1566894131,"seriously great writing;the dark side;short stories, essays & poetry;sci fi, fantasy & speculative fiction",2016
A Gentleman In Moscow: A Novel,Amor Towles,480,11953,0670026190,tales from around the world;historical fiction;staff picks;rather long;love & romance,2016
A Great Reckoning: A Novel,Louise Penny,400,361540,1250022134,mysteries & thrillers;staff picks,2016
A Promise Of Fire,Amanda Bouchet,448,1823125,1492626015,"love & romance;sci fi, fantasy & speculative fiction;let’s talk about sex",2016
"A Rage For Order: The Middle East In Turmoil, From Tahrir Square To ISIS",Robert F. Worth,272,154924,0374252947,nonfiction;tales from around the world;staff picks,2016
A Study In Scarlet Women,Sherry Thomas,336,117743,042528140X,historical fiction;love & romance;mysteries & thrillers;seriously great writing;book club ideas,2016
"Ada Twist, Scientist","Andrea Beaty, illustrated by David Roberts",32,2876,1419721372,kids’ books;funny stuff;it’s all geek to me;science!,2016
Addlands: A Novel,Tom Bullough,336,4443194,0812998723,historical fiction;tales from around the world;family matters;staff picks;seriously great writing;book club ideas,2016
"Alive, Alive Oh!: And Other Things That Matter",Diana Athill,176,2397166,0393253716,nonfiction;biography & memoir;book club ideas;rather short,2016
All That Man Is: A Novel,David Szalay,272,204764,1555977537,realistic fiction;tales from around the world;staff picks,2016
All The Birds In The Sky,Charlie Jane Anders,320,1296610,0765379945,"sci fi, fantasy & speculative fiction;it’s all geek to me;love & romance;science!",2016
All The Single Ladies: Unmarried Women And The Rise Of An Independent Nation,Rebecca Traister,352,775826,1476716560,nonfiction;eye-opening reads;for history lovers;identity & culture;staff picks,2016
Alligator Candy: A Memoir,David Kushner,256,2239815,1451682530,nonfiction;biography & memoir;family matters;the dark side;staff picks,2016
"American Cake: From Colonial Gingerbread To Classic Layer, The Stories And Recipes Behind More Than 125 Of Our Best-Loved Cakes",Anne Byrn,352,838041,1623365430,cookbooks & food;for history lovers;the states we’re in,2016
American Housewife,Helen Ellis,208,2423732,0385541031,"book club ideas;funny stuff;staff picks;short stories, essays & poetry;family matters",2016
American Philosophy: A Love Story,John Kaag,272,480970,0374154481,book club ideas;love & romance;nonfiction;seriously great writing;biography & memoir,2016
And I Darken,Kiersten White,496,1350859,0553522310,young adult;historical fiction;family matters;the dark side;tales from around the world,2016
Another Brooklyn: A Novel,Jacqueline Woodson,192,1590905,0062359983,realistic fiction;seriously great writing;family matters;identity & culture;staff picks;rather short,2016
Appetites: A Cookbook,"Anthony Bourdain, with Laurie Woolever",304,6878,0062409956,cookbooks & food;staff picks;family matters,2016
Around The Way Girl: A Memoir,"Taraji P. Henson, with Denene Millner",256,153496,1501125990,nonfiction;biography & memoir;family matters;funny stuff;identity & culture;book club ideas;staff picks;no biz like show biz,2016
As Good As Gone: A Novel,Larry Watson,352,3711412,1616205717,realistic fiction;book club ideas;family matters;staff picks,2016
Barkskins: A Novel,Annie Proulx,736,619617,0743288785,realistic fiction;family matters;for history lovers;staff picks;rather long;book club ideas,2016
Before The Fall,Noah Hawley,400,1469568,1455561789,mysteries & thrillers;the dark side;staff picks,2016
Beginner's Guide: Love And Other Chemical Reactions,Six de los Reyes,210,4083363,1987660552,love & romance;it’s all geek to me;tales from around the world;science!,2016
Behold The Dreamers: A Novel,Imbolo Mbue,400,636043,0812998480,realistic fiction;book club ideas;identity & culture;family matters;staff picks;the states we’re in,2016
Black Lotus: A Woman’s Search For Racial Identity,Sil Lai Abrams,368,4488096,1451688466,nonfiction;biography & memoir;family matters;identity & culture;staff picks;book club ideas,2016
Black Panther: A Nation Under Our Feet,"Ta-Nehisi Coates, illustrated by Brian Stelfreeze",144,96634,1302900536,"comics & graphic novels;sci fi, fantasy & speculative fiction;identity & culture",2016
Book Uncle And Me,"Uma Krishnaswami, illustrated by Julianna Swaney",152,3065443,155498808X,kids’ books;tales from around the world,2016
Borderline,Mishell Baker,400,855542,1481429787,"sci fi, fantasy & speculative fiction",2016
Born A Crime: Stories From A South African Childhood,Trevor Noah,304,11926,0399588175,nonfiction;biography & memoir;book club ideas;eye-opening reads;family matters;tales from around the world;funny stuff;identity & culture;staff picks;no biz like show biz,2016
Born To Run,Bruce Springsteen,528,48734,1501141511,nonfiction;biography & memoir;for music lovers;rather long;staff picks;no biz like show biz,2016
Boys Among Men: How The Prep-To-Pro Generation Redefined The NBA And Sparked A Basketball Revolution,Jonathan Abrams,336,2294819,0804139253,nonfiction;eye-opening reads;for sports lovers,2016
Bullies: A Friendship,Alex Abramovich,224,3500088,0805094288,nonfiction;eye-opening reads;the dark side;staff picks;biography & memoir,2016
Burn Baby Burn,Meg Medina,320,2220569,0763674672,family matters;historical fiction;identity & culture;mysteries & thrillers;young adult;for history lovers;the dark side,2016
By Gaslight: A Novel,Steven Price,752,1713959,0374160538,the dark side;mysteries & thrillers;historical fiction;rather long,2016
Carry Me: A Novel,Peter Behrens,464,4438640,1101870494,family matters;for history lovers;historical fiction;love & romance;tales from around the world,2016
Central Station,Lavie Tidhar,288,263931,1616962143,"seriously great writing;sci fi, fantasy & speculative fiction;tales from around the world",2016
Certain Dark Things,Silvia Garcia-Moreno,336,3632042,1250099080,"sci fi, fantasy & speculative fiction;the dark side;tales from around the world",2016
Chaos Monkeys: Obscene Fortune And Random Failure In Silicon Valley,Antonio Garcia Martinez,528,228994,0062458191,nonfiction;biography & memoir;eye-opening reads;it’s all geek to me;the dark side;staff picks;rather long,2016
Charcoal Joe: An Easy Rawlins Mystery,Walter Mosley,320,662854,0385539207,staff picks;mysteries & thrillers,2016
Cheap Novelties: The Pleasures Of Urban Decay,Ben Katchor,112,1488218,1770462635,for art lovers;comics & graphic novels;book club ideas;for history lovers;funny stuff,2016
Children Of The New World: Stories,Alexander Weinstein,239,981007,1250098998,"book club ideas;sci fi, fantasy & speculative fiction;seriously great writing;short stories, essays & poetry",2016
Chronicle Of A Last Summer: A Novel Of Egypt,Yasmine El Rashidi,192,2475025,077043729X,historical fiction;eye-opening reads;family matters;identity & culture;tales from around the world;rather short,2016
Commonwealth,Ann Patchett,336,391506,0062491792,realistic fiction;book club ideas;family matters;staff picks,2016
Consequence: A Memoir,Eric Fair,256,2990499,1627795138,nonfiction;biography & memoir;eye-opening reads;the dark side;staff picks,2016
Cook Korean! A Comic Book With Recipes,Robin Ha,176,36381,1607748878,cookbooks & food;tales from around the world;comics & graphic novels,2016
Crosstalk,Connie Willis,512,1527257,0345540670,"rather long;funny stuff;sci fi, fantasy & speculative fiction;love & romance",2016
Dalí: Les Dîners De Gala,Salvador Dalí,320,67488,3836508761,cookbooks & food;for art lovers;staff picks,2016
Dark Matter: A Novel,Blake Crouch,352,9725,1101904224,"sci fi, fantasy & speculative fiction;family matters;staff picks;the dark side;love & romance",2016
Dark Money: The Hidden History Of The Billionaires Behind The Rise Of The Radical Right,Jane Mayer,464,336935,0385535597,nonfiction;eye-opening reads;for history lovers;the dark side;staff picks;the states we’re in,2016
Darktown: A Novel,Thomas Mullen,384,1961173,1501133861,historical fiction;book club ideas;for history lovers;identity & culture;the dark side;staff picks;mysteries & thrillers,2016
Death's End,Cixin Liu,608,27019,0765377101,"sci fi, fantasy & speculative fiction;tales from around the world",2016
"Demon, Volume 1",Jason Shiga,176,478214,1626724520,"comics & graphic novels;sci fi, fantasy & speculative fiction",2016
Disappearance At Devil's Rock,Paul Tremblay,336,1323661,0062363263,mysteries & thrillers;family matters;the dark side,2016
Don't Call Me Grandma,"Vaunda Nelson, illustrated by Elizabeth Zunon",32,2769435,1467742082,kids’ books;family matters;for history lovers;staff picks;identity & culture,2016
Dorie's Cookies,Dorie Greenspan,528,78594,0547614845,cookbooks & food,2016
Dust (Object Lessons),"Michael Marder, edited by Christopher Schaberg and Ian Bogost",144,1140496,1628925582,nonfiction;staff picks;it’s all geek to me;seriously great writing;eye-opening reads;rather short,2016
Ego Is The Enemy,Ryan Holiday,256,1131,1591847818,nonfiction;book club ideas;eye-opening reads;staff picks;for history lovers,2016
Eleanor And Hick: The Love Affair That Shaped A First Lady,Susan Quinn,416,397565,159420540X,book club ideas;eye-opening reads;for history lovers;identity & culture;love & romance;biography & memoir;nonfiction,2016
"Eleanor Roosevelt, Volume 3: The War Years And After, 1939-1962",Blanche Wiesen Cook,688,456493,0670023957,biography & memoir;for history lovers;nonfiction;rather long;staff picks,2016
Elephant Complex: Travels In Sri Lanka,John Gimlette,432,1918907,0385351275,nonfiction;tales from around the world;eye-opening reads;staff picks,2016
Eleven Hours,Pamela Erens,176,1065241,1941040292,realistic fiction;book club ideas;seriously great writing;rather short;staff picks,2016
Eligible: A Modern Retelling Of Pride And Prejudice,Curtis Sittenfeld,512,419050,1400068320,realistic fiction;book club ideas;love & romance,2016
Every Anxious Wave,Mo Daviau,288,4443533,1250067499,"sci fi, fantasy & speculative fiction;for music lovers;it’s all geek to me",2016
Everybody's Fool: A Novel,Richard Russo,544,85977,0307454827,realistic fiction;book club ideas;funny stuff;family matters;rather long;staff picks,2016
Evicted: Poverty And Profit In The American City,Matthew Desmond,432,110320,0553447432,nonfiction;eye-opening reads;family matters;staff picks;the states we’re in,2016
"Exit, Pursued By A Bear",E.K. Johnston,256,294953,1101994584,book club ideas;family matters;realistic fiction;young adult,2016
Eyes On The Street: The Life Of Jane Jacobs,Robert Kanigel,496,869177,0307961907,nonfiction;biography & memoir;for history lovers;rather long;staff picks,2016
Faith Volume 1: Hollywood And Vine,"Jody Houser, illustrated by Francis Portela and Marguerite Sauvage",112,3118072,1682151212,"comics & graphic novels;sci fi, fantasy & speculative fiction",2016
Fear The Drowning Deep,Sarah Glenn Marsh,312,2630478,1510703489,"young adult;historical fiction;family matters;sci fi, fantasy & speculative fiction",2016
Fellside,M.R. Carey,496,298510,0316300284,"rather long;the dark side;sci fi, fantasy & speculative fiction",2016
Flavorwalla: Big Flavor. Bold Spices. A New Way To Cook The Foods You Love,Floyd Cardoz,352,265104,1579656218,cookbooks & food,2016
Float,Anne Carson,272,1709593,1101946849,"short stories, essays & poetry;seriously great writing",2016
Forbidden,Beverly Jenkins,384,574934,0062389009,historical fiction;love & romance;identity & culture;eye-opening reads;book club ideas;let’s talk about sex,2016
"Freedom Over Me: Eleven Slaves, Their Lives And Dreams Brought To Life",Ashley Bryan,56,99920,1481456903,"nonfiction;eye-opening reads;family matters;for history lovers;identity & culture;kids’ books;short stories, essays & poetry;the states we’re in",2016
Full Of Beans,Jennifer L. Holm,208,3720906,0553510363,kids’ books;historical fiction;funny stuff,2016
Ghostland: An American History In Haunted Places,Colin Dickey,336,1136742,1101980192,nonfiction;for history lovers;eye-opening reads;the dark side;the states we’re in,2016
Ghosts,Raina Telgemeier,256,156401,0545540623,young adult;family matters;comics & graphic novels;identity & culture;staff picks,2016
Girls On Fire: A Novel,Robin Wasserman,368,3002557,0062415484,mysteries & thrillers;book club ideas;let’s talk about sex;seriously great writing;the dark side,2016
Grief Is The Thing With Feathers: A Novel,Max Porter,128,32657,1555977413,family matters;the dark side;seriously great writing;rather short,2016
Hag-Seed,Margaret Atwood,320,1272148,0804141290,book club ideas;realistic fiction;family matters,2016
Hamilton: The Revolution,"Lin-Manuel Miranda, Jeremy McCarter",288,2790,1455539740,nonfiction;for art lovers;for music lovers;for history lovers;it’s all geek to me;staff picks;no biz like show biz,2016
Heat And Light: A Novel,Jennifer Haigh,448,1151953,0061763292,realistic fiction;book club ideas;family matters;staff picks;the states we’re in,2016
Here Comes The Sun: A Novel,Nicole Dennis-Benn,352,1871433,1631491768,realistic fiction;book club ideas;seriously great writing;identity & culture;tales from around the world,2016
"Hero Of The Empire: The Boer War, A Daring Escape And The Making Of Winston Churchill",Candice Millard,400,158899,0385535732,nonfiction;biography & memoir;book club ideas;for history lovers;seriously great writing;eye-opening reads;staff picks,2016
Hidden Figures: The American Dream And The Untold Story Of The Black Women Mathematicians Who Helped Win The Space Race,Margot Lee Shetterly,368,7701,0062363603,nonfiction;biography & memoir;eye-opening reads;book club ideas;for history lovers;identity & culture;it’s all geek to me;staff picks;science!;the states we’re in,2016
Highly Illogical Behavior,John Corey Whaley,256,436236,0525428186,book club ideas;funny stuff;realistic fiction;young adult,2016
Hillbilly Elegy: A Memoir Of A Family And Culture In Crisis,J. D. Vance,272,7357,0062300547,nonfiction;eye-opening reads;family matters;identity & culture;staff picks;the states we’re in,2016
His Bloody Project: Documents Relating To The Case Of Roderick Macrae,Graeme MaCrae Burnet,300,621054,1510719210,historical fiction;the dark side;staff picks;tales from around the world,2016
Homegoing: A Novel,Yaa Gyasi,320,56259,1101947136,realistic fiction;historical fiction;book club ideas;identity & culture;tales from around the world;staff picks;the states we’re in,2016
Hot Dog Taste Test,Lisa Hanawalt,176,1498172,1770462376,funny stuff;for art lovers;comics & graphic novels;let’s talk about sex;biography & memoir,2016
How To Be A Person In The World: Ask Polly's Guide Through The Paradoxes Of Modern Life,Heather Havrilesky,272,823264,0385540396,nonfiction;funny stuff;identity & culture;let’s talk about sex;staff picks,2016
How To Be A Tudor: A Dawn-to-Dusk Guide To Tudor Life,Ruth Goodman,336,945011,1631491393,nonfiction;for history lovers;book club ideas;eye-opening reads;staff picks,2016
Hunters In The Dark: A Novel,Lawrence Osborne,320,3011751,0553447343,realistic fiction;tales from around the world;staff picks;seriously great writing,2016
I Am No One: A Novel,Patrick Flanery,352,2204366,1101905859,mysteries & thrillers;the dark side;book club ideas,2016
I Contain Multitudes: The Microbes Within Us And A Grander View Of Life,Ed Yong,368,53569,0062368591,nonfiction;eye-opening reads;it’s all geek to me;staff picks;science!,2016
I'm Judging You: The Do-Better Manual,Luvvie Ajayi,256,756948,1627796061,"nonfiction;funny stuff;identity & culture;book club ideas;staff picks;short stories, essays & poetry",2016
I'm Thinking Of Ending Things,Iain Reid,224,402890,150112692X,mysteries & thrillers;the dark side;staff picks,2016
"Ida, Always",Caron Levis and Charles Santoso,40,29834,1481426400,kids’ books;staff picks;the dark side,2016
Imagine Me Gone,Adam Haslett,368,926418,0316261351,realistic fiction;family matters;seriously great writing;the dark side,2016
"Imbeciles: The Supreme Court, American Eugenics, And The Sterilization Of Carrie Buck",Adam Cohen,416,1295223,1594204187,nonfiction;eye-opening reads;for history lovers;the dark side;staff picks;science!;the states we’re in,2016
In The Not Quite Dark: Stories,Dana Johnson,224,1620318,1619027321,"short stories, essays & poetry;seriously great writing;staff picks",2016
Innocents And Others,Dana Spiotta,288,2586951,150112272X,mysteries & thrillers;no biz like show biz,2016
Jane Steele,Lyndsay Faye,432,393357,0399169490,mysteries & thrillers;love & romance;the dark side;staff picks,2016
Jazz Day: The Making Of A Famous Photograph,"Roxane Orgill, illustrated by Francis Vallejo",66,2314728,0763669547,"for music lovers;kids’ books;short stories, essays & poetry",2016
Jerusalem,Alan Moore,1280,1386438,1631491342,"rather long;sci fi, fantasy & speculative fiction;seriously great writing;realistic fiction;historical fiction",2016
Joe Gould’s Teeth,Jill Lepore,256,508080,1101947586,eye-opening reads;for history lovers;nonfiction;biography & memoir;book club ideas,2016
Kill 'Em And Leave: Searching For James Brown And The American Soul,James McBride,256,1298095,0812993500,nonfiction;biography & memoir;for music lovers;for history lovers;identity & culture;eye-opening reads;seriously great writing;no biz like show biz;the states we’re in,2016
Kill The Boy Band,Goldy Moldavsky,320,2156912,0545867479,realistic fiction;for music lovers;funny stuff;the dark side;staff picks;no biz like show biz,2016
King Baby,Kate Beaton,40,75655,0545637546,kids’ books;family matters;funny stuff;comics & graphic novels;staff picks,2016
Knockout: Stories,John Jodzio,208,1002069,1593766351,"short stories, essays & poetry;funny stuff;the dark side",2016
KooKooLand,Gloria Norris,368,2807324,1941393608,nonfiction;biography & memoir;family matters;the dark side;seriously great writing,2016
Lab Girl,Hope Jahren,304,924977,1101874937,nonfiction;biography & memoir;book club ideas;eye-opening reads;it’s all geek to me;staff picks;science!,2016
Labyrinth Lost,Zoraida Córdova,336,1952209,1492620947,"young adult;sci fi, fantasy & speculative fiction;identity & culture;family matters",2016
Lacunae: 100 Imagined Ancient Love Poems,Daniel Nadler,128,1319311,0374182698,"short stories, essays & poetry;staff picks",2016
Landmarks,Robert Macfarlane,448,161404,0241967872,nonfiction;book club ideas;biography & memoir;science!;seriously great writing,2016
Leave Me Alone!,Vera Brosgol,40,161997,1626724415,funny stuff;kids’ books,2016
Let Me Finish,"Minh L&ecirc;, illustrated by Isabel Roxas",40,145500,148472173X,kids’ books;funny stuff;staff picks,2016
Lily And Dunkin,Donna Gephart,352,1997344,0553536745,kids’ books;family matters;love & romance;identity & culture,2016
Listen To The Moon,Rose Lerner,306,,161923310X,for history lovers;historical fiction;let’s talk about sex;love & romance,2016
Little Labors,Rivka Galchen,136,1598228,0811225585,nonfiction;family matters;seriously great writing;staff picks;rather short,2016
Little Red,Bethan Woollvin,32,792046,1561459178,funny stuff;kids’ books,2016
Loner: A Novel,Teddy Wayne,224,670424,1501107895,realistic fiction;the dark side,2016
Look: Poems,Solmaz Sharif,112,503719,1555977448,"short stories, essays & poetry;seriously great writing;staff picks",2016
Losing It: A Novel,Emma Rathbone,272,5463468,1594634777,realistic fiction;family matters;let’s talk about sex;staff picks,2016
Louisa: The Extraordinary Life Of Mrs. Adams,Louisa Thomas,512,1954615,1594204632,nonfiction;biography & memoir;book club ideas;for history lovers;love & romance;staff picks;rather long;the states we’re in,2016
"Lucky Bastard: My Life, My Dad, And The Things I'm Not Allowed To Say On TV",Joe Buck,304,183367,1101984562,nonfiction;biography & memoir;family matters;funny stuff;staff picks;for sports lovers;no biz like show biz,2016
Lucy And Linh,Alice Pung,352,10664399,0399550488,book club ideas;family matters;identity & culture;seriously great writing;tales from around the world;young adult;realistic fiction,2016
Madonnaland: And Other Detours Into Fame And Fandom,Alina Simone,138,5110172,0292759460,nonfiction;for music lovers;funny stuff;seriously great writing;rather short;no biz like show biz,2016
March: Book Three,"John Lewis, with Andrew Aydin, illustrated by Nate Powell",256,59590,1603094024,nonfiction;biography & memoir;comics & graphic novels;book club ideas;eye-opening reads;for art lovers;for history lovers;identity & culture;staff picks;the states we’re in,2016
Mastering The Art Of Japanese Home Cooking,Masaharu Morimoto,288,50566,0062344382,cookbooks & food;tales from around the world,2016
"Missing, Presumed: A Novel",Susie Steiner,368,1628053,0812998324,book club ideas;mysteries & thrillers,2016
Modern Lovers,Emma Straub,368,1003125,159463467X,realistic fiction;book club ideas;for music lovers;family matters;staff picks,2016
Molly On The Range: Recipes And Stories From An Unlikely Life On A Farm,Molly Yeh,304,26578,162336695X,cookbooks & food,2016
Monstress Volume 1: Awakening,"Marjorie Liu, illustrated by Sana Takeda",208,95380,1632157098,comics & graphic novels;the dark side;staff picks;for art lovers,2016
Mooncop,Tom Gauld,96,767063,1770462546,comics & graphic novels;for art lovers;the dark side;funny stuff,2016
Moonglow: A Novel,Michael Chabon,448,130610,0062225553,for history lovers;love & romance;family matters;book club ideas,2016
Mothering Sunday: A Romance,Graham Swift,192,2134307,1101947527,seriously great writing;rather short;realistic fiction;tales from around the world;let’s talk about sex,2016
Multiple Choice,"Alejandro Zambra, translated by Megan McDowell",128,157976,0143109197,staff picks;seriously great writing;tales from around the world;eye-opening reads,2016
My Marathon: Reflections On A Gold Medal Life,"Frank Shorter, with John Brant",272,435082,1623367247,nonfiction;biography & memoir;staff picks;family matters;for sports lovers,2016
My Name Is Lucy Barton: A Novel,Elizabeth Strout,208,144482,1400067693,realistic fiction;seriously great writing;family matters;book club ideas;staff picks,2016
Native: Dispatches From An Israeli-Palestinian Life,Sayed Kashua,304,3766391,0802124550,tales from around the world;biography & memoir;nonfiction;seriously great writing;funny stuff,2016
Necessity: A Novel,Jo Walton,336,2715909,0765379023,"book club ideas;historical fiction;sci fi, fantasy & speculative fiction",2016
Night Sky With Exit Wounds,Ocean Vuong,70,7080,155659495X,"short stories, essays & poetry;identity & culture;staff picks;tales from around the world",2016
Nitro Mountain: A Novel,Lee Clay Johnson,224,985797,1101946369,realistic fiction;the dark side;love & romance;staff picks,2016
Noonday: A Novel,Pat Barker,320,3278148,0385537727,book club ideas;historical fiction;the dark side;tales from around the world,2016
Nutshell: A Novel,Ian McEwan,208,394504,0385542070,the dark side;family matters;seriously great writing;book club ideas,2016
ODY-C: Cycle One,"Matt Fraction, illustrated by Christian Ward",400,832501,1632159279,"book club ideas;comics & graphic novels;sci fi, fantasy & speculative fiction;seriously great writing;for art lovers",2016
Olio,Tyehimba Jess,256,175208,1940696208,"short stories, essays & poetry;identity & culture;staff picks;for music lovers",2016
Originals: How Non-Conformists Move The World,Adam Grant,336,117945,0525429565,nonfiction;eye-opening reads;staff picks,2016
Over The Plain Houses: A Novel,Julia Franks,280,943098,1938235215,book club ideas;family matters;historical fiction,2016
Panther,Brecht Evens,120,788420,1770462260,book club ideas;for art lovers;tales from around the world;the dark side;comics & graphic novels,2016
Paper Girls Volume 1,"Brian K Vaughan, illustrated by Cliff Chiang",144,203096,1632156741,comics & graphic novels;the dark side;for art lovers,2016
Paracuellos Volume 1,Carlos Giménez,136,362953,1631404687,comics & graphic novels;for history lovers;nonfiction;tales from around the world;the dark side,2016
Party Of One: A Memoir In 21 Songs,Dave Holmes,288,2028354,0804187983,nonfiction;for music lovers;funny stuff;staff picks;biography & memoir,2016
Patience,Daniel Clowes,180,189738,1606999052,"comics & graphic novels;for art lovers;love & romance;staff picks;sci fi, fantasy & speculative fiction",2016
"Patient H.M.: A Story Of Memory, Madness, And Family Secrets",Luke Dittrich,464,1289518,0812992733,nonfiction;biography & memoir;eye-opening reads;family matters;science!,2016
"Patsy Walker, A.K.A. Hellcat! Volume 1: Hooked On A Feline","Kate Leth, illustrated by Brittney Williams",136,664292,1302900358,comics & graphic novels;funny stuff,2016
Pax,"Sara Pennypacker, illustrated by Jon Klassen",288,17552,0062377019,kids’ books;staff picks;family matters,2016
Peplum,Blutch,160,1819257,1590179838,comics & graphic novels;tales from around the world;for history lovers;nonfiction,2016
Pit Bull: The Battle Over An American Icon,Bronwen Dickey,352,771161,0307961761,eye-opening reads;for history lovers;nonfiction;the states we’re in,2016
Please Kill Me: The Uncensored Oral History Of Punk,Legs McNeil and Gillian McCain,448,22544,0802125360,nonfiction;for music lovers;for history lovers;staff picks,2016
Plutona,"Emi Lenox and Jeff Lemire, illustrated by Emi Lenox",152,812077,1632156016,"comics & graphic novels;sci fi, fantasy & speculative fiction;staff picks",2016
Possession: The Curious History Of Private Collectors From Antiquity To The Present,Erin Thompson,232,188083,0300208529,nonfiction;for history lovers;for art lovers;it’s all geek to me,2016
Pretty Deadly Volume 2: The Bear,"Kelly Sue DeConnick, illustrated by Emma Ríos",152,1085924,1632156946,"comics & graphic novels;sci fi, fantasy & speculative fiction;staff picks;for art lovers",2016
Radiant Child: The Story Of Young Artist Jean-Michel Basquiat,Javaka Steptoe,40,92264,0316213888,biography & memoir;for art lovers;kids’ books;nonfiction;family matters,2016
Raymie Nightingale,Kate DiCamillo,272,444053,0763681172,realistic fiction;kids’ books;funny stuff;family matters;staff picks,2016
Reputations,"Juan Gabriel Vásquez, translated by Anne McLean",208,3651994,1594633479,realistic fiction;tales from around the world;staff picks;seriously great writing,2016
"Rogue Heroes: The History Of The SAS, Britain's Secret Special Forces Unit That Sabotaged The Nazis And Changed The Nature Of War",Ben Macintyre,400,165605,110190416X,nonfiction;for history lovers;seriously great writing;tales from around the world;staff picks,2016
"Rolling Blackouts: Dispatches From Turkey, Syria, And Iraq",Sarah Glidden,304,785334,1770462554,comics & graphic novels;eye-opening reads;tales from around the world;identity & culture;book club ideas,2016
Secondhand Time: The Last Of The Soviets,"Svetlana Alexievich, translated by Bela Shayevich",496,782625,0399588809,nonfiction;for history lovers;eye-opening reads;seriously great writing;tales from around the world;staff picks;rather long,2016
"Selected Poems, 1968-2014",Paul Muldoon,240,946727,0374260826,"short stories, essays & poetry;staff picks",2016
Seven Brief Lessons On Physics,Carlo Rovelli,96,25414,0399184414,nonfiction;eye-opening reads;it’s all geek to me;rather short;staff picks;science!,2016
Sex Object: A Memoir,Jessica Valenti,224,1366286,0062435086,nonfiction;biography & memoir;let’s talk about sex;the dark side;identity & culture;eye-opening reads,2016
Shirley Jackson: A Rather Haunted Life,Ruth Franklin,624,1083193,0871403137,book club ideas;family matters;biography & memoir;nonfiction;rather long,2016
"Shock And Awe: Glam Rock And Its Legacy, From The Seventies To The Twenty-first Century",Simon Reynolds,704,1123646,0062279807,nonfiction;for history lovers;for music lovers;identity & culture;no biz like show biz,2016
Shrill: Notes From A Loud Woman,Lindy West,272,914649,0316348406,nonfiction;biography & memoir;funny stuff;identity & culture;let’s talk about sex;funny stuff,2016
"Small Victories: Recipes, Advice + Hundreds Of Ideas For Home Cooking Triumphs",Julia Turshen,304,124985,1452143099,cookbooks & food,2016
"Smashed, Mashed, Boiled, And Baked — And Fried, Too! A Celebration Of Potatoes In 75 Irresistible Recipes",Raghavan Iyer,256,788528,076118547X,cookbooks & food,2016
Smoke: A Novel,Dan Vyleta,448,1178614,0385540167,"historical fiction;sci fi, fantasy & speculative fiction;tales from around the world;rather long;staff picks;the dark side",2016
So Sad Today: Personal Essays,Melissa Broder,224,252451,1455562726,"nonfiction;identity & culture;let’s talk about sex;the dark side;staff picks;short stories, essays & poetry",2016
Sons And Daughters Of Ease And Plenty: A Novel,Ramona Ausubel,320,519248,1594634882,realistic fiction;book club ideas;family matters,2016
Sous Vide At Home: The Modern Technique For Perfectly Cooked Meals,Lisa Q. Fetterman,288,18011,0399578064,cookbooks & food;science!,2016
Spill Simmer Falter Wither,Sara Baume,274,2342722,0544716191,realistic fiction;seriously great writing;tales from around the world;staff picks,2016
Standing Water: Poems,Eleanor Chai,112,7787504,0374269483,"short stories, essays & poetry;staff picks",2016
Sweetbitter: A Novel,Stephanie Danler,368,1489584,1101875941,realistic fiction;book club ideas;let’s talk about sex;cookbooks & food,2016
Swing Time,Zadie Smith,464,1537948,1594203989,realistic fiction;identity & culture;for art lovers,2016
"Terror In The City Of Champions: Murder, Baseball, And The Secret Society That Shocked Depression-era Detroit",Tom Stanton,352,937532,1493015702,nonfiction;eye-opening reads;for history lovers;the dark side;staff picks;for sports lovers,2016
"The ABCs Of How We Learn: 26 Scientifically Proven Approaches, How They Work, And When To Use Them","Daniel L. Schwartz, Jessica M. Tsang, Kristen P. Blair",384,237935,0393709264,nonfiction;eye-opening reads;staff picks;science!,2016
The Abundance: Narrative Essays Old And New,Annie Dillard,304,428800,0062432974,nonfiction;seriously great writing;staff picks,2016
The Angel Of History: A Novel,Rabih Alameddine,304,2927850,080212576X,book club ideas;identity & culture;love & romance;staff picks;seriously great writing,2016
"The Arab Of The Future 2: A Childhood In The Middle East, 1984-1985: A Graphic Memoir",Riad Sattouf,160,598978,1627793518,nonfiction;biography & memoir;comics & graphic novels;family matters;identity & culture;tales from around the world;staff picks,2016
The Art Of Charlie Chan Hock Chye,Sonny Liew,320,117505,1101870699,"comics & graphic novels;historical fiction;identity & culture;tales from around the world;for art lovers;sci fi, fantasy & speculative fiction",2016
The Bad-Ass Librarians Of Timbuktu: And Their Race To Save The World’s Most Precious Manuscripts,Joshua Hammer,288,1081850,1476777403,nonfiction;eye-opening reads;identity & culture;tales from around the world;staff picks,2016
The Ballad Of Black Tom,Victor LaValle,160,80347,0765387867,"sci fi, fantasy & speculative fiction;mysteries & thrillers;the dark side;rather short;staff picks",2016
The Beach At Night,"Elena Ferrante, illustrated by Mara Cerri, translated by Ann Goldstein",48,653294,1609453700,kids’ books;seriously great writing;tales from around the world;the dark side;staff picks,2016
The Best American Comics 2016,Roz Chast (editor),400,2260252,0544750357,comics & graphic novels;funny stuff,2016
"The Bitch Is Back: Older, Wiser, And (Getting) Happier",Cathi Hanauer (editor),368,4176687,0062389513,nonfiction;book club ideas;family matters;funny stuff;identity & culture;let’s talk about sex;staff picks,2016
The Book Of Magic: From Antiquity To The Enlightenment,Brian Copenhaver (editor),672,4746517,0241198569,nonfiction;rather long;for history lovers;it’s all geek to me;eye-opening reads,2016
The Border Of Paradise: A Novel,Esmé Weijun Wang,292,1191242,1939419697,family matters;identity & culture;realistic fiction,2016
The Bricks That Built The Houses,Kate Tempest,416,3155361,1620409011,realistic fiction;love & romance;staff picks;tales from around the world;book club ideas,2016
The Caped Crusade: Batman And The Rise Of Nerd Culture,Glen Weldon,336,1430011,1476756694,nonfiction;comics & graphic novels;identity & culture;it’s all geek to me;for history lovers,2016
The Dark Days Club,Alison Goodman,496,1834420,0670785474,"historical fiction;love & romance;mysteries & thrillers;sci fi, fantasy & speculative fiction;young adult;rather long",2016
"The Dim Sum Field Guide: A Taxonomy Of Dumplings, Buns, Meats, Sweets And Other Specialties Of The Chinese Teahouse",Carolyn Phillips,176,1001156,1607749564,cookbooks & food;identity & culture;staff picks;it’s all geek to me,2016
The Dream-Quest Of Vellitt Boe,Kij Johnson,192,1088038,0765391414,"sci fi, fantasy & speculative fiction;rather short;seriously great writing",2016
"The Familiar, Volume 3: Honeysuckle & Pain",Mark Z. Danielewski,880,568327,0375714987,"rather long;sci fi, fantasy & speculative fiction;seriously great writing;comics & graphic novels",2016
The Fire This Time: A New Generation Speaks About Race,Jesmyn Ward (editor),240,960811,1501126342,"nonfiction;book club ideas;identity & culture;seriously great writing;staff picks;short stories, essays & poetry",2016
The Fireman,Joe Hill,768,132958,0062200631,"rather long;sci fi, fantasy & speculative fiction;the dark side",2016
The Fortunes,Peter Ho Davies,288,6089529,0544263707,historical fiction;realistic fiction;identity & culture;tales from around the world;the states we’re in,2016
The Fox Was Ever The Hunter: A Novel,Herta Müller,256,2538891,0805093028,tales from around the world;historical fiction,2016
The Gene: An Intimate History,Siddhartha Mukherjee,608,149121,1476733503,nonfiction;eye-opening reads;for history lovers;rather long;staff picks;it’s all geek to me;science!,2016
The Girl From Everywhere,Heidi Heilig,464,2031687,0062380753,"young adult;sci fi, fantasy & speculative fiction;historical fiction;family matters",2016
The Girls,Emma Cline,368,602369,081299860X,realistic fiction;the dark side;let’s talk about sex;book club ideas;staff picks,2016
The Glass Universe: How The Ladies Of The Harvard Observatory Took The Measure Of The Stars,Dava Sobel,336,392640,0670016950,nonfiction;for history lovers;biography & memoir;it’s all geek to me;eye-opening reads;science!,2016
The Godfather Notebook,Francis Ford Coppola,784,701590,168245052X,nonfiction;eye-opening reads;for art lovers;rather long;staff picks;no biz like show biz,2016
The Greatest Of Marlys,Lynda Barry,248,615438,1770462643,comics & graphic novels;funny stuff;family matters;for art lovers;seriously great writing,2016
The Gustav Sonata: A Novel,Rose Tremain,256,3326598,0393246698,historical fiction;for history lovers;identity & culture;tales from around the world;the dark side;staff picks,2016
The Hating Game,Sally Thorne,384,20988,0062439596,love & romance;let’s talk about sex;funny stuff;realistic fiction,2016
The Haunting Of Falcon House,Eugene Yelchin,320,3866385,0805098453,kids’ books;mysteries & thrillers;tales from around the world;the dark side;historical fiction;family matters,2016
The Heavenly Table: A Novel,Donald Ray Pollock,384,178577,0385541295,historical fiction;the dark side,2016
The High Mountains Of Portugal: A Novel,Yann Martel,352,1225179,0812997174,historical fiction;tales from around the world;staff picks;seriously great writing,2016
The House At The Edge Of Night: A Novel,Catherine Banner,432,2153753,0812998790,realistic fiction;book club ideas;family matters;love & romance,2016
The Indian Cooking Course,Monisha Bharadwaj,496,20519,1909487465,cookbooks & food;tales from around the world,2016
The Jazz Of Physics: The Secret Link Between Music And The Structure Of The Universe,Stephon Alexander,272,420004,0465034993,nonfiction;eye-opening reads;it’s all geek to me;for history lovers;for music lovers;staff picks;science!,2016
The Latter Days: A Memoir,Judith Freeman,336,2414875,0307908615,nonfiction;biography & memoir;book club ideas;family matters;identity & culture;staff picks,2016
The Lesser Bohemians: A Novel,Eimear McBride,320,819299,1101903481,realistic fiction;let’s talk about sex;seriously great writing;love & romance,2016
The Lie Tree,Frances Hardinge,384,260445,1419718959,"mysteries & thrillers;sci fi, fantasy & speculative fiction;seriously great writing;the dark side;young adult",2016
The Little Red Chairs,Edna O'Brien,320,1847832,0316378232,realistic fiction;tales from around the world;the dark side;seriously great writing,2016
The Lonely City: Adventures In The Art Of Being Alone,Olivia Laing,336,333451,1250039576,nonfiction;biography & memoir;for art lovers;seriously great writing;the dark side;identity & culture,2016
The Lost Time Accidents: A Novel,John Wray,512,2601884,0374281130,"sci fi, fantasy & speculative fiction;rather long;family matters;historical fiction",2016
"The Mandibles: A Family, 2029-2047",Lionel Shriver,416,695039,0062328247,realistic fiction;family matters;staff picks;book club ideas,2016
The Mayor Of Mogadishu: A Story Of Chaos And Redemption In The Ruins Of Somalia,Andrew Harding,304,922745,1250072344,nonfiction;book club ideas;eye-opening reads;for history lovers;identity & culture;tales from around the world;staff picks,2016
The Mirror Thief,Martin Seay,592,1532321,1612195148,historical fiction;mysteries & thrillers;for art lovers;rather long,2016
The Mothers: A Novel,Brit Bennett,288,921803,0399184511,realistic fiction;book club ideas;family matters;staff picks,2016
The Nest,Cynthia D'Aprix Sweeney,368,631469,0062414216,realistic fiction;family matters;funny stuff;staff picks,2016
The Night Gardener,Terry Fan and Eric Fan,48,47780,1481439782,kids’ books,2016
The Nix: A Novel,Nathan Hill,640,472669,110194661X,rather long;seriously great writing;realistic fiction;family matters,2016
The Obelisk Gate,N.K. Jemisin,448,26155,0316229261,"sci fi, fantasy & speculative fiction;book club ideas;seriously great writing",2016
The One Hundred Nights Of Hero: A Graphic Novel,Isabel Greenberg,224,421560,0316259179,comics & graphic novels;funny stuff;for art lovers,2016
The Only Rule Is It Has To Work: Our Wild Experiment Building A New Kind of Baseball Team,Ben Lindbergh and Sam Miller,,,,nonfiction;staff picks;it’s all geek to me;for sports lovers,2016
The Opposite Zoo,Il Sung Na,24,1186337,0553511270,kids’ books;staff picks,2016
The Other Slavery: The Uncovered Story Of Indian Enslavement In America,Andrés Reséndez,448,1187261,0547640986,nonfiction;for history lovers;eye-opening reads;the dark side;the states we’re in,2016
The Paper Menagerie,Ken Liu,464,160789,1481442546,"short stories, essays & poetry;sci fi, fantasy & speculative fiction;identity & culture;seriously great writing",2016
"The Point Is: Making Sense Of Birth, Death, And Everything In Between",Lee Eisenberg,304,3798549,1455550469,nonfiction;biography & memoir;staff picks,2016
The Portable Veblen: A Novel,Elizabeth McKenzie,448,1326539,1594206856,realistic fiction;funny stuff;love & romance,2016
The Queen Of The Night,Alexander Chee,576,1939065,0618663029,historical fiction;for music lovers;rather long;no biz like show biz,2016
The Reader,Traci Chee,464,632912,0399176772,"young adult;sci fi, fantasy & speculative fiction",2016
The Red Parts: Autobiography Of A Trial,Maggie Nelson,224,924842,1555977367,nonfiction;biography & memoir;book club ideas;family matters;seriously great writing;the dark side,2016
The Red Rooster Cookbook: The Story Of Food And Hustle In Harlem,Marcus Samuelsson,384,172558,0544639774,cookbooks & food;identity & culture;for music lovers,2016
The Regional Office Is Under Attack!: A Novel,Manuel Gonzales,416,2656628,1594632413,"sci fi, fantasy & speculative fiction;mysteries & thrillers;the dark side",2016
"The Return: Fathers, Sons And The Land In Between",Hisham Matar,256,853835,0812994825,nonfiction;biography & memoir;family matters;tales from around the world;seriously great writing;staff picks,2016
The Romanovs: 1613-1918,Simon Sebag Montefiore,784,447717,0307266524,nonfiction;biography & memoir;family matters;for history lovers;tales from around the world;rather long;staff picks;the dark side,2016
The Second Life Of Nick Mason,Steve Hamilton,304,1469211,0399574328,mysteries & thrillers;the dark side;staff picks,2016
The Selfishness Of Others: An Essay On The Fear Of Narcissism,Kristin Dombek,160,1264380,0865478236,"nonfiction;rather short;staff picks;short stories, essays & poetry",2016
The Seventh Wish,Kate Messner,240,2985033,1619633760,kids’ books;family matters,2016
The Singing Bones,Shaun Tan,192,633940,0545946123,"for art lovers;eye-opening reads;tales from around the world;sci fi, fantasy & speculative fiction",2016
The Sound Of Silence,"Katrina Goldsaito, illustrated by Julia Kuo",40,129422,0316203378,kids’ books;eye-opening reads;tales from around the world,2016
The Speed Of Sound: Breaking The Barriers Between Music And Technology: A Memoir,Thomas Dolby,288,1863561,1250071844,nonfiction;biography & memoir;for music lovers;staff picks;it’s all geek to me,2016
The Sport Of Kings,C.E. Morgan,560,1766501,0374281084,rather long;family matters;historical fiction;for sports lovers,2016
The Story Of A Brief Marriage: A Novel,Anuk Arudpragasam,208,3224641,1250072409,realistic fiction;tales from around the world;staff picks;seriously great writing;book club ideas;rather short;the dark side,2016
The Story Of Hong Gildong,edited and translated by Minsoo Kang,128,196439,0143107690,"rather short;identity & culture;tales from around the world;sci fi, fantasy & speculative fiction",2016
The Storyteller,Evan Turk,48,985061,1481435183,kids’ books;staff picks;identity & culture;for art lovers,2016
The Summer Before The War: A Novel,Helen Simonson,496,190947,0812993101,book club ideas;historical fiction;rather long,2016
The Sunlight Pilgrims,Jenni Fagan,288,2665580,0553418874,"sci fi, fantasy & speculative fiction;identity & culture;family matters;tales from around the world",2016
The Theoretical Foot,M.F.K. Fisher,304,4986927,1619026147,realistic fiction;love & romance;cookbooks & food,2016
The Trespasser: A Novel,Tana French,464,418855,0670026336,mysteries & thrillers;tales from around the world;the dark side;staff picks,2016
The Ultimate Ambition In The Arts Of Erudition: A Compendium Of Knowledge From The Classical Islamic World,"Shihab al-Din al-Nuwayri, translated by Elias Muhanna",352,1490162,0143107488,nonfiction;eye-opening reads;for history lovers;let’s talk about sex;identity & culture,2016
The Underground Railroad: A Novel,Colson Whitehead,320,43759,0385542364,"book club ideas;identity & culture;staff picks;seriously great writing;the dark side;sci fi, fantasy & speculative fiction;the states we’re in",2016
The Vanishing Velázquez: A 19th Century Bookseller's Obsession With A Lost Masterpiece,Laura Cumming,320,213355,147676218X,nonfiction;for history lovers;seriously great writing;for art lovers;it’s all geek to me,2016
The Vegetarian: A Novel,Han Kang,208,5188,1101906111,realistic fiction;book club ideas;the dark side;seriously great writing;tales from around the world;staff picks;rather short,2016
The Wangs Vs. The World,Jade Chang,368,3999102,0544734092,realistic fiction;family matters;identity & culture;book club ideas;the states we’re in,2016
The White Donkey: Terminal Lance,Maximilian Uriarte,288,148458,0316362832,realistic fiction;comics & graphic novels;book club ideas;eye-opening reads;the dark side,2016
The Widow: A Novel,Fiona Barton,336,1281379,1101990260,book club ideas;mysteries & thrillers;the dark side,2016
The Winged Histories,Sofia Samatar,300,5642207,1618731149,"sci fi, fantasy & speculative fiction",2016
The Wonder,Emma Donoghue,304,1448729,0316393878,realistic fiction;book club ideas;historical fiction;staff picks,2016
The Year Of The Runaways: A Novel,Sunjeev Sahota,496,697426,1101946105,realistic fiction;family matters;identity & culture;eye-opening reads;tales from around the world;the dark side;seriously great writing;staff picks;rather long,2016
The Yid,Paul Goldberg,320,1901493,1250079039,historical fiction;tales from around the world;the dark side;no biz like show biz,2016
They All Saw A Cat,Brendan Wenzel,44,4927,1452150133,kids’ books;staff picks;eye-opening reads,2016
"They May Not Mean To, But They Do: A Novel",Cathleen Schine,304,2516527,0374280134,realistic fiction;family matters;funny stuff;book club ideas,2016
Things From The Flood,Simon Stålenhag,128,2865058,1624650465,"comics & graphic novels;sci fi, fantasy & speculative fiction;the dark side",2016
This Census-Taker,China Miéville,224,3024778,1101967323,"sci fi, fantasy & speculative fiction;mysteries & thrillers;the dark side;family matters",2016
Thomas Jefferson Dreams Of Sally Hemings: A Novel,Stephen O'Connor,624,3619041,0525429964,historical fiction;book club ideas;family matters;for history lovers;rather long;staff picks,2016
Thunder Boy Jr.,"Sherman Alexie, illustrated by Yuyi Morales",40,102466,0316013722,funny stuff;kids’ books;identity & culture,2016
Today Will Be Different,Maria Semple,272,157346,0316403431,realistic fiction;book club ideas;family matters;funny stuff;staff picks,2016
Trouble Boys: The True Story Of The Replacements,Bob Mehr,520,412096,0306818795,for music lovers;nonfiction;biography & memoir;staff picks;no biz like show biz,2016
Umami,"Laia Jufresa, translated by Sophie Hughes",240,3929697,1780748914,realistic fiction;family matters;seriously great writing;tales from around the world;staff picks,2016
Underground Airlines,Ben H. Winters,336,1478736,0316261246,"mysteries & thrillers;book club ideas;staff picks;sci fi, fantasy & speculative fiction",2016
Urban Forests: A Natural History Of Trees And People In The American Cityscape,Jill Jonnes,416,1610629,0670015660,nonfiction;eye-opening reads;for history lovers;staff picks;science!;the states we’re in,2016
"Utopia For Realists: The Case For A Universal Basic Income, Open Borders, And A 15-hour Workweek","Rutger Bregman, translated by Elizabeth Manton",,8561348,9082520303,nonfiction;eye-opening reads;book club ideas;staff picks,2016
Version Control: A Novel,Dexter Palmer,512,922575,0307907597,"sci fi, fantasy & speculative fiction;seriously great writing;rather long;staff picks",2016
Vision Volume 1: Little Worse Than A Man,"Tom King, illustrated by Gabriel Hernandez Walta",136,283369,0785196579,comics & graphic novels;family matters;book club ideas;seriously great writing;the dark side,2016
Ways To Disappear,Idra Novey,272,2444644,0316298492,seriously great writing;tales from around the world;realistic fiction;family matters,2016
What Belongs To You: A Novel,Garth Greenwell,208,352201,1250117895,identity & culture;let’s talk about sex;love & romance;seriously great writing;tales from around the world;realistic fiction,2016
What Is Not Yours Is Not Yours,Helen Oyeyemi,336,8203967,0143197835,"short stories, essays & poetry;staff picks;book club ideas",2016
When Breath Becomes Air,Paul Kalanithi,228,466,081298840X,nonfiction;biography & memoir;book club ideas;family matters;staff picks;science!,2016
When The Sea Turned To Silver,Grace Lin,384,355476,031612592X,"kids’ books;identity & culture;mysteries & thrillers;sci fi, fantasy & speculative fiction;tales from around the world",2016
Where Am I Now?: True Stories Of Girlhood And Accidental Fame,Mara Wilson,272,252116,0143128221,nonfiction;biography & memoir;family matters;no biz like show biz,2016
Where It Hurts,Reed Farrel Coleman,368,223745,039917303X,mysteries & thrillers;staff picks,2016
White Trash: The 400-Year Untold History Of Class In America,Nancy Isenberg,460,166189,0670785970,nonfiction;book club ideas;eye-opening reads;for history lovers;identity & culture;seriously great writing;staff picks;rather long;the states we’re in,2016
Why We Came To The City,Kristopher Jansma,432,4921160,0525426604,realistic fiction;book club ideas;love & romance,2016
Wolf Hollow,Lauren Wolk,304,95794,1101994827,book club ideas;historical fiction;kids’ books;realistic fiction;seriously great writing,2016
Yashim Cooks Istanbul,Jason Goodwin,224,933153,0957254016,cookbooks & food;mysteries & thrillers;tales from around the world;staff picks,2016
You Will Know Me,Megan Abbott,352,1030555,031623107X,mysteries & thrillers;family matters;staff picks;for sports lovers,2016
You'll Grow Out Of It,Jessi Klein,304,1645589,1455531189,"nonfiction;book club ideas;family matters;funny stuff;let’s talk about sex;staff picks;short stories, essays & poetry",2016
Zero K,Don DeLillo,288,1928414,1501135392,staff picks;book club ideas;seriously great writing,2016
18 And Life On Skid Row,Sebastian Bach,448,951425,0062265393,staff picks;biography & memoir;nonfiction;for music lovers;no biz like show biz,2017
300 Arguments: Essays,Sarah Manguso,104,431762,1555977642,"staff picks;short stories, essays & poetry",2017
4 3 2 1: A Novel,Paul Auster,880,395343,1627794468,rather long;historical fiction;realistic fiction;book club ideas;staff picks;the states we’re in,2017
5 Worlds Book 1: The Sand Warrior,"Alexis Siegel and Mark Siegel, illustrated by Xanthe Bouma, Matt Rockefeller and Boya Sun",256,75543,110193588X,"kids’ books;sci fi, fantasy & speculative fiction",2017
A Conspiracy In Belgravia (The Lady Sherlock Series),Sherry Thomas,336,341756,0425281418,historical fiction;mysteries & thrillers,2017
A Face Like Glass,Frances Hardinge,496,1004389,1419724843,"sci fi, fantasy & speculative fiction;young adult;seriously great writing;rather long",2017
"A Greyhound, A Groundhog","Emily Jenkins, illustrated by Chris Appelhans",32,225558,0553498053,staff picks;kids’ books,2017
A Perfect Day,Lane Smith,32,832867,1626725365,kids’ books,2017
A Separation: A Novel,Katie Kitamura,240,635232,039957610X,staff picks;realistic fiction;book club ideas;the dark side;family matters,2017
A Thousand Coloured Castles,Gareth Brookes,208,2846727,0271079274,comics & graphic novels;staff picks,2017
A.D.: After Death,"Scott Snyder, illustrated by Jeff Lemire",256,1000913,163215868X,"comics & graphic novels;sci fi, fantasy & speculative fiction;staff picks",2017
Accident!,Andrea Tsurumi,48,787565,0544944801,kids’ books;funny stuff,2017
Affluence Without Abundance: The Disappearing World Of The Bushmen,James Suzman,320,1619498,1632865726,nonfiction;eye-opening reads;for history lovers;identity & culture;tales from around the world;staff picks,2017
After Kathy Acker: A Literary Biography,Chris Kraus,352,3210460,1635900069,staff picks;nonfiction;biography & memoir;for art lovers;let’s talk about sex,2017
After the Fall (How Humpty Dumpty Got Back Up Again),Dan Santat,40,1978,1626726825,kids’ books;funny stuff,2017
Age Of Anger: A History Of the Present,Pankaj Mishra,416,830016,0374274789,nonfiction;staff picks;for history lovers;book club ideas;identity & culture;the states we’re in,2017
Akata Warrior,Nnedi Okorafor,496,1191970,067078561X,"young adult;rather long;sci fi, fantasy & speculative fiction;identity & culture",2017
Ali: A Life,Jonathan Eig,640,256297,0544435249,biography & memoir;rather long;nonfiction;for history lovers;no biz like show biz;for sports lovers,2017
All Grown Up,Jami Attenberg,208,1901481,0544824245,realistic fiction;staff picks;book club ideas;family matters;funny stuff,2017
Amanda Wakes Up: A Novel,Alisyn Camerota,336,1137833,0399563997,realistic fiction;funny stuff;staff picks;no biz like show biz,2017
"American Fire: Love, Arson, And Life In A Vanishing Land",Monica Hesse,288,127213,1631490516,nonfiction;staff picks;book club ideas;love & romance;the dark side;the states we’re in,2017
American War: A Novel,Omar El Akkad,352,338577,0451493583,"staff picks;sci fi, fantasy & speculative fiction;book club ideas;the dark side;the states we’re in",2017
Amina's Voice,Hena Khan,208,214274,1481492063,kids’ books;family matters;identity & culture,2017
An American Sickness: How Healthcare Became Big Business And How You Can Take It Back,Elisabeth Rosenthal,416,171179,1594206759,nonfiction;eye-opening reads;it’s all geek to me;science!;rather long;staff picks;the states we’re in,2017
"An Odyssey: A Father, A Son, And An Epic",Daniel Mendelsohn,320,795939,0385350597,staff picks;nonfiction;biography & memoir;family matters;for art lovers;seriously great writing;staff picks,2017
An Unkindness Of Ghosts,Rivers Solomon,352,230206,1617755885,"sci fi, fantasy & speculative fiction;seriously great writing;identity & culture;eye-opening reads",2017
An Unkindness Of Magicians,Kat Howard,368,503646,1481451197,"sci fi, fantasy & speculative fiction;book club ideas;mysteries & thrillers",2017
And Your Daughters Shall Prophesy: Stories From The Byways Of American Women And Religion,Adrian Shirk,272,2755040,1619029537,nonfiction;identity & culture;eye-opening reads;for history lovers;the states we’re in,2017
"Anne Boleyn, A King's Obsession: A Novel",Alison Weir,560,805566,1101966513,historical fiction;rather long;book club ideas;for history lovers,2017
Anything Is Possible: A Novel,Elizabeth Strout,272,370417,0812989406,realistic fiction;staff picks;book club ideas;family matters;seriously great writing,2017
Arabia Felix: The Danish Expedition Of 1761-1767,"Thorkild Hansen, translated by James McFarlane and Kathleen McFarlane",400,454638,1681370727,nonfiction;staff picks;for history lovers;tales from around the world;the dark side;eye-opening reads,2017
At The Lightning Field,Laura Raicovich,104,3725771,1566894662,nonfiction;rather short;for art lovers;staff picks,2017
Autonomous: A Novel,Annalee Newitz,304,219087,0765392070,"sci fi, fantasy & speculative fiction;it’s all geek to me;let’s talk about sex;love & romance;science!",2017
Autopsy: Poems,Donte Collins,72,1530903,1943735115,"short stories, essays & poetry;staff picks;family matters;identity & culture",2017
Autumn,Karl Ove Knausgaard,240,129101,039956330X,nonfiction;staff picks;seriously great writing;tales from around the world;biography & memoir;family matters;eye-opening reads,2017
Autumn: A Novel,Ali Smith,288,79602,1101969946,realistic fiction;book club ideas;for art lovers;seriously great writing;tales from around the world;staff picks,2017
Back Pocket Pasta: Inspired Dinners To Cook On The Fly,Colu Henry,240,186068,0553459740,cookbooks & food,2017
Bad Dreams And Other Stories,Tessa Hadley,240,2024884,0062476661,"short stories, essays & poetry;family matters;realistic fiction;tales from around the world",2017
Baking Class: 50 Fun Recipes Kids Will Love To Bake!,Deanna F. Cook,144,106098,1612128556,cookbooks & food;kids’ books,2017
Baking With Kafka,Tom Gauld,160,924731,1770462961,comics & graphic novels;funny stuff;for art lovers,2017
Based On A True Story: A Novel,Delphine de Vigan,384,5216897,1632868156,the dark side;tales from around the world;mysteries & thrillers,2017
"Basketball (and Other Things): A Collection Of Questions Asked, Answered, Illustrated","Shea Serrano, illustrated by Arturo Torres",240,635044,1419726471,biography & memoir;rather long;nonfiction;for history lovers;no biz like show biz;for sports lovers,2017
Bellevue: Three Centuries Of Medicine And Mayhem At America's Most Storied Hospital,David Oshinsky,416,105278,0307386716,staff picks;nonfiction;for history lovers;science!;eye-opening reads;the states we’re in,2017
Between Them: Remembering My Parents,Richard Ford,192,1764727,0062661884,staff picks;biography & memoir;nonfiction;book club ideas;family matters;rather short;the states we’re in,2017
Beyond The Bright Sea,Lauren Wolk,304,48040,1101994851,kids’ books;mysteries & thrillers,2017
"Bird, Balloon, Bear",Il Sung Na,32,1436371,0399551557,staff picks;kids’ books,2017
Black Bolt Vol. 1: Hard Time,"Saladin Ahmed, illustrated by Christian Ward",136,647455,1302907328,"comics & graphic novels;it’s all geek to me;sci fi, fantasy & speculative fiction;staff picks",2017
Bleaker House: Chasing My Novel To The End Of The World,Nell Stevens,256,3348140,0385541554,biography & memoir;book club ideas,2017
Blue Sky White Stars,"Sarvinder Naberhaus, illustrated by Kadir Nelson",40,336759,0803737009,kids’ books;staff picks;for history lovers;identity & culture;for art lovers;the states we’re in,2017
Bolivar,Sean Rubin,224,933178,1684150698,kids’ books,2017
Botox Nation: Changing The Face Of America,Dana Berkowitz,256,1177295,1479825263,nonfiction;staff picks;science!;eye-opening reads;the states we’re in,2017
Boundless,Jillian Tamaki,248,1689019,1770462872,"comics & graphic novels;short stories, essays & poetry",2017
Breathless,Beverly Jenkins,384,917928,0062389025,book club ideas;eye-opening reads;identity & culture;historical fiction;love & romance;let’s talk about sex,2017
Brimstone,Cherie Priest,336,3569722,1101990732,"sci fi, fantasy & speculative fiction;for history lovers;love & romance",2017
"Bunk: The Rise of Hoaxes, Humbug, Plagiarists, Phonies, Post-Facts, And Fake News",Kevin Young,480,652681,155597791X,nonfiction;for history lovers;identity & culture;eye-opening reads;rather long;staff picks;the states we’re in,2017
Calling A Wolf A Wolf,Kaveh Akbar,100,75667,1938584678,"short stories, essays & poetry;the dark side;biography & memoir;staff picks",2017
"Chai, Chaat & Chutney: A Street Food Journey Through India",Chetna Makan,240,640749,1784722871,cookbooks & food;tales from around the world;no biz like show biz,2017
Chemistry: A Novel,Weike Wang,224,939798,1524731749,staff picks;realistic fiction;family matters;science!;staff picks;funny stuff;love & romance;identity & culture,2017
Chester B. Himes: A Biography,Lawrence P. Jackson,624,1677535,0393063895,staff picks;rather long;biography & memoir;eye-opening reads;identity & culture;nonfiction;for art lovers,2017
Cinemaps: An Atlas Of 35 Great Movies,"Andrew DeGraff, with essays by A.D. Jameson",160,639115,1594749892,staff picks;for art lovers;nonfiction;it’s all geek to me;no biz like show biz,2017
City Of Saints And Thieves,Natalie C. Anderson,432,2556636,0399547584,young adult;mysteries & thrillers;tales from around the world,2017
Conversations With Friends: A Novel,Sally Rooney,320,225488,0451499050,realistic fiction;staff picks;book club ideas;let’s talk about sex;love & romance,2017
Cook Japanese At Home,Kimiko Barber,256,3793710,1909487635,cookbooks & food;tales from around the world,2017
"Cork Dork: A Wine-Fueled Adventure Among The Obsessive Sommeliers, Big Bottle Hunters, And Rogue Scientists Who Taught Me To Live For Taste",Bianca Bosker,352,32110,0143128094,cookbooks & food;nonfiction;biography & memoir;eye-opening reads;it’s all geek to me;science!;staff picks,2017
Crown: An Ode To The Fresh Cut (Denene Millner Books),"Derrick Barnes, illustrated by Gordon C. James",32,45964,1572842245,kids’ books;identity & culture,2017
Dadland,Keggie Carew,432,3100086,080212514X,biography & memoir;family matters;for history lovers;nonfiction;eye-opening reads;book club ideas,2017
Dare Not Linger: The Presidential Years,Nelson Mandela and Mandla Langa,384,1277917,0374134715,staff picks;biography & memoir;nonfiction;for history lovers;tales from around the world,2017
Dark At The Crossing,Elliot Ackerman,256,3761195,1101947373,realistic fiction;tales from around the world;seriously great writing;the dark side;love & romance;staff picks,2017
Days Without End: A Novel,Sebastian Barry,272,1105737,0525427368,staff picks;realistic fiction;historical fiction;book club ideas;for history lovers,2017
"Dear Friend, From My Life I Write To You In Your Life",Yiyun Li,224,110747,0399589104,biography & memoir;tales from around the world;staff picks,2017
"Dear Ijeawele, Or A Feminist Manifesto In Fifteen Suggestions",Chimamanda Ngozi Adichie,80,942336,152473313X,staff picks;rather short;nonfiction;eye-opening reads;identity & culture,2017
"Devil's Bargain: Steve Bannon, Donald Trump, And The Storming Of The Presidency",Joshua Green,272,1001677,0735225028,nonfiction;eye-opening reads;the states we’re in,2017
Difficult Women,Roxane Gay,272,440155,0802125395,"short stories, essays & poetry;staff picks;book club ideas;eye-opening reads;family matters;let’s talk about sex;the dark side",2017
Dining In: Highly Cookable Recipes,Alison Roman,303,14067,045149699X,cookbooks & food,2017
"Dinner In An Instant: 75 Modern Recipes For Your Pressure Cooker, Multicooker And Instant Pot",Melissa Clark,160,45665,1524762962,cookbooks & food;it’s all geek to me,2017
Do I Make Myself Clear?: Why Writing Well Matters,Harold Evans,416,2008479,0316277177,staff picks;nonfiction;for art lovers;it’s all geek to me,2017
Draft No. 4: On The Writing Process,John McPhee,208,273762,0374142742,nonfiction;eye-opening reads;seriously great writing;staff picks;it’s all geek to me;for art lovers,2017
Dreaming The Beatles: The Love Story Of One Band And The Whole World,Rob Sheffield,368,926986,0062207652,nonfiction;biography & memoir;book club ideas;for music lovers;for history lovers;funny stuff;seriously great writing;staff picks;no biz like show biz,2017
Dunbar (Hogarth Shakespeare),Edward St. Aubyn,256,1468789,1101904283,realistic fiction;family matters;the dark side;for art lovers;book club ideas,2017
Eartha,Cathy Malkasian,256,2100388,1606999915,"staff picks;comics & graphic novels;sci fi, fantasy & speculative fiction",2017
Easternization: Asia's Rise And America's Decline From Obama To Trump And Beyond,Gideon Rachman,336,315389,1590518519,nonfiction;staff picks;eye-opening reads;tales from around the world;the states we’re in,2017
Eat Only When You're Hungry: A Novel,Lindsay Hunter,224,3162215,0374146152,realistic fiction;mysteries & thrillers;the dark side;family matters,2017
Eleanor Oliphant Is Completely Fine,Gail Honeyman,336,70801,0735220689,realistic fiction;love & romance;seriously great writing,2017
Electric Arches,Eve L. Ewing,94,1121732,1608468569,"short stories, essays & poetry;staff picks;identity & culture;seriously great writing",2017
Enemy Of The Good,Matthew Palmer,400,2305976,0399175024,mysteries & thrillers;staff picks;tales from around the world,2017
Everything Is Flammable,Gabrielle Bell,160,1945512,1941250181,comics & graphic novels;biography & memoir;nonfiction,2017
Exit West: A Novel,Mohsin Hamid,240,129682,0735212171,tales from around the world;book club ideas;love & romance;seriously great writing;realistic fiction;staff picks,2017
Far From The Tree,Robin Benway,384,414110,0062330624,young adult;family matters;realistic fiction,2017
Felix Yz,Lisa Bunker,288,4362811,0425288501,"kids’ books;sci fi, fantasy & speculative fiction;identity & culture",2017
Fen: Stories,Daisy Johnson,208,2150110,155597774X,"short stories, essays & poetry;tales from around the world;the dark side;let’s talk about sex",2017
Fierce Kingdom: A Novel,Gin Phillips,288,862879,0735224277,staff picks;realistic fiction;mysteries & thrillers;the dark side,2017
Fire!!: The Zora Neale Hurston Story,Peter Bagge,104,2402129,1770462694,comics & graphic novels;for art lovers;for history lovers;biography & memoir;nonfiction;identity & culture,2017
Five-Carat Soul,James McBride,320,763613,073521669X,"short stories, essays & poetry;seriously great writing;for music lovers;book club ideas;sci fi, fantasy & speculative fiction",2017
Franklin D. Roosevelt: A Political Life,Robert Dallek,704,607608,0525427902,book club ideas;for history lovers;nonfiction;biography & memoir;staff picks;rather long,2017
Fresh Complaint: Stories,Jeffrey Eugenides,304,809694,0374203067,"short stories, essays & poetry;staff picks;book club ideas",2017
From Here To Eternity: Traveling The World To Find The Good Death,Caitlin Doughty,272,296432,0393249891,nonfiction;tales from around the world;the dark side;it’s all geek to me;staff picks,2017
Frontier,"Can Xue, translated by Karen Gernant and Chen Zeping",470,756694,1940953545,"sci fi, fantasy & speculative fiction;seriously great writing;rather long",2017
Ghost Of The Innocent Man: A True Story Of Trial And Redemption,Benjamin Rachlin,400,2005186,0316311499,nonfiction;identity & culture;the dark side;eye-opening reads,2017
Ghosts Of The Tsunami: Death And Life In Japan's Disaster Zone,Richard Lloyd Parry,320,1120312,0374253978,nonfiction;tales from around the world;the dark side;eye-opening reads;identity & culture,2017
Glass Houses: A Novel,Louise Penny,400,145418,1250066190,staff picks;mysteries & thrillers;the dark side,2017
Golden Hill: A Novel Of Old New York,Francis Spufford,320,799778,1501163876,staff picks;historical fiction;book club ideas;for history lovers;seriously great writing,2017
"Good Booty: Love And Sex, Black And White, Body And Soul In American Music",Ann Powers,448,2081333,0062463691,nonfiction;for music lovers;let’s talk about sex;for history lovers;identity & culture;the states we’re in;no biz like show biz,2017
"Goodbye, Vitamin: A Novel",Rachel Khong,208,180824,1250109167,realistic fiction;staff picks;family matters;book club ideas,2017
Gorbachev: His Life And Times,William Taubman,880,442526,0393647013,nonfiction;rather long;staff picks;for history lovers;biography & memoir;tales from around the world,2017
Grace And The Fever,Zan Romanoff,352,2853438,1524720844,young adult;realistic fiction;staff picks;for music lovers;love & romance;no biz like show biz,2017
Greater Gotham: A History Of New York City From 1898 To 1919,Mike Wallace,1196,410565,0195116356,rather long;nonfiction;for history lovers;eye-opening reads;the states we’re in,2017
Harmless Like You: A Novel,Rowan Hisayo Buchanan,320,7311023,1324000740,staff picks;realistic fiction;book club ideas;family matters;for art lovers;identity & culture,2017
Hate To Want You: Forbidden Hearts,Alisha Rai,384,1410910,0062566733,staff picks;love & romance;let’s talk about sex,2017
"Hello, Universe","Erin Entrada Kelly, illustrated by Isabel Roxas",320,72909,0062414151,kids’ books,2017
Her Body And Other Parties: Stories,Carmen Maria Machado,248,38615,155597788X,"short stories, essays & poetry;seriously great writing;book club ideas;sci fi, fantasy & speculative fiction",2017
Her Every Fear: A Novel,Peter Swanson,352,1124373,0062427024,staff picks;realistic fiction;mysteries & thrillers,2017
Her Right Foot,"Dave Eggers, illustrated by Shawn Harris",112,56687,1452162816,kids’ books;historical fiction,2017
Here We Are: Notes For Living On Planet Earth,Oliver Jeffers,48,3771,0399167897,kids’ books;staff picks;family matters,2017
History of Wolves: A Novel,Emily Fridlund,288,582592,0802125875,realistic fiction;mysteries & thrillers;the dark side;family matters,2017
Hollow: A Novel,Owen Egerton,240,4269756,1619029405,"seriously great writing;the dark side;mysteries & thrillers;sci fi, fantasy & speculative fiction",2017
Home Fire: A Novel,Kamila Shamsie,276,348327,0735217688,realistic fiction;staff picks;book club ideas;eye-opening reads;family matters;identity & culture;love & romance;tales from around the world,2017
Hostage,Guy Delisle,436,1079006,1770462791,staff picks;comics & graphic novels;nonfiction;biography & memoir;the dark side;tales from around the world,2017
House Of Names: A Novel,Colm Tóibín,288,655611,1501140213,for art lovers;historical fiction;family matters;the dark side;seriously great writing,2017
House Of Women,Sophie Goldstein,200,2491979,1683960513,"comics & graphic novels;sci fi, fantasy & speculative fiction;the dark side",2017
Human Acts: A Novel,Han Kang,240,6618,110190674X,mysteries & thrillers;historical fiction;the dark side;eye-opening reads;tales from around the world;book club ideas,2017
Hunger: A Memoir Of (My) Body,Roxane Gay,320,588082,0062362593,nonfiction;staff picks;biography & memoir;identity & culture;the dark side;book club ideas;eye-opening reads,2017
I Believe In A Thing Called Love,Maurene Goo,336,2123783,0374304041,young adult;love & romance;funny stuff;identity & culture;realistic fiction,2017
"I Survived The American Revolution, 1776",Lauren Tarshis,144,3423,0545919738,kids’ books;staff picks;historical fiction;for history lovers;the states we’re in,2017
I'm Just No Good At Rhyming: And Other Nonsense For Mischievous Kids And Immature Grown-Ups,"Chris Harris, illustrated by Lane Smith",192,677766,0316266574,"kids’ books;staff picks;short stories, essays & poetry;for art lovers",2017
Ill Will: A Novel,Dan Chaon,496,680341,0345476042,mysteries & thrillers;the dark side;realistic fiction;family matters;rather long,2017
Inside Studio 54,Mark Fleischman,368,644096,1945572574,staff picks;nonfiction;identity & culture;for history lovers,2017
Iraq +100: The First Anthology Of Science Fiction To Have Emerged From Iraq,Hassan Blasim (editor),223,3455692,1250161320,"sci fi, fantasy & speculative fiction;tales from around the world;eye-opening reads;short stories, essays & poetry",2017
Isadora: A Novel,Amelia Gray,400,4085348,0374279985,historical fiction;for art lovers;for history lovers;no biz like show biz,2017
Istanbul And Beyond: Exploring The Diverse Cuisines Of Turkey,Robyn Eckhardt,352,1433842,0544444310,cookbooks & food;tales from around the world,2017
Jabari Jumps,Gaia Cornwall,32,15808,0763678384,staff picks;kids’ books,2017
Jade City,Fonda Lee,512,45449,0316440868,"staff picks;sci fi, fantasy & speculative fiction;family matters;rather long",2017
Janesville: An American Story,Amy Goldstein,368,275804,1501102230,staff picks;nonfiction;eye-opening reads;the states we’re in,2017
Keeping On Keeping On,Alan Bennett,736,230534,0374181055,"staff picks;nonfiction;biography & memoir;tales from around the world;rather long;for art lovers;short stories, essays & poetry",2017
Kill All Normies: Online Culture Wars From 4Chan And Tumblr To Trump And The Alt-Right,Angela Nagle,136,601774,1785355430,staff picks;nonfiction;eye-opening reads;it’s all geek to me;identity & culture;rather short;the states we’re in,2017
Killers Of The Flower Moon: The Osage Murders And The Birth Of The FBI,David Grann,352,23204,0385534248,staff picks;nonfiction;for history lovers;the dark side;identity & culture;eye-opening reads;the states we’re in,2017
L'Appart: The Delights And Disasters Of Making My Paris Home,David Lebovitz,368,251590,0804188386,staff picks;nonfiction;biography & memoir;tales from around the world;funny stuff;cookbooks & food,2017
Lady Killers: Deadly Women Throughout History,Tori Telfer,352,232848,0062433733,nonfiction;eye-opening reads;the dark side;for history lovers,2017
Lea: A Novel,Pascal Mercier,225,3087190,0802121667,family matters;realistic fiction;tales from around the world;for music lovers;staff picks,2017
Leopard At The Door: A Novel,Jennifer McVeigh,417,644536,0735210381,realistic fiction;staff picks;tales from around the world;historical fiction;identity & culture;family matters,2017
Lilli De Jong: A Novel,Janet Benton,352,3220290,0385541457,historical fiction;family matters;book club ideas,2017
Lincoln In The Bardo: A Novel,George Saunders,368,61709,0812995341,"historical fiction;family matters;rather long;seriously great writing;for history lovers;sci fi, fantasy & speculative fiction",2017
Lines,Suzy Lee,40,625433,1452156654,biography & memoir;rather long;nonfiction;for history lovers;no biz like show biz;for sports lovers,2017
Literary Witches: A Celebration Of Magical Women Writers,"Taisia Kitaiskaia, illustrated by Katy Horan",128,383902,1580056733,"nonfiction;short stories, essays & poetry;for art lovers",2017
"Literature Class, Berkeley 1980","Julio Cortázar , translated by Katherine Silver",280,1827786,0811225348,"nonfiction;book club ideas;short stories, essays & poetry;for art lovers",2017
Little Fires Everywhere,Celeste Ng,352,100693,0735224293,realistic fiction;staff picks;identity & culture;family matters;book club ideas,2017
Locking Up Our Own: Crime and Punishment in Black America,James Forman Jr.,320,254947,0374189978,staff picks;nonfiction;eye-opening reads;the states we’re in,2017
Lotus: A Novel,Lijia Zhang,384,2132561,1627795669,realistic fiction;book club ideas;identity & culture;tales from around the world,2017
"Love, Santa","Martha Brockenbrough, illustrated by Lee White",32,466420,0545700302,staff picks;kids’ books;family matters,2017
Lucia The Luchadora,"Cynthia Leonor Garza, illustrated by Alyssa Bermudez",32,45234,1576878279,kids’ books;staff picks,2017
Lucky Boy,Shanthi Sekaran,480,2273396,1101982241,realistic fiction;rather long;book club ideas;family matters;identity & culture;staff picks,2017
Lucky You: A Novel,Erika Carter,288,4587326,1619028999,realistic fiction;let’s talk about sex,2017
Luna: Wolf Moon: A Novel,Ian McDonald,400,863632,0765375532,"sci fi, fantasy & speculative fiction;the dark side;mysteries & thrillers",2017
Madame President: The Extraordinary Journey Of Ellen Johnson Sirleaf,Helene Cooper,336,759112,145169735X,staff picks;biography & memoir;nonfiction;tales from around the world,2017
Made For Love: A Novel,Alissa Nutting,320,337521,0062280554,staff picks;realistic fiction;family matters;funny stuff;let’s talk about sex,2017
Magpie Murders: A Novel,Anthony Horowitz,496,72987,0062645226,rather long;mysteries & thrillers;staff picks;book club ideas;for art lovers;tales from around the world;the dark side,2017
Manhattan Beach: A Novel,Jennifer Egan,448,270014,1476716730,historical fiction;staff picks;book club ideas;family matters;realistic fiction,2017
Marlena: A Novel,Julie Buntin,288,924479,1627797645,realistic fiction;staff picks;book club ideas;the dark side,2017
Meddling Kids: A Novel,Edgar Cantero,336,930758,0385541996,mysteries & thrillers;funny stuff;the dark side;it’s all geek to me,2017
Meet Me In The Bathroom: Rebirth And Rock And Roll In New York City 2001-2011,Lizzy Goodman,640,593236,0062233092,nonfiction;rather long;for music lovers;for history lovers;staff picks;no biz like show biz,2017
Memory's Last Breath: Field Notes On My Dementia,Gerda Saunders,288,1370596,0316502626,nonfiction;biography & memoir;seriously great writing;book club ideas;eye-opening reads;staff picks,2017
Men Without Women: Stories,"Haruki Murakami, translated by Philip Gabriel and Theodore Goossen",240,346585,0451494628,"staff picks;short stories, essays & poetry;love & romance;the dark side",2017
Mikhail And Margarita: A Novel,Julie Lekstrom Himes,336,1186616,1609453751,historical fiction;for art lovers;tales from around the world,2017
Miles Morales: Spider-Man (A Marvel YA Novel),Jason Reynolds,272,776994,148478748X,"young adult;identity & culture;it’s all geek to me;sci fi, fantasy & speculative fiction",2017
Milk Street: The New Home Cooking,Christopher Kimball,336,766846,031643728X,cookbooks & food;it’s all geek to me,2017
Minecraft: The Island: A Novel,Max Brooks,288,19126,0399181776,"kids’ books;it’s all geek to me;sci fi, fantasy & speculative fiction",2017
Miss Kopp's Midnight Confessions,Amy Stewart,374,1592912,054440999X,staff picks;historical fiction;realistic fiction;book club ideas,2017
Moxie: A Novel,Jennifer Mathieu,336,1393300,1626726353,young adult;realistic fiction,2017
Mozart's Starling,Lyanda Lynn Haupt,288,1424587,0316370894,nonfiction;biography & memoir;eye-opening reads;for music lovers;for history lovers;staff picks;it’s all geek to me,2017
Mrs. Fletcher: A Novel,Tom Perrotta,320,1721097,1501144022,realistic fiction;family matters;let’s talk about sex,2017
Muddy: The Story Of Blues Legend Muddy Waters,"Michael Mahin, illustrated by Evan Turk",48,1290405,1481443496,kids’ books;for history lovers;for music lovers;biography & memoir,2017
My Absolute Darling: A Novel,Gabriel Tallent,432,198506,0735211175,staff picks;realistic fiction;book club ideas;the dark side;family matters,2017
My Brother's Husband,"Gengoroh Tagame,  translated by Anne Ishii",352,1316227,1101871512,comics & graphic novels;family matters;identity & culture;tales from around the world;realistic fiction;staff picks,2017
My Darling Detective,Howard Norman,256,3258514,0544236106,staff picks;mysteries & thrillers;realistic fiction;for art lovers;family matters,2017
My Favorite Thing Is Monsters,Emil Ferris,416,63364,1606999591,comics & graphic novels;for art lovers;mysteries & thrillers,2017
My Lesbian Experience With Loneliness,Nagata Kabi,152,67844,1626926034,comics & graphic novels;let’s talk about sex;biography & memoir;nonfiction;identity & culture;staff picks,2017
"My Life, My Love, My Legacy","Coretta Scott King, as told to Barbara Reynolds",368,1488369,1627795987,nonfiction;biography & memoir;staff picks;for history lovers;love & romance;book club ideas;eye-opening reads;family matters;identity & culture;the states we’re in,2017
"Nabokov's Favorite Word Is Mauve: What The Numbers Reveal About The Classics, Bestsellers, And Our Own Writing",Ben Blatt,288,2504135,1501105388,staff picks;nonfiction;for art lovers;it’s all geek to me;book club ideas,2017
New People,Danzy Senna,229,1444587,159448709X,realistic fiction;eye-opening reads;family matters;identity & culture;seriously great writing;staff picks,2017
Norse Mythology,Neil Gaiman,304,45587,039360909X,"sci fi, fantasy & speculative fiction;tales from around the world;family matters;it’s all geek to me;staff picks",2017
Not A Sound: A Novel,Heather Gudenkauf,352,664933,0778319954,staff picks;mysteries & thrillers;the dark side;identity & culture,2017
Now,Antoinette Portis,32,1204645,1626721378,kids’ books;staff picks,2017
On Second Thought,Kristan Higgins,480,197855,0373789254,realistic fiction;love & romance;book club ideas;family matters,2017
One Day We'll All Be Dead And None Of This Will Matter: Essays,Scaachi Koul,256,210129,1250121027,"staff picks;nonfiction;family matters;funny stuff;identity & culture;let’s talk about sex;biography & memoir;short stories, essays & poetry",2017
"One, Two, Three, More",Helen Levitt,204,2480130,157687852X,nonfiction;for history lovers;for art lovers;staff picks;the states we’re in,2017
Ordinary Beast: Poems,Nicole Sealey,80,874114,0062688804,"short stories, essays & poetry;staff picks",2017
Otis Redding: An Unfinished Life,Jonathan Gould,544,924222,0307453944,nonfiction;biography & memoir;for music lovers;identity & culture;rather long;staff picks,2017
Out In The Open: A Novel,Jesus Carrasco,240,2431805,159463436X,"sci fi, fantasy & speculative fiction;the dark side;identity & culture",2017
Out Of Wonder: Poems Celebrating Poets,"Kwame Alexander, Chris Colderley and Marjory Wentworth, illustrated by Ekua Holmes",56,232278,076368094X,"short stories, essays & poetry;kids’ books;staff picks;seriously great writing;for art lovers",2017
Pachinko,Min Jin Lee,496,30071,1455563935,rather long;staff picks;historical fiction;realistic fiction;tales from around the world;family matters;eye-opening reads;love & romance,2017
Piecing Me Together,Renee Watson,272,576235,1681191059,young adult;realistic fiction;identity & culture,2017
Pretending Is Lying,"Dominique Goblet, translated by Sophie Yanow",144,2180303,1681370476,comics & graphic novels;for art lovers;realistic fiction;tales from around the world,2017
Pretty Face,Lucy Parker,400,3201109,1335013261,realistic fiction;love & romance;let’s talk about sex;for art lovers;tales from around the world;no biz like show biz,2017
Priestdaddy: A Memoir,Patricia Lockwood,352,1086887,1594633738,biography & memoir;book club ideas;family matters;seriously great writing;funny stuff,2017
Priscilla Gorilla,"Barbara Bottner, illustrated by Michael Emberley",40,721246,1481458973,staff picks;kids’ books;it’s all geek to me,2017
Quicksand,Malin Persson Giolito,512,2326821,1590518578,mysteries & thrillers;tales from around the world;the dark side;rather long,2017
Refugee,Alan Gratz,352,559,0545880831,historical fiction;realistic fiction;kids’ books;eye-opening reads;tales from around the world;staff picks;the dark side,2017
Reincarnation Blues: A Novel,Michael Poore,384,753549,0399178481,"sci fi, fantasy & speculative fiction;love & romance;seriously great writing;book club ideas",2017
Richard Nixon: The Life,John A. Farrell,752,222408,0385537352,nonfiction;rather long;biography & memoir;for history lovers;eye-opening reads;staff picks;the states we’re in,2017
Righteous,Joe Ide,336,1119463,0316267775,mysteries & thrillers;staff picks;identity & culture,2017
Rise Of The Jumbies,Tracey Baptiste,272,2308299,1616206659,"kids’ books;staff picks;sci fi, fantasy & speculative fiction;eye-opening reads;family matters;identity & culture;tales from around the world",2017
River Of Teeth,Sarah Gailey,176,762396,0765395231,"staff picks;sci fi, fantasy & speculative fiction;rather short;historical fiction;mysteries & thrillers",2017
Royal City Volume 1: Next Of Kin,Jeff Lemire,160,4105632,153430262X,comics & graphic novels;the dark side;family matters;staff picks,2017
Run For It: Stories Of Slaves Who Fought For Their Freedom,Marcelo D'Salete,180,473578,1683960491,comics & graphic novels;nonfiction;for history lovers;tales from around the world;identity & culture,2017
Salt Houses: A Novel,Hala Alyan,320,471332,0544912586,staff picks;historical fiction;identity & culture;family matters;tales from around the world,2017
"Salt, Fat, Acid, Heat: Mastering The Elements Of Good Cooking","Samin Nosrat, illustrated by Wendy MacNaughton",480,579,1476753830,cookbooks & food;eye-opening reads;it’s all geek to me;staff picks,2017
Scandalous Ever After (Romance Of The Turf Book 2),Theresa Romain,352,4917720,1492649023,staff picks;love & romance;let’s talk about sex;historical fiction,2017
Selection Day: A Novel,Aravind Adiga,304,2604623,1501150847,biography & memoir;rather long;nonfiction;for history lovers;no biz like show biz;for sports lovers,2017
Sex And Rage: A Novel,Eve Babitz,256,77641,1619029359,realistic fiction;let’s talk about sex;the dark side;staff picks,2017
Shadowhouse Fall,Daniel Jose Older,368,2234486,0545952824,"sci fi, fantasy & speculative fiction;identity & culture;young adult;family matters",2017
Shattered: Inside Hillary Clinton's Doomed Campaign,Jonathan Allen and Amie Parnes,480,211351,0553447084,nonfiction;rather long;eye-opening reads;book club ideas;staff picks;the states we’re in,2017
Shining City: A Novel,Tom Rosenstiel,368,3465276,0062475363,mysteries & thrillers;the dark side;the states we’re in,2017
Shutter Volume 5: So Far Beyond,"Joe Keatinge, illustrated by Leila del Duca",192,1832760,1534302506,"comics & graphic novels;sci fi, fantasy & speculative fiction;the dark side;staff picks",2017
Signals: New And Selected Stories,Tim Gautreaux,384,1179468,0451493044,"short stories, essays & poetry;realistic fiction;staff picks;seriously great writing",2017
Sin Bravely: A Memoir Of Spiritual Disobedience,Maggie Rowe,225,2217511,1593766599,biography & memoir;nonfiction;book club ideas;eye-opening reads;funny stuff;identity & culture;staff picks,2017
"Sing, Unburied, Sing: A Novel",Jesmyn Ward,304,484027,1501126067,family matters;identity & culture;seriously great writing;book club ideas;staff picks,2017
Slider,Pete Hautman,288,772321,0763690708,kids’ books;funny stuff;family matters,2017
Smile: A Novel,Roddy Doyle,214,1308187,0735224447,realistic fiction;the dark side;tales from around the world,2017
Smitten Kitchen Every Day: Triumphant And Unfussy New Favorites,Deb Perelman,352,24573,1101874813,cookbooks & food;staff picks,2017
Solar Bones: A Novel,Mike McCormack,224,1141090,1616958537,staff picks;seriously great writing;tales from around the world,2017
Solid State,"Matt Fraction and Jonathan Coulton, illustrated by Albert Monteys",128,2355360,1534303650,"staff picks;comics & graphic novels;for music lovers;the dark side;sci fi, fantasy & speculative fiction",2017
Sour Heart,Jenny Zhang,320,1211847,0399589384,"short stories, essays & poetry;staff picks;identity & culture;realistic fiction;family matters;the states we’re in",2017
Sourdough: A Novel,Robin Sloan,272,1017921,0374203105,"sci fi, fantasy & speculative fiction;cookbooks & food;it’s all geek to me;book club ideas",2017
South And West: From A Notebook,Joan Didion,160,782392,1524732796,"nonfiction;staff picks;seriously great writing;short stories, essays & poetry;the states we’re in",2017
Spoonbenders: A Novel,Daryl Gregory,416,924475,152473182X,"sci fi, fantasy & speculative fiction;historical fiction;family matters;funny stuff",2017
Standard Deviation: A Novel,Katherine Heiny,336,1762174,0385353812,realistic fiction;staff picks;book club ideas;family matters,2017
Stanton: Lincoln's War Secretary,Walter Stahr,768,1234998,1476739307,biography & memoir;rather long;nonfiction;for history lovers;staff picks;the states we’re in,2017
Startup: A Novel,Doree Shafrir,304,2149933,0316360384,realistic fiction;staff picks;funny stuff;it’s all geek to me,2017
Stay With Me: A Novel,Ayobami Adebayo,272,355930,0451494601,staff picks;realistic fiction;tales from around the world;family matters;identity & culture;the dark side,2017
Steal The Stars,Nat Cassidy and Mac Rogers,416,1345051,1250172624,"sci fi, fantasy & speculative fiction;seriously great writing;mysteries & thrillers;love & romance",2017
Stephen Florida,Gabe Habash,304,1368238,1566894646,realistic fiction;it’s all geek to me,2017
Strange Practice (A Dr. Greta Helsing Novel),Vivian Shaw,400,174150,0316434604,"staff picks;sci fi, fantasy & speculative fiction;mysteries & thrillers;tales from around the world;for art lovers",2017
Strange The Dreamer,Laini Taylor,544,134917,0316341681,"young adult;rather long;sci fi, fantasy & speculative fiction;love & romance",2017
Sunshine State: Essays,Sarah Gerard,384,277596,006243487X,"nonfiction;biography & memoir;book club ideas;short stories, essays & poetry;the states we’re in",2017
Sweet: Desserts From London's Ottolenghi,Yotam Ottolenghi,368,43060,1607749149,cookbooks & food,2017
Swimmer Among the Stars,Kanishk Tharoor,256,3457843,0374272182,"short stories, essays & poetry;tales from around the world;seriously great writing;sci fi, fantasy & speculative fiction",2017
Swimming Lessons,Claire Fuller,356,694918,1941040519,mysteries & thrillers;family matters;realistic fiction;the dark side,2017
Sympathy,Olivia Sudjic,416,5414811,0544836596,realistic fiction;the dark side,2017
Tasting Georgia: A Food And Wine Journey In The Caucasus,Carla Capalbo,464,1690933,1566560594,cookbooks & food;tales from around the world,2017
"Teeth: The Story Of Beauty, Inequality, And The Struggle For Oral Health In America",Mary Otto,288,1288994,1620971445,staff picks;nonfiction;science!;eye-opening reads;for history lovers;identity & culture;the states we’re in,2017
Tell Me How It Ends: An Essay In 40 Questions,Valeria Luiselli,128,28495,1566894956,"nonfiction;staff picks;eye-opening reads;family matters;identity & culture;seriously great writing;short stories, essays & poetry",2017
Tender: Stories,Sofia Samatar,256,3148096,1618731262,"short stories, essays & poetry;sci fi, fantasy & speculative fiction;seriously great writing",2017
"Tenements, Towers and Trash: An Unconventional Illustrated History Of New York City",Julia Wertz,284,823416,0316501212,comics & graphic novels;for art lovers;eye-opening reads;for history lovers;nonfiction;book club ideas;the states we’re in,2017
The Alice Network: A Novel,Kate Quinn,560,,0062654195,historical fiction;rather long;mysteries & thrillers;eye-opening reads;for history lovers;tales from around the world;staff picks,2017
The Animators: A Novel,Kayla Rae Whitaker,384,1328707,0812989309,realistic fiction;staff picks;book club ideas;for art lovers;the dark side,2017
The Answers: A Novel,Catherine Lacey,304,854202,0374100268,mysteries & thrillers;the dark side;book club ideas,2017
"The Apparitionists: A Tale of Phantoms, Fraud, Photography, And The Man Who Captured Lincoln's Ghost",Peter Manseau,352,1901521,0544745973,for history lovers;nonfiction;book club ideas;eye-opening reads,2017
The Art Of Starving: A Novel,Sam J. Miller,384,1414399,0062456717,"young adult;sci fi, fantasy & speculative fiction",2017
The Backstagers Volume 1,"James Tynion IV, illustrated by Rian Sygh",112,946336,1608869938,"comics & graphic novels;sci fi, fantasy & speculative fiction;for art lovers;young adult;staff picks",2017
"The Beautiful Country And The Middle Kingdom: America And China, 1776 To The Present",John Pomfret,704,951392,0805092501,staff picks;nonfiction;tales from around the world;for history lovers;rather long;the states we’re in,2017
The Best We Could Do: An Illustrated Memoir,Thi Bui,336,164992,1419718770,biography & memoir;nonfiction;comics & graphic novels;tales from around the world;for history lovers,2017
The Bettencourt Affair: The World's Richest Woman And The Scandal That Rocked Paris,Tom Sancton,416,1526085,1101984473,nonfiction;biography & memoir;for history lovers;tales from around the world;book club ideas,2017
The Betting Vow,K.M. Jackson,352,,1496705726,realistic fiction;love & romance;let’s talk about sex,2017
The Blood Of Emmett Till,Timothy B. Tyson,304,939458,1476714843,nonfiction;identity & culture;the dark side;eye-opening reads;for history lovers;seriously great writing;the states we’re in,2017
The Book Of Dust Volume One: La Belle Sauvage,Philip Pullman,464,220582,0375815309,"rather long;sci fi, fantasy & speculative fiction;young adult;seriously great writing",2017
The Book Of Joan: A Novel,Lidia Yuknavitch,288,1827189,0062383272,"sci fi, fantasy & speculative fiction;let’s talk about sex;book club ideas;the dark side;rather short",2017
The Book Of Mistakes,Corinna Luyken,56,7204,0735227926,kids’ books;staff picks,2017
The Bright Hour: A Memoir Of Living And Dying,Nina Riggs,320,180521,1501169351,nonfiction;the dark side;biography & memoir;family matters;book club ideas,2017
The Burning Girl: A Novel,Claire Messud,256,1804853,0393635023,realistic fiction;book club ideas;staff picks,2017
The Butchering Art: Joseph Lister's Quest to Transform the Grisly World of Victorian Medicine,Lindsey Fitzharris,304,344030,0374117292,staff picks;nonfiction;biography & memoir;science!;for history lovers;eye-opening reads,2017
The Changeling: A Novel,Victor LaValle,448,821342,0812995945,"mysteries & thrillers;staff picks;sci fi, fantasy & speculative fiction;family matters;the dark side",2017
The Child: A Novel,Fiona Barton,384,926971,1101990481,mysteries & thrillers;the dark side;tales from around the world,2017
The Cold Eye (The Devil's West Book 2),Laura Anne Gilman,352,2228397,148142971X,"sci fi, fantasy & speculative fiction;historical fiction",2017
The Color Of Law: A Forgotten History Of How Our Government Segregated America,Richard Rothstein,368,60308,1631492853,nonfiction;eye-opening reads;for history lovers;identity & culture,2017
The Color Of Our Sky: A Novel,Amita Trasi,416,179154,0062474073,realistic fiction;book club ideas;identity & culture;tales from around the world;staff picks,2017
The Comfort Food Diaries: My Quest For The Perfect Dish To Mend A Broken Heart,Emily Nunn,320,803959,1451674201,cookbooks & food;nonfiction;biography & memoir,2017
The Complete Stories Of Leonora Carrington,Leonora Carrington,232,93072,0997366648,"short stories, essays & poetry;the dark side;for art lovers;sci fi, fantasy & speculative fiction",2017
The Cooking Gene: A Journey Through African American Culinary History In The Old South,Michael W. Twitty,464,88343,0062379291,cookbooks & food;nonfiction;for history lovers;identity & culture;staff picks;rather long,2017
The Dark Dark: Stories,Samantha Hunt,,,,"short stories, essays & poetry;seriously great writing",2017
The Dinner Party: And Other Stories,Joshua Ferris,256,3045204,031646595X,"short stories, essays & poetry;realistic fiction;the dark side",2017
The Dry: A Novel,Jane Harper,336,111088,1250105609,staff picks;realistic fiction;mysteries & thrillers;tales from around the world;the dark side,2017
The Essex Serpent: A Novel,Sarah Perry,432,116360,0062666371,historical fiction;book club ideas;tales from around the world;love & romance,2017
The Family Imprint: A Daughter's Portrait Of Love And Loss,Nancy Borowick,192,1149295,3775742484,staff picks;rather short;biography & memoir;nonfiction;family matters,2017
The First Rule Of Punk,Celia C. Pérez,336,214987,0425290409,staff picks;kids’ books;identity & culture;for music lovers;family matters,2017
The Force: A Novel,Don Winslow,496,254475,0062664417,staff picks;mysteries & thrillers;book club ideas;the dark side,2017
The Gentleman's Guide To Vice And Virtue,Mackenzi Lee,528,434069,0062382802,young adult;let’s talk about sex;historical fiction;funny stuff;love & romance,2017
The Golden House: A Novel,Salman Rushdie,400,1022403,0399592806,realistic fiction;staff picks;book club ideas;family matters;identity & culture;the states we’re in,2017
The Gulf: The Making of An American Sea,Jack E. Davis,608,775376,087140866X,nonfiction;rather long;staff picks;eye-opening reads;for history lovers;it’s all geek to me;the states we’re in,2017
The Hate U Give,Angie Thomas,464,8993,0062498533,staff picks;young adult;realistic fiction;rather long;book club ideas;eye-opening reads;identity & culture;seriously great writing,2017
The Hearts Of Men: A Novel,Nickolas Butler,400,4088672,0062469681,realistic fiction;book club ideas;seriously great writing;staff picks,2017
The Heirs: A Novel,Susan Rieger,272,474743,1101904712,realistic fiction;family matters;seriously great writing;the dark side,2017
The Idiot,Elif Batuman,432,916128,1594205612,realistic fiction;it’s all geek to me;love & romance,2017
The Inexplicable Logic Of My Life,Benjamin Alire Sáenz,464,1468904,0544586506,young adult;realistic fiction;rather long;family matters;identity & culture,2017
"The Inkblots: Hermann Rorschach, His Iconic Test, And The Power Of Seeing",Damion Searls,416,832079,0804136548,nonfiction;biography & memoir;science!;for history lovers;eye-opening reads;staff picks,2017
The King Is Always Above The People: Stories,Daniel Alarcón,240,1375429,1594631727,"short stories, essays & poetry;identity & culture;tales from around the world",2017
The Last Kid Left: A Novel,Rosecrans Baldwin,400,5177908,0374298564,mysteries & thrillers;love & romance;the dark side,2017
The Leavers: A Novel,Lisa Ko,352,285429,1616206888,realistic fiction;staff picks;book club ideas;mysteries & thrillers;family matters;seriously great writing;the dark side,2017
"The Legend Of Rock, Paper, Scissors","Drew Daywalt, illustrated by Adam Rex",48,622,0062438891,realistic fiction;tales from around the world;seriously great writing;family matters;for sports lovers,2017
The Little French Bistro: A Novel,Nina George,320,945928,0451495586,staff picks;realistic fiction;tales from around the world,2017
The Marrow Thieves,Cherie Dimaline,240,7591,1770864865,"sci fi, fantasy & speculative fiction;identity & culture;seriously great writing",2017
The Ministry Of Utmost Happiness: A Novel,Arundhati Roy,464,452072,1524733156,staff picks;realistic fiction;book club ideas;identity & culture;seriously great writing;tales from around the world;rather long,2017
The Misfortune Of Marion Palm: A Novel,Emily Culliton,304,2422273,1524731900,realistic fiction;family matters;staff picks,2017
The Mother Of All Questions,Rebecca Solnit,192,257980,1608467406,"nonfiction;short stories, essays & poetry;seriously great writing;book club ideas;identity & culture",2017
The Mountain: Stories,Paul Yoon,256,1451131,1501154087,"staff picks;short stories, essays & poetry;tales from around the world;the dark side;seriously great writing",2017
The New Analog: Listening And Reconnecting In A Digital World,Damon Krukowski,224,1373909,1620971976,nonfiction;staff picks;eye-opening reads;for music lovers;it’s all geek to me,2017
The New Odyssey: The Story Of The Twenty-First Century Refugee Crisis,Patrick Kingsley,368,1859590,1631492551,staff picks;nonfiction;eye-opening reads;tales from around the world,2017
The Ninth Hour: A Novel,Alice McDermott,256,599901,0374280142,realistic fiction;staff picks;family matters;historical fiction;book club ideas;seriously great writing,2017
The Palestinian Table,Reem Kassis,256,66176,0714874965,cookbooks & food;tales from around the world,2017
The Pearl Thief,Elizabeth Wein,336,2213285,1484717163,mysteries & thrillers;historical fiction;young adult,2017
The Pho Cookbook: Easy To Adventurous Recipes For Vietnam's Favorite Soup And Noodles,Andrea Nguyen,168,82546,1607749580,cookbooks & food;tales from around the world,2017
The Portable Nineteenth-Century African American Women Writers,Hollis Robbins and Henry Louis Gates Jr. (editors),672,1101115,014310599X,"nonfiction;for history lovers;identity & culture;biography & memoir;short stories, essays & poetry;for sports lovers",2017
The Potlikker Papers: A Food History Of The Modern South,John T. Edge,384,436568,1594206554,cookbooks & food;staff picks;for history lovers;identity & culture;nonfiction,2017
The Power,Naomi Alderman,400,156090,0316547611,"sci fi, fantasy & speculative fiction;the dark side",2017
The President's Keepers: Those Keeping Zuma In Power And Out Of Prison,Jacques Pauw,332,3202449,0624083039,staff picks;nonfiction;tales from around the world;eye-opening reads,2017
The Radium Girls: The Dark Story Of America's Shining Women,Kate Moore,496,562512,149264935X,nonfiction;rather long;for history lovers;the dark side,2017
The Red,Tiffany Reisz,224,3363141,1537217763,realistic fiction;love & romance;let’s talk about sex;for art lovers,2017
The Refugees,Viet Thanh Nguyen,224,1017414,0802126391,"realistic fiction;staff picks;short stories, essays & poetry;family matters;seriously great writing;identity & culture;the states we’re in",2017
The River Bank: A Sequel To Kenneth Grahame's The Wind In The Willows,Kij Johnson,224,1240489,1618731300,"kids’ books;seriously great writing;sci fi, fantasy & speculative fiction",2017
The Rules Do Not Apply: A Memoir,Ariel Levy,224,400905,0812996933,nonfiction;staff picks;biography & memoir;book club ideas;family matters,2017
The Rules Of Magic,Alice Hoffman,384,81991,1501137476,"sci fi, fantasy & speculative fiction;family matters;historical fiction",2017
The Sarah Book,Scott McClanahan,150,350920,0988518392,biography & memoir;rather short;realistic fiction;staff picks,2017
The Scent Of Jasmine: Coming Of Age In Jerusalem And Damascus,Anan Ameri,224,1775129,1566560012,biography & memoir;nonfiction;staff picks;book club ideas;for history lovers;family matters;tales from around the world;identity & culture,2017
The Secret Lives Of Color,Kassia St. Clair,320,7527,0143131141,nonfiction;for history lovers;it’s all geek to me;eye-opening reads,2017
The Seventh Function Of Language: A Novel,"Laurent Binet, translated by Sam Taylor",368,1789924,0374261563,mysteries & thrillers;for art lovers;seriously great writing;funny stuff;tales from around the world;it’s all geek to me,2017
The Sioux Chef's Indigenous Kitchen,Sean Sherman,256,9734,0816699798,cookbooks & food;for history lovers;identity & culture;staff picks,2017
The State Of Affairs: Rethinking Infidelity,Esther Perel,336,565349,0062322583,staff picks;nonfiction;eye-opening reads;family matters;let’s talk about sex;love & romance,2017
The Stone Sky,N.K. Jemisin,464,30317,0316229245,"sci fi, fantasy & speculative fiction;seriously great writing;family matters;identity & culture;the dark side",2017
The Storm Before The Storm: The Beginning Of The End Of The Roman Republic,Mike Duncan,352,76727,1610397215,nonfiction;eye-opening reads;for history lovers;book club ideas;it’s all geek to me;staff picks,2017
The Strange Case Of The Alchemist's Daughter,Theodora Goss,416,1643448,148146650X,"mysteries & thrillers;sci fi, fantasy & speculative fiction;historical fiction",2017
The Strays: A Novel,Emily Bitto,256,4586088,1455537721,realistic fiction;for art lovers;tales from around the world;historical fiction,2017
The Thing About Love,Julie James,384,1808931,0425273776,let’s talk about sex;love & romance;realistic fiction,2017
The Totally Unscientific Study Of The Search For Human Happiness,Paula Poundstone,288,2054070,1616204168,nonfiction;biography & memoir;family matters;funny stuff,2017
The Twelve Lives Of Samuel Hawley: A Novel,Hannah Tinti,400,1337399,0812989880,realistic fiction;family matters;mysteries & thrillers,2017
The Twenty Days Of Turin: A Novel,"Giorgio De Maria, translated by Ramon Glazov",224,441373,1631492292,"historical fiction;tales from around the world;the dark side;eye-opening reads;sci fi, fantasy & speculative fiction",2017
The Unwomanly Face Of War: An Oral History Of Women In World War II,"Svetlana Alexievich, translated by Richard Pevear and Larissa Volokhonsky",384,779742,0399588728,nonfiction;eye-opening reads;for history lovers;tales from around the world;staff picks,2017
The Unyielding,Shelly Laurenston,416,1763982,1617735132,"let’s talk about sex;love & romance;funny stuff;sci fi, fantasy & speculative fiction",2017
The Way Of The Hare,Marianne Taylor,272,6198823,1472909895,nonfiction;science!;eye-opening reads;tales from around the world,2017
The Wide Circumference Of Love,Marita Golden,300,2407712,1628727357,realistic fiction;book club ideas;family matters,2017
The Wine Lover's Daughter: A Memoir,Anne Fadiman,272,812746,0374228086,biography & memoir;cookbooks & food;family matters;staff picks;identity & culture;it’s all geek to me,2017
The Woman Next Door: A Novel,Yewande Omotoso,288,917813,1250124573,staff picks;realistic fiction;book club ideas;family matters;identity & culture;seriously great writing;tales from around the world,2017
"The Woman Who Smashed Codes: A True Story Of Love, Spies, And The Unlikely Heroine Who Outwitted America's Enemies",Jason Fagone,464,592615,0062430483,nonfiction;rather long;eye-opening reads;for history lovers;biography & memoir;book club ideas,2017
"The World Broke In Two: Virginia Woolf, T. S. Eliot, D. H. Lawrence, E. M. Forster, And The Year That Changed Literature",Bill Goldstein,368,2392475,0805094024,staff picks;nonfiction;for history lovers;for art lovers;biography & memoir,2017
"The Year I Was Peter The Great: 1956 – Khrushchev, Stalin’s Ghost, and a Young American in Russia",Marvin Kalb,304,1753973,0815731612,staff picks;biography & memoir;nonfiction;for history lovers;tales from around the world,2017
Theft By Finding: Diaries (1977-2002),David Sedaris,528,174608,0316154725,"staff picks;biography & memoir;rather long;funny stuff;nonfiction;short stories, essays & poetry",2017
They Can't Kill Us Until They Kill Us: Essays,Hanif Willis-Abdurraqib,236,777862,1937512657,"nonfiction;identity & culture;for music lovers;book club ideas;short stories, essays & poetry",2017
This Is Just My Face: Try Not To Stare,Gabourey Sidibe,256,2274756,0544786769,staff picks;biography & memoir;nonfiction;funny stuff;identity & culture;no biz like show biz,2017
Thousand Star Hotel,Bao Phi,112,2020781,1566894700,"short stories, essays & poetry;staff picks;tales from around the world;identity & culture",2017
"Too Fat, Too Slutty, Too Loud: The Rise And Reign Of The Unruly Woman",Anne Helen Petersen,288,1748335,0399576851,nonfiction;identity & culture;eye-opening reads,2017
Too Much And Not The Mood: Essays,Durga Chew-Bose,240,340518,0374535957,"nonfiction;staff picks;short stories, essays & poetry;identity & culture;for art lovers;family matters",2017
Touch,Courtney Maum,306,3037247,0735212120,it’s all geek to me;love & romance;funny stuff;realistic fiction,2017
Town Is By The Sea,"Joanne Schwartz, illustrated by Sydney Smith",52,1544831,1554988713,kids’ books;for art lovers,2017
Triangle,"Mac Barnett, illustrated by Jon Klassen",48,25310,076369603X,kids’ books;staff picks,2017
Trust No Aunty,Maria Qamar,192,2009030,1501154737,comics & graphic novels;identity & culture;family matters;funny stuff,2017
Turtles All The Way Down,John Green,304,65170,0525555366,book club ideas;eye-opening reads;young adult;realistic fiction;staff picks,2017
Twin Peaks: The Final Dossier,Mark Frost,160,110692,1250163307,staff picks;mysteries & thrillers;it’s all geek to me;rather short;for art lovers,2017
Two Kinds Of Truth,Michael Connelly,416,564354,0316225908,staff picks;mysteries & thrillers;the dark side,2017
Tyrannosaurus Rex Vs. Edna The Very First Chicken,"Douglas Rees, illustrated by Jed Henry",40,167340,1627795103,staff picks;kids’ books;science!,2017
Uncommon Type: Some Stories,Tom Hanks,416,206057,1101946156,"short stories, essays & poetry;staff picks;realistic fiction",2017
Universal Harvester: A Novel,John Darnielle,224,1247685,0374282102,mysteries & thrillers;the dark side;staff picks,2017
WHEREAS: Poems,Layli Long Soldier,114,152201,1555977677,"short stories, essays & poetry;seriously great writing;eye-opening reads;staff picks;identity & culture",2017
Wait Till You See Me Dance: Stories,Deb Olin Unferth,200,1533115,1555977685,"short stories, essays & poetry;realistic fiction",2017
Walkaway: A Novel,Cory Doctorow,384,1127617,0765392763,"sci fi, fantasy & speculative fiction;it’s all geek to me;the dark side;book club ideas",2017
We Are Never Meeting In Real Life.: Essays,Samantha Irby,288,91112,1101912197,"nonfiction;staff picks;family matters;funny stuff;let’s talk about sex;biography & memoir;short stories, essays & poetry",2017
We Need To Talk: How To Have Conversations That Matter,Celeste Headlee,272,1082891,0062669001,nonfiction;book club ideas;staff picks,2017
What Happened,Hillary Rodham Clinton,512,148573,1501175564,nonfiction;rather long;staff picks;biography & memoir;the states we’re in,2017
What It Means When A Man Falls From The Sky: Stories,Lesley Nneka Arimah,240,1338823,0735211027,"sci fi, fantasy & speculative fiction;short stories, essays & poetry;identity & culture;family matters;tales from around the world",2017
What She Ate: Six Remarkable Women And The Food That Tells Their Stories,Laura Shapiro,320,592847,0525427643,staff picks;cookbooks & food;nonfiction;for history lovers;eye-opening reads;biography & memoir,2017
What We Lose: A Novel,Zinzi Clemmons,224,1686968,0735221715,realistic fiction;book club ideas;identity & culture;let’s talk about sex;rather short;staff picks,2017
Whatever Happened To Interracial Love?: Stories,Kathleen Collins,192,1474079,006248415X,"short stories, essays & poetry;staff picks;realistic fiction;identity & culture;seriously great writing",2017
When Dimple Met Rishi,Sandhya Menon,384,1442831,1481478680,realistic fiction;staff picks;young adult;family matters;funny stuff;identity & culture;it’s all geek to me;love & romance,2017
When's My Birthday?,"Julie Fogliano, illustrated by Christian Robinson",40,72090,1626722935,kids’ books,2017
Where The Water Goes: Life And Death Along The Colorado River,David Owen,288,813534,1594633770,nonfiction;eye-opening reads;science!;the states we’re in,2017
White Fur: A Novel,Jardine Libaire,320,1568404,0451497929,realistic fiction;love & romance;identity & culture;seriously great writing;historical fiction,2017
White Tears: A Novel,Hari Kunzru,288,1642433,0451493699,"mysteries & thrillers;sci fi, fantasy & speculative fiction;for music lovers;identity & culture;the dark side;staff picks",2017
Why I’m No Longer Talking To White People About Race,Reni Eddo-Lodge,272,1272619,140887055X,nonfiction;book club ideas;eye-opening reads;identity & culture;staff picks,2017
Why We Sleep: Unlocking The Power Of Sleep And Dreams,Matthew Walker,368,10854,1501144316,nonfiction;eye-opening reads;book club ideas;for history lovers;science!;it’s all geek to me;staff picks,2017
Wild Things: The Joy Of Reading Children’s Literature As An Adult,Bruce Handy,336,976432,1451609957,nonfiction;for art lovers;eye-opening reads;kids’ books,2017
Winter Tide (The Innsmouth Legacy),Ruthanna Emrys,368,1103372,0765390906,"staff picks;sci fi, fantasy & speculative fiction;book club ideas;historical fiction;the dark side",2017
Wishtree,Katherine Applegate,224,16664,1250043220,"kids’ books;sci fi, fantasy & speculative fiction;identity & culture;family matters",2017
Wolf In The Snow,Matthew Cordell,48,72390,1250076366,kids’ books;for art lovers,2017
Wonder Valley: A Novel,Ivy Pochoda,336,2374418,006265635X,realistic fiction;staff picks,2017
World Without Mind: The Existential Threat Of Big Tech,Franklin Foer,272,679316,1101981113,nonfiction;it’s all geek to me;the dark side;staff picks,2017
You & A Bike & A Road,Eleanor Davis,172,2199570,1927668409,biography & memoir;comics & graphic novels;nonfiction;book club ideas;staff picks;the states we’re in,2017
You Don't Have To Say You Love Me: A Memoir,Sherman Alexie,464,211438,031627075X,nonfiction;staff picks;rather long;family matters;biography & memoir;identity & culture,2017
literally show me a healthy person,Darcie Wilder,98,767363,0999218603,rather short;realistic fiction;staff picks;family matters;funny stuff;seriously great writing;the dark side,2017
1947: Where Now Begins,"Elisabeth Åsbrink, translated by Fiona Graham",288,380340,1590518969,nonfiction;for history lovers;book club ideas;eye-opening reads;tales from around the world,2018
84K,Claire North,496,259519,0316316806,"sci fi, fantasy & speculative fiction;family matters;the dark side;rather long;tales from around the world",2018
A Carnival Of Losses: Notes Nearing Ninety,Donald Hall,224,1095740,1328826341,"staff picks;short stories, essays & poetry;book club ideas;seriously great writing;identity & culture;nonfiction;biography & memoir;rather short",2018
A Common Table: 80 Recipes And Stories From My Shared Cultures,Cynthia Chen McTernan,288,1227425,163565002X,cookbooks & food;tales from around the world,2018
A Cruelty Special To Our Species: Poems,Emily Jungmin Yoon,80,3429645,0062843680,"short stories, essays & poetry;identity & culture;tales from around the world;for history lovers",2018
A Duke By Default: Reluctant Royals,Alyssa Cole,384,1184111,0062685562,love & romance;let’s talk about sex;tales from around the world;realistic fiction,2018
A Gift From Darkness,Patience Ibrahim and Andrea C. Hoffmann,288,2693999,1590518497,nonfiction;biography & memoir;book club ideas;eye-opening reads;tales from around the world;staff picks,2018
"A Hard Rain: America In The 1960s, Our Decade Of Hope, Possibility, And Innocence Lost",Frye Gaillard,704,1437604,158838344X,nonfiction;biography & memoir;for history lovers;the states we’re in;rather long;staff picks,2018
A Life Of My Own: A Memoir,Claire Tomalin,352,1841004,0399562915,biography & memoir;book club ideas;eye-opening reads;family matters;nonfiction;seriously great writing;for history lovers,2018
A Lucky Man: Stories,Jamel Brinkley,264,1206705,1555978053,"realistic fiction;short stories, essays & poetry;book club ideas;family matters;identity & culture;seriously great writing;love & romance",2018
A New Reality: Human Evolution For A Sustainable Future,Jonas Salk and Jonathan Salk,256,1398729,1947951041,nonfiction;eye-opening reads;science!;staff picks,2018
A Place For Us: A Novel,Fatima Farheen Mirza,400,479958,1524763551,realistic fiction;family matters;identity & culture;love & romance;staff picks;the states we’re in,2018
A River Of Stars: A Novel,Vanessa Hua,304,2443586,0399178783,realistic fiction;book club ideas;family matters;identity & culture;staff picks;the states we’re in,2018
A Room Away From The Wolves,Nova Ren Suma,336,713344,1616203730,"young adult;sci fi, fantasy & speculative fiction;the dark side;family matters",2018
A Stitch In Time,Daphne Kalmar,176,3149374,1250154987,kids’ books;family matters;historical fiction,2018
A Thousand Beginnings And Endings,Ellen Oh and Elsie Chapman (editors),336,892132,0062671154,"short stories, essays & poetry;identity & culture;tales from around the world;sci fi, fantasy & speculative fiction;staff picks;eye-opening reads",2018
Achtung Baby: An American Mom On The German Art Of Raising Self-Reliant Children,Sara Zaske,256,1678353,1250160170,nonfiction;book club ideas;tales from around the world;family matters;eye-opening reads;staff picks,2018
All The Animals Where I Live,Philip C. Stead,48,779072,1626726566,kids’ books;family matters,2018
All The Answers,Michael Kupperman,224,2066151,1501166433,comics & graphic novels;nonfiction;biography & memoir;family matters;staff picks;for history lovers;it’s all geek to me;book club ideas;rather short,2018
All The Names They Used For God,Anjali Sachdeva,272,1755011,0399593004,"short stories, essays & poetry;staff picks;sci fi, fantasy & speculative fiction",2018
All You Can Ever Know: A Memoir,Nicole Chung,240,662665,1936787970,nonfiction;biography & memoir;book club ideas;family matters;identity & culture;staff picks;the states we’re in;rather short,2018
Amal Unbound,Aisha Saeed,240,155703,0399544682,kids’ books;identity & culture;tales from around the world;family matters,2018
America Is Not The Heart: A Novel,Elaine Castillo,416,876418,073522241X,realistic fiction;identity & culture;cookbooks & food;book club ideas;the states we’re in;let’s talk about sex,2018
American Hate: Survivors Speak Out,Arjun Singh Sethi,192,2312899,1620973715,"nonfiction;identity & culture;the states we’re in;eye-opening reads;short stories, essays & poetry",2018
American Prison: A Reporter's Undercover Journey Into The Business Of Punishment,Shane Bauer,368,528579,0735223580,nonfiction;book club ideas;eye-opening reads;the dark side;the states we’re in,2018
An American Marriage: A Novel,Tayari Jones,336,98618,1616208775,realistic fiction;book club ideas;family matters;identity & culture;love & romance;seriously great writing;the states we’re in;staff picks,2018
Ana Maria Reyes Does Not Live In A Castle,Hilda Eunice Burgos,288,1374797,1620143623,kids’ books;identity & culture;for music lovers;family matters;tales from around the world,2018
Antisocial Media: How Facebook Disconnects Us And Undermines Democracy,Siva Vaidhyanathan,288,2052515,0190841168,nonfiction;eye-opening reads;it’s all geek to me;the dark side;staff picks,2018
Arthur Ashe: A Life,Raymond Arsenault,784,1030137,1439189048,nonfiction;biography & memoir;identity & culture;rather long;the states we’re in;staff picks;for sports lovers,2018
Asymmetry: A Novel,Lisa Halliday,288,1326980,150116676X,realistic fiction;book club ideas;family matters;seriously great writing;staff picks,2018
Bachelor Nation: Inside The World Of America's Favorite Guilty Pleasure,Amy Kaufman,320,1454181,1101985909,staff picks;nonfiction;book club ideas;identity & culture;the states we’re in;love & romance;no biz like show biz,2018
Back Talk: Stories,Danielle Lazarin,256,2788913,0143131478,"short stories, essays & poetry;book club ideas;eye-opening reads;identity & culture;seriously great writing;staff picks",2018
Bad Blood: Secrets And Lies In A Silicon Valley Startup,John Carreyrou,352,307161,152473165X,nonfiction;eye-opening reads;the dark side;science!;the states we’re in;staff picks;book club ideas;mysteries & thrillers,2018
Ball Lightning,"Cixin Liu, translated by Joel Martinsen",384,761576,0765394073,"sci fi, fantasy & speculative fiction;science!;tales from around the world;staff picks",2018
"Barracoon: The Story Of The Last ""Black Cargo""",Zora Neale Hurston,208,56613,0062748203,staff picks;nonfiction;biography & memoir;book club ideas;eye-opening reads;for history lovers;identity & culture;the states we’re in;rather short,2018
Be Prepared,Vera Brosgol,256,43453,1626724458,family matters;comics & graphic novels;funny stuff;identity & culture;kids’ books;biography & memoir;nonfiction;young adult,2018
Becoming,Michelle Obama,448,57603,1524763136,nonfiction;biography & memoir;the states we’re in;identity & culture;family matters;love & romance;staff picks;book club ideas;rather long,2018
Belonging: A German Reckons With History And Home,Nora Krug,288,974399,1476796629,biography & memoir;comics & graphic novels;for history lovers;family matters;eye-opening reads;identity & culture;tales from around the world;nonfiction,2018
"Beneath A Ruthless Sun: A True Story Of Violence, Race, And Justice Lost And Found",Gilbert King,432,275677,0399183388,nonfiction;identity & culture;for history lovers;book club ideas;the states we’re in,2018
Big Game: The NFL In Dangerous Times,Mark Leibovich,400,568553,0399185429,nonfiction;eye-opening reads;the dark side;the states we’re in;staff picks;for sports lovers,2018
Bingo Love,"Tee Franklin, illustrated by Jenn St-Onge and Joy San",88,1700110,1534307508,comics & graphic novels;love & romance;identity & culture,2018
Bitter Orange,Claire Fuller,320,1053147,1947793152,mysteries & thrillers;historical fiction;the dark side;tales from around the world,2018
Bloody Rose,Nicholas Eames,560,37249,0316362530,"sci fi, fantasy & speculative fiction;for music lovers;rather long;staff picks;no biz like show biz",2018
Blue,Laura Vaccaro Seeger,40,922876,1626720665,kids’ books;family matters;for art lovers,2018
"Boom Town: The Fantastical Saga Of Oklahoma City, Its Chaotic Founding, Its Apocalyptic Weather, Its Purloined Basketball Team, And The Dream Of Becoming A World-Class Metropolis",Sam Anderson,448,897538,0804137315,nonfiction;for history lovers;the states we’re in;eye-opening reads;for sports lovers,2018
Born To Be Posthumous: The Eccentric Life And Mysterious Genius Of Edward Gorey,Mark Dery,512,790929,0316188549,comics & graphic novels;nonfiction;biography & memoir;for art lovers;staff picks;rather long,2018
Brown: Poems,Kevin Young,176,2536919,1524732540,"short stories, essays & poetry;identity & culture;staff picks;the states we’re in;seriously great writing",2018
Cake: A Cookbook,Maira Kalman and Barbara Scott-Goodman,96,252305,1101981547,comics & graphic novels;cookbooks & food;family matters;nonfiction;biography & memoir,2018
Calypso,David Sedaris,272,114104,0316392383,"biography & memoir;short stories, essays & poetry;family matters;funny stuff;the dark side;staff picks;nonfiction",2018
Census,Jesse Ball,272,2001516,006267613X,"sci fi, fantasy & speculative fiction;eye-opening reads;family matters;staff picks",2018
Cenzontle,Marcelo Hernandez Castillo,112,1292473,1942683537,"short stories, essays & poetry;identity & culture;tales from around the world;the states we’re in",2018
"Chasing Hillary: Ten Years, Two Presidential Campaigns, And One Intact Glass Ceiling",Amy Chozick,400,1393271,0062413597,nonfiction;staff picks;biography & memoir;the states we’re in;eye-opening reads;book club ideas,2018
Che: A Revolutionary Life,"Jon Lee Anderson, illustrated by José Hernández",432,340953,0735221774,comics & graphic novels;nonfiction;biography & memoir;for history lovers;tales from around the world;for art lovers,2018
"Check, Please!: Book 1: # Hockey",Ngozi Ukazu,288,628294,1250177952,comics & graphic novels;funny stuff;identity & culture;love & romance;for sports lovers,2018
Chesapeake Requiem: A Year With The Watermen Of Vanishing Tangier Island,Earl Swift,448,307487,0062661396,nonfiction;the states we’re in;science!;staff picks;eye-opening reads;identity & culture,2018
Children Of Blood And Bone,Tomi Adeyemi,544,19346,1250170974,"book club ideas;sci fi, fantasy & speculative fiction;rather long;staff picks;young adult",2018
Circe,Madeline Miller,400,13716,0316556343,"historical fiction;sci fi, fantasy & speculative fiction;book club ideas;seriously great writing;staff picks",2018
Citizen Illegal,José Olivarez,80,132000,1608469549,"identity & culture;short stories, essays & poetry;book club ideas;family matters;the states we’re in",2018
City Of Ash And Red: A Novel,"Hye-young Pyun, translated by Sora Kim-Russell",256,3650512,1628727810,"mysteries & thrillers;sci fi, fantasy & speculative fiction;the dark side",2018
Come Again,Nate Powell,272,2589696,1603094288,comics & graphic novels;the dark side;family matters,2018
Come West And See: Stories,Maxim Loskutoff,240,2639972,0393635589,staff picks;realistic fiction;identity & culture;the dark side;the states we’re in;rather short,2018
"Comfort In An Instant: 75 Comfort Food Recipes For Your Pressure Cooker, Multicooker, And Instant Pot",Melissa Clark,160,158773,0525576150,cookbooks & food,2018
"Conspiracy: Peter Thiel, Hulk Hogan, Gawker, And The Anatomy Of Intrigue",Ryan Holiday,336,66090,0735217645,nonfiction;eye-opening reads;the dark side;let’s talk about sex;staff picks;no biz like show biz,2018
Contact High: A Visual History Of Hip-Hop,Vikki Tobak,288,38153,0525573887,nonfiction;for music lovers;for art lovers;identity & culture;for history lovers;no biz like show biz,2018
Coyote Doggirl,Lisa Hanawalt,156,870480,1770463259,comics & graphic novels;funny stuff;staff picks;the dark side,2018
Cravings: Hungry For More,Chrissy Teigen,256,61308,1524759724,cookbooks & food;no biz like show biz,2018
Creative Quest,Questlove,288,594592,0062670557,nonfiction;biography & memoir;for art lovers;eye-opening reads;for music lovers;it’s all geek to me;staff picks,2018
Crudo: A Novel,Olivia Laing,160,1757096,0393652726,realistic fiction;rather short;seriously great writing;love & romance,2018
Crux: A Cross-Border Memoir,Jean Guerrero,352,894972,0399592393,nonfiction;biography & memoir;book club ideas;eye-opening reads;family matters;staff picks;the states we’re in;tales from around the world,2018
Dactyl Hill Squad,Daniel José Older,272,3113525,1338268813,"sci fi, fantasy & speculative fiction;historical fiction;kids’ books",2018
Dancing Bears: True Stories Of People Nostalgic For Life Under Tyranny,"Witold Szablowski, translated by Antonia Lloyd-Jones",262,1100978,0143129740,nonfiction;eye-opening reads;for history lovers;identity & culture;tales from around the world;staff picks,2018
Darwin Comes To Town: How The Urban Jungle Drives Evolution,Menno Schilthuizen,304,1161551,1250127823,nonfiction;eye-opening reads;science!,2018
Death Of A Rainmaker: A Dust Bowl Mystery,Laurie Loewenstein,320,1234859,1617756652,historical fiction;mysteries & thrillers;for history lovers;the dark side;the states we’re in;staff picks,2018
Deviation: A Novel,"Luce D'Eramo, translated by Anne Milano Appel",368,5688071,0374138451,realistic fiction;biography & memoir;for history lovers,2018
Do Not Lick This Book,"Idan Ben-Barak, illustrated by Julian Frost",40,135344,1250175364,kids’ books;eye-opening reads;it’s all geek to me;science!,2018
"Doing Harm: The Truth About How Bad Medicine And Lazy Science Leave Women Dismissed, Misdiagnosed, And Sick",Maya Dusenbery,400,1268301,0062470809,nonfiction;book club ideas;eye-opening reads;identity & culture;science!;staff picks,2018
Dragons In A Bag,"Zetta Elliott, illustrated by Geneva B",160,119801,1524770450,"family matters;funny stuff;kids’ books;sci fi, fantasy & speculative fiction",2018
Drawn Together,"Minh L&ecirc;, illustrated by Dan Santat",40,45787,1484767608,kids’ books;identity & culture;family matters;for art lovers;staff picks,2018
Dreamers,Yuyi Morales,40,15893,0823440559,kids’ books;family matters;for art lovers;identity & culture;tales from around the world;the states we’re in,2018
Educated: A Memoir,Tara Westover,352,10169,0399590501,nonfiction;biography & memoir;book club ideas;eye-opening reads;family matters;identity & culture;the states we’re in;staff picks,2018
Eloquent Rage: A Black Feminist Discovers Her Superpower,Brittney Cooper,288,583171,1250112575,nonfiction;book club ideas;eye-opening reads;identity & culture;biography & memoir,2018
Emergency Contact,Mary H.K. Choi,400,1511312,1534408967,young adult;love & romance;family matters;realistic fiction;staff picks,2018
"Enlightenment Now: The Case For Reason, Science, Humanism, And Progress",Steven Pinker,576,82918,0525427570,nonfiction;book club ideas;eye-opening reads;for history lovers;tales from around the world;science!;staff picks;rather long,2018
Eternity Girl,"Magdalene Visaggio, illustrated by Sonny Liew",160,2073332,1401285201,"comics & graphic novels;identity & culture;staff picks;sci fi, fantasy & speculative fiction",2018
Everyday Dorie: The Way I Cook,Dorie Greenspan,368,87031,0544826981,cookbooks & food,2018
Everything You Need For A Treehouse,"Carter Higgins, illustrated by Emily Hughes",40,98077,1452142556,kids’ books;staff picks;for art lovers,2018
Exit Stage Left: The Snagglepuss Chronicles,"Mark Russell, illustrated by Mike Feehan",168,233823,1401275214,comics & graphic novels;the states we’re in;for history lovers;identity & culture;for art lovers;staff picks,2018
Famous Father Girl: A Memoir Of Growing Up Bernstein,Jamie Bernstein,400,1109049,0062641352,nonfiction;biography & memoir;eye-opening reads;family matters;for music lovers;staff picks;identity & culture;no biz like show biz,2018
Fascism: A Warning,Madeleine Albright,304,65810,0062802186,nonfiction;eye-opening reads;for history lovers;tales from around the world;the dark side;the states we’re in;staff picks,2018
Fear: Trump In The White House,Bob Woodward,448,256461,1501175513,nonfiction;eye-opening reads;for history lovers;the states we’re in;rather long;staff picks,2018
Feast: Food Of The Islamic World,Anissa Helou,544,223184,0062363034,cookbooks & food;tales from around the world;staff picks,2018
Feel Free: Essays,Zadie Smith,464,945939,1594206252,"short stories, essays & poetry;eye-opening reads;for art lovers;identity & culture;seriously great writing;nonfiction",2018
Florida,Lauren Groff,288,923121,1594634513,"short stories, essays & poetry;realistic fiction;seriously great writing;the states we’re in",2018
Forever Or A Day,Sarah Jacoby,40,207526,1452164630,kids’ books;staff picks;for art lovers,2018
Freshwater,Akwaeke Emezi,240,354531,0802127355,realistic fiction;identity & culture;seriously great writing;the states we’re in;staff picks;rather short,2018
"From Twinkle, With Love",Sandhya Menon,336,11600791,1481495402,funny stuff;love & romance;identity & culture;young adult;realistic fiction;no biz like show biz,2018
Front Desk,Kelly Yang,304,61252,1338157795,family matters;identity & culture;kids’ books;realistic fiction;the states we’re in,2018
Full Disclosure,Stormy Daniels,288,332925,1250205565,nonfiction;biography & memoir;eye-opening reads;let’s talk about sex;the states we’re in,2018
Ghosts In The Schoolyard: Racism And School Closings On Chicago's South Side,Eve L. Ewing,240,471461,022652602X,nonfiction;eye-opening reads;the states we’re in;identity & culture;rather short,2018
Girls Burn Brighter: A Novel,Shobha Rao,320,1495726,1250074258,realistic fiction;tales from around the world;identity & culture;book club ideas;eye-opening reads,2018
Give Me Some Truth,Eric Gansworth,432,2633767,1338143549,young adult;identity & culture;for music lovers;family matters;love & romance,2018
Give Me Your Hand: A Novel,Megan Abbott,352,1246725,0316547182,the dark side;mysteries & thrillers;book club ideas;science!,2018
Gnomon: A Novel,Nick Harkaway,688,298303,1524732087,"sci fi, fantasy & speculative fiction;rather long;science!;historical fiction",2018
God Save Texas: A Journey Into The Soul Of The Lone Star State,Lawrence Wright,368,503243,0525520104,for history lovers;identity & culture;nonfiction;eye-opening reads;the states we’re in,2018
Good And Mad: The Revolutionary Power Of Women's Anger,Rebecca Traister,320,251650,1501181793,nonfiction;eye-opening reads;identity & culture;the states we’re in;staff picks,2018
Greeks Bearing Gifts,Philip Kerr,528,804099,039917706X,mysteries & thrillers;historical fiction;tales from around the world;the dark side;staff picks;rather long,2018
Grist Mill Road: A Novel,Christopher J. Yates,352,296978,1250150280,family matters;mysteries & thrillers;the dark side,2018
Half-Witch,John Schoffstall,300,4548462,1618731408,"sci fi, fantasy & speculative fiction;young adult",2018
Happiness: A Novel,Aminatta Forna,368,1864004,080212755X,realistic fiction;book club ideas;identity & culture;seriously great writing;tales from around the world;the dark side,2018
Heads Of The Colored People: Stories,Nafissa Thompson-Spires,224,2053932,1501167995,"short stories, essays & poetry;identity & culture;rather short",2018
Heart Berries: A Memoir,Terese Marie Mailhot,160,1378887,1619023342,nonfiction;biography & memoir;rather short;identity & culture;seriously great writing;love & romance;family matters;book club ideas,2018
Heartland: A Memoir Of Working Hard And Being Broke In The Richest Country On Earth,Sarah Smarsh,304,716098,1501133098,nonfiction;biography & memoir;book club ideas;eye-opening reads;family matters;identity & culture;the states we’re in;staff picks,2018
Heavy: An American Memoir,Kiese Laymon,256,338905,1501125656,nonfiction;eye-opening reads;identity & culture;the states we’re in;staff picks,2018
Here To Stay,Sara Farizan,272,1657621,1616207000,family matters;identity & culture;the states we’re in;young adult;staff picks,2018
"Hey, Kiddo",Jarrett J. Krosoczka,320,13381,0545902487,biography & memoir;comics & graphic novels;young adult;eye-opening reads;family matters;staff picks;nonfiction;for art lovers;book club ideas,2018
Hiking With Nietzsche: On Becoming Who You Are,John Kaag,272,357174,0374170010,biography & memoir;nonfiction;family matters;it’s all geek to me,2018
His Favorites: A Novel,Kate Walbert,160,2272994,1476799393,rather short;realistic fiction;seriously great writing;the dark side;book club ideas,2018
"Homelands: Four Friends, Two Countries, And The Fate Of The Great Mexican-American Migration",Alfredo Corchado,304,1181422,1632865548,nonfiction;biography & memoir;family matters;book club ideas;identity & culture;tales from around the world;the states we’re in;staff picks,2018
Housegirl: A Novel,Michael Donkor,320,3903705,1250305179,realistic fiction;tales from around the world;book club ideas;family matters;staff picks,2018
How Are You Going To Save Yourself,JM Holmes,256,5028753,0316514888,"realistic fiction;short stories, essays & poetry;identity & culture;let’s talk about sex;the states we’re in;family matters",2018
How Long 'Til Black Future Month?: Stories,N.K. Jemisin,416,656710,0316491349,"sci fi, fantasy & speculative fiction;short stories, essays & poetry;seriously great writing;staff picks",2018
How To Be A Lion,Ed Vere,32,115302,0525578056,kids’ books;identity & culture;staff picks;eye-opening reads,2018
"How To Change Your Mind: What The New Science Of Psychedelics Teaches Us About Consciousness, Dying, Addiction, Depression, And Transcendence",Michael Pollan,464,25400,1594204225,nonfiction;biography & memoir;eye-opening reads;science!;rather long;staff picks;it’s all geek to me,2018
How To Invent Everything: A Survival Guide For The Stranded Time Traveler,Ryan North,464,186030,073522014X,nonfiction;science!;eye-opening reads;it’s all geek to me;rather long;staff picks,2018
How To Write An Autobiographical Novel: Essays,Alexander Chee,288,69763,1328764524,nonfiction;biography & memoir;identity & culture;seriously great writing;family matters,2018
"If You See Me, Don't Say Hi: Stories",Neel Patel,224,2181431,1250183197,"staff picks;realistic fiction;short stories, essays & poetry;book club ideas;identity & culture;love & romance;family matters;the states we’re in;rather short",2018
In Pieces,Sally Field,416,41933,1538763028,staff picks;nonfiction;biography & memoir;eye-opening reads;seriously great writing;family matters;book club ideas;no biz like show biz,2018
Indianapolis: The True Story Of The Worst Sea Disaster In U.S. Naval History And The Fifty-Year Fight To Exonerate An Innocent Man,Lynn Vincent and Sara Vladic,592,105686,1501135945,nonfiction;for history lovers;the states we’re in;rather long;staff picks,2018
Infidel,Pornsak Pichetshote and Aaron Campbell,176,611332,1534308369,"sci fi, fantasy & speculative fiction;the dark side;identity & culture;comics & graphic novels;the states we’re in;book club ideas",2018
Inner City Pressure: The Story Of Grime,Dan Hancox,352,3345891,0008257132,nonfiction;for music lovers;for history lovers;staff picks;identity & culture,2018
Inseparable: The Original Siamese Twins And Their Rendezvous With American History,Yunte Huang,416,753118,0871404478,nonfiction;biography & memoir;eye-opening reads;for history lovers;family matters;staff picks,2018
"Intercepted (Playbook, The)",Alexa Martin,320,259144,0451491955,let’s talk about sex;love & romance;identity & culture;book club ideas;realistic fiction,2018
"Into The Raging Sea: Thirty-Three Mariners, One Megastorm, And The Sinking Of El Faro",Rachel Slade,416,1117868,0062699709,nonfiction;staff picks;eye-opening reads;for history lovers,2018
Iron Gold,Pierce Brown,624,13624,042528591X,"sci fi, fantasy & speculative fiction;rather long",2018
"Israeli Soul: Easy, Essential, Delicious",Michael Solomonov and Steven Cook,384,90648,0544970373,cookbooks & food;tales from around the world;staff picks,2018
Ivy Aberdeen's Letter To The World,Ashley Herring Blake,320,1450525,0316515469,kids’ books;love & romance;family matters;for art lovers,2018
Jam Session: A Fruit-Preserving Handbook,Joyce Goldstein,264,165162,0399579613,cookbooks & food;staff picks,2018
Julián Is A Mermaid,Jessica Love,40,15011,0763690457,kids’ books;family matters;identity & culture;staff picks,2018
Junk,Tommy Pico,80,925742,1941040977,"short stories, essays & poetry;identity & culture;seriously great writing",2018
Just The Funny Parts: ...And A Few Hard Truths About Sneaking Into The Hollywood Boys' Club,Nell Scovell,336,1870228,0062473484,nonfiction;biography & memoir;funny stuff;eye-opening reads;staff picks;no biz like show biz,2018
Lake Success: A Novel,Gary Shteyngart,352,477679,0812997417,realistic fiction;book club ideas;funny stuff;the states we’re in;staff picks,2018
Leadership: In Turbulent Times,Doris Kearns Goodwin,496,30478,1476795924,nonfiction;staff picks;the states we’re in;biography & memoir;for history lovers;rather long,2018
Like A Mother: A Feminist Journey Through The Science And Culture Of Pregnancy,Angela Garbes,256,216545,0062662945,nonfiction;book club ideas;eye-opening reads;family matters;identity & culture;it’s all geek to me;let’s talk about sex;science!;staff picks;it’s all geek to me,2018
Listen To The Marriage: A Novel,John Jay Osborn,256,2436004,0374192022,realistic fiction;book club ideas;family matters;love & romance;staff picks,2018
Little: A Novel,Edward Carey,448,1024016,0525534326,seriously great writing;rather long;historical fiction;for history lovers;the dark side;for art lovers,2018
Louisiana's Way Home,Kate DiCamillo,240,152448,0763694630,kids’ books;family matters;seriously great writing;staff picks,2018
Love,"Matt de la Peña, illustrated by Loren Long",40,73473,1524740918,kids’ books;family matters;staff picks;love & romance;for art lovers,2018
Luisa – Now And Then,Carole Maurel and Mariko Tamaki,272,2847934,1594656436,comics & graphic novels;identity & culture;love & romance,2018
Making Up,Lucy Parker,336,1479104,1335007059,love & romance;let’s talk about sex;no biz like show biz;tales from around the world;realistic fiction;rather short,2018
Mariam Sharma Hits The Road,Sheba Karim,320,6522568,0062445731,young adult;identity & culture;realistic fiction;the states we’re in,2018
Mastering Fear: A Navy SEAL's Guide,Brandon Webb and John David Mann,224,562996,0525533567,nonfiction;eye-opening reads;staff picks;rather short,2018
Melmoth: A Novel,Sarah Perry,288,2942781,0062856391,"historical fiction;book club ideas;the dark side;sci fi, fantasy & speculative fiction",2018
"Memphis Rent Party: The Blues, Rock & Soul In Music's Hometown",Robert Gordon,272,1720236,1632867737,nonfiction;for music lovers;for history lovers;the states we’re in;staff picks;biography & memoir,2018
Midden,Julia Bouwsma,96,1958745,0823280985,"short stories, essays & poetry;the states we’re in;for history lovers;identity & culture",2018
"Milk Street: Tuesday Nights: More Than 200 Simple Weeknight Suppers That Deliver Bold Flavor, Fast",Christopher Kimball,416,10959,031643731X,cookbooks & food,2018
Milkman: A Novel,Anna Burns,360,35457,1644450003,staff picks;historical fiction;family matters;book club ideas;seriously great writing;tales from around the world,2018
Mommy's Khimar,"Jamilah Thompkins-Bigelow, illustrated by Ebony Glenn",40,577100,1534400591,kids’ books;family matters;identity & culture,2018
Monster Portraits,"Sofia Samatar, illustrated by Del Samatar",84,645749,1941628109,"family matters;rather short;sci fi, fantasy & speculative fiction;for art lovers",2018
Monument: Poems New And Selected,Natasha Trethewey,208,1269778,132850784X,"short stories, essays & poetry;identity & culture;for history lovers;the states we’re in;staff picks;seriously great writing",2018
Motherhood: A Novel,Sheila Heti,304,203665,1627790772,realistic fiction;book club ideas;family matters;identity & culture;let’s talk about sex;staff picks,2018
"My Brother's Husband, Volume 2","Gengoroh Tagame, translated by Anne Ishii",352,1570207,1101871539,comics & graphic novels;tales from around the world;identity & culture;family matters;staff picks,2018
My Ex-Life: A Novel,Stephen McCauley,336,1454561,1250122430,realistic fiction;book club ideas;family matters;funny stuff;love & romance;staff picks,2018
My Life As A Goddess: A Memoir Through (Un)Popular Culture,Guy Branum,288,593898,1501170228,book club ideas;family matters;funny stuff;seriously great writing;biography & memoir;nonfiction;no biz like show biz,2018
"My Own Devices: True Stories From The Road On Music, Science, And Senseless Love",Dessa,261,1247407,1524742295,"biography & memoir;for music lovers;love & romance;short stories, essays & poetry;seriously great writing;nonfiction;science!;funny stuff;no biz like show biz;let’s talk about sex",2018
"My Sister, The Serial Killer: A Novel",Oyinkan Braithwaite,240,172683,0385544235,mysteries & thrillers;family matters;the dark side;staff picks;tales from around the world;rather short,2018
My So-Called Bollywood Life,Nisha Sharma,304,3494654,0553523252,young adult;identity & culture;love & romance;realistic fiction;no biz like show biz,2018
My Year Of Rest And Relaxation,Ottessa Moshfegh,304,155628,0525522115,realistic fiction;staff picks;book club ideas;the dark side,2018
"Network Propaganda: Manipulation, Disinformation, And Radicalization In American Politics","Yochai Benkler, Robert Faris, and Hal Roberts",472,980824,0190923636,nonfiction;eye-opening reads;the dark side;the states we’re in;rather long,2018
New Poets Of Native Nations,Heid E. Erdrich,304,1121772,1555978096,"short stories, essays & poetry;identity & culture;the states we’re in;staff picks",2018
New Shoes,Chris Raschka,32,186309,0062657526,kids’ books;eye-opening reads;for art lovers,2018
Night Moves,Jessica Hopper,184,1471279,1477317880,nonfiction;for music lovers;biography & memoir;for history lovers;the states we’re in,2018
Ninety-Nine Glimpses Of Princess Margaret,Craig Brown,432,224523,0374906041,nonfiction;biography & memoir;book club ideas;eye-opening reads;family matters;tales from around the world;staff picks,2018
Not My Idea: A Book About Whiteness,Anastasia Higginbotham,64,570457,1948340003,kids’ books;family matters;eye-opening reads;identity & culture;the states we’re in,2018
"Now & Again: Go-To Recipes, Inspired Menus + Endless Ideas For Reinventing Leftovers",Julia Turshen,304,609482,1452164924,cookbooks & food,2018
Number One Chinese Restaurant: A Novel,Lillian Li,304,1457429,125014129X,realistic fiction;cookbooks & food;book club ideas;family matters;identity & culture;the states we’re in;staff picks,2018
Odd One Out,Nic Stone,320,2143656,1101939532,young adult;love & romance;realistic fiction;funny stuff,2018
Ohio,Stephen Markley,496,1154152,1501174479,realistic fiction;the dark side;the states we’re in;rather long,2018
On The Other Side Of Freedom: The Case For Hope,DeRay Mckesson,240,1581282,0525560327,nonfiction;book club ideas;eye-opening reads;identity & culture;the states we’re in;staff picks;biography & memoir;rather short,2018
Once And Forever: The Tales Of Kenji Miyazawa,"Kenji Miyazawa, translated by John Bester",288,151848,1681372606,"sci fi, fantasy & speculative fiction;short stories, essays & poetry;tales from around the world",2018
"One Person, No Vote: How Voter Suppression Is Destroying Our Democracy",Carol Anderson,288,1027935,1635571375,nonfiction;eye-opening reads;for history lovers;the states we’re in;staff picks,2018
Only To Sleep: A Philip Marlowe Novel,Lawrence Osborne,272,1190814,1524759619,seriously great writing;mysteries & thrillers;the dark side,2018
Ottolenghi Simple: A Cookbook,Yotam Ottolenghi,320,1931,1607749165,cookbooks & food,2018
Packing My Library: An Elegy And Ten Digressions,Alberto Manguel,160,1461436,0300219334,nonfiction;biography & memoir;it’s all geek to me;tales from around the world;staff picks;rather short,2018
"Palaces For The People: How Social Infrastructure Can Help Fight Inequality, Polarization, And The Decline Of Civic Life",Eric Klinenberg,288,791277,1524761168,nonfiction;eye-opening reads;identity & culture;it’s all geek to me;the states we’re in;tales from around the world;staff picks,2018
Photographic: The Life Of Graciela Iturbide,"Isabel Quintero, illustrated by Zeke Peña",96,941282,1947440004,young adult;kids’ books;biography & memoir;eye-opening reads;for art lovers;tales from around the world;comics & graphic novels,2018
Playing Changes: Jazz For The New Century,Nate Chinen,288,351323,1101870346,staff picks;for music lovers;nonfiction;no biz like show biz,2018
Pride,Ibi Zoboi,304,383048,0062564048,young adult;love & romance;identity & culture;realistic fiction;book club ideas,2018
Rage Becomes Her: The Power Of Women's Anger,Soraya Chemaly,416,493749,1501189557,nonfiction;eye-opening reads;book club ideas;identity & culture,2018
Record Of A Spaceborn Few,Becky Chambers,368,928030,0062851152,"sci fi, fantasy & speculative fiction;book club ideas;identity & culture",2018
"Red, White, Blue: A Novel",Lea Carpenter,320,1790033,1524732141,mysteries & thrillers;eye-opening reads;realistic fiction;book club ideas;seriously great writing,2018
Sabrina,Nick Drnaso,204,293706,177046316X,comics & graphic novels;mysteries & thrillers;the dark side;staff picks,2018
Sadie,Courtney Summers,320,560070,1250105714,family matters;the dark side;realistic fiction,2018
Scribe: A Novel,Alyson Hagy,176,2598571,1555978185,"rather short;sci fi, fantasy & speculative fiction;seriously great writing;the dark side;the states we’re in",2018
Sea Prayer,Khaled Hosseini,48,159503,0525539093,kids’ books;family matters;tales from around the world,2018
Seafire,Natalie C. Parker,384,1293100,0451478800,"sci fi, fantasy & speculative fiction;family matters;staff picks;young adult",2018
"Searing Inspiration: Fast, Adaptable Entrées And Fresh Pan Sauces",Susan Volland,234,1376278,039329241X,cookbooks & food,2018
Severance,Ling Ma,304,565794,0374261598,"staff picks;sci fi, fantasy & speculative fiction;book club ideas;eye-opening reads;the dark side;the states we’re in",2018
"Shade, The Changing Girl Vol. 2: Little Runaway",Cecil Castellucci and Marley Zarcone,168,1008062,1401275451,"comics & graphic novels;sci fi, fantasy & speculative fiction;the states we’re in;book club ideas",2018
Sharp,Michelle Dean,384,2696218,0802125093,nonfiction;for history lovers;identity & culture;biography & memoir,2018
She Begat This: 20 Years Of The Miseducation Of Lauryn Hill,Joan Morgan,176,2239089,1501195255,nonfiction;for music lovers;for history lovers;identity & culture;staff picks;biography & memoir,2018
Sketchtasy,Mattilda Bernstein Sycamore,256,3957024,1551527294,identity & culture;let’s talk about sex;realistic fiction;the states we’re in,2018
Small Animals: Parenthood In The Age Of Fear,Kim Brooks,256,1255460,1250089557,nonfiction;biography & memoir;book club ideas;eye-opening reads;family matters;the states we’re in;staff picks,2018
Small Fry,Lisa Brennan-Jobs,400,262081,0802128238,nonfiction;biography & memoir;book club ideas;family matters;seriously great writing;staff picks,2018
Social Creature: A Novel,Tara Isabella Burton,288,1063719,0385543522,mysteries & thrillers;the dark side;staff picks,2018
Some Trick: Thirteen Stories,Helen DeWitt,224,369547,0811227820,"short stories, essays & poetry;seriously great writing;rather short",2018
Space Opera,Catherynne M. Valente,304,1336293,1481497499,"sci fi, fantasy & speculative fiction;for music lovers;seriously great writing;no biz like show biz",2018
Spinning Silver,Naomi Novik,480,122385,0399180982,"seriously great writing;sci fi, fantasy & speculative fiction;rather long;identity & culture;family matters",2018
Split Tooth,Tanya Tagaq,208,2311619,0670070092,biography & memoir;nonfiction;seriously great writing;identity & culture;tales from around the world;for music lovers;rather short,2018
Stealing The Show: How Women Are Revolutionizing Television,Joy Press,320,4423527,1501137719,nonfiction;for history lovers;staff picks;no biz like show biz,2018
Tell The Machine Goodnight: A Novel,Katie Williams,304,1605805,0525533125,"sci fi, fantasy & speculative fiction;family matters;the dark side",2018
Terra Nullius: A Novel,Claire G. Coleman,320,1436111,1618731513,"sci fi, fantasy & speculative fiction;identity & culture;for history lovers;tales from around the world",2018
Tess Of The Road,Rachel Hartman,544,1078574,1101931280,"sci fi, fantasy & speculative fiction;young adult;seriously great writing;family matters",2018
Text Me When You Get Home: The Evolution And Triumph Of Modern Female Friendship,Kayleen Schaefer,288,703217,1101986123,nonfiction;book club ideas;staff picks;identity & culture,2018
That Kind Of Mother: A Novel,Rumaan Alam,304,2816045,0062667602,realistic fiction;book club ideas;family matters;identity & culture;staff picks,2018
The Art Of Gathering: How We Meet And Why It Matters,Priya Parker,320,25906,1594634920,nonfiction;eye-opening reads;book club ideas;staff picks;it’s all geek to me,2018
The Artful Evolution Of Hal & Mal's,"Malcolm White, illustrated by Ginger Williams Cook",160,4600491,1496812034,nonfiction;cookbooks & food;for art lovers;for history lovers;the states we’re in;staff picks;family matters,2018
The Assassination Of Brangwain Spurge,M.T. Anderson and Eugene Yelchin,544,1117228,0763698229,"kids’ books;funny stuff;seriously great writing;rather long;sci fi, fantasy & speculative fiction;for art lovers",2018
The Benefits Of Being An Octopus,Ann Braden,256,137973,1510737480,kids’ books;family matters;eye-opening reads,2018
The Cabin At The End Of The World: A Novel,Paul Tremblay,288,530547,0062679104,the dark side;mysteries & thrillers;family matters,2018
The Carrying: Poems,Ada Limón,120,305908,1571315128,"short stories, essays & poetry;staff picks;seriously great writing;family matters",2018
The Chalk Man: A Novel,C.J. Tudor,288,446210,1524760986,mysteries & thrillers;tales from around the world;the dark side,2018
The Court Dancer: A Novel,"Kyung-Sook Shin, translated by Anton Hur",336,2386011,1681777878,historical fiction;for history lovers;tales from around the world;identity & culture,2018
The Dark Descent Of Elizabeth Frankenstein,Kiersten White,304,1136057,0525577947,"young adult;the dark side;sci fi, fantasy & speculative fiction;family matters",2018
The Death Of Mrs. Westaway,Ruth Ware,384,672869,1501156217,mysteries & thrillers;family matters;the dark side;staff picks,2018
The Dragon Slayer: Folktales From Latin America,Jaime Hernandez,40,601263,1943145296,"kids’ books;tales from around the world;sci fi, fantasy & speculative fiction;for art lovers",2018
The Electric State,Simon Stalenhag,144,28718,1501181416,"comics & graphic novels;for art lovers;family matters;the dark side;the states we’re in;sci fi, fantasy & speculative fiction",2018
The Faithful Spy: Dietrich Bonhoeffer And The Plot To Kill Hitler,John Hendrix,176,927609,1419728385,kids’ books;for history lovers;tales from around the world;seriously great writing;biography & memoir;nonfiction,2018
The Female Persuasion: A Novel,Meg Wolitzer,464,673729,1594488401,realistic fiction;book club ideas;identity & culture;the states we’re in;rather long;love & romance,2018
The Field Of Blood: Violence In Congress And The Road To Civil War,Joanne B. Freeman,480,136678,0374154775,nonfiction;eye-opening reads;for history lovers;the states we’re in;the dark side;staff picks;rather long,2018
The Fifth Risk,Michael Lewis,256,32405,1324002646,nonfiction;eye-opening reads;the states we’re in;staff picks;rather short,2018
The Fighters,C.J. Chivers,400,1106629,1451676646,staff picks;nonfiction;eye-opening reads;tales from around the world;the dark side,2018
The Foreign Cinema Cookbook: Recipes And Stories Under The Stars,Gayle Pirie and John Clark,304,700761,1419729047,cookbooks & food;staff picks;no biz like show biz,2018
The Friend: A Novel,Sigrid Nunez,224,68923,0735219443,realistic fiction;book club ideas;love & romance;seriously great writing;the dark side;staff picks;rather short,2018
The Girl In The Green Silk Gown,Seanan McGuire,352,581062,075641380X,"sci fi, fantasy & speculative fiction;staff picks;the dark side;the states we’re in;for music lovers",2018
The Golden State: A Novel,Lydia Kiesling,304,1108786,0374164835,family matters;seriously great writing;the states we’re in;realistic fiction;love & romance,2018
The Great Believers,Rebecca Makkai,432,166634,0735223521,realistic fiction;book club ideas;family matters;for history lovers;seriously great writing;tales from around the world;the states we’re in,2018
The Hellfire Club,Jake Tapper,352,338830,031647231X,mysteries & thrillers;the dark side;the states we’re in;staff picks;for history lovers,2018
The Hollow Of Fear,Sherry Thomas,336,540711,0425281426,historical fiction;mysteries & thrillers;tales from around the world;the dark side,2018
The House Of Broken Angels,Luis Alberto Urrea,336,1101078,0316154881,realistic fiction;the states we’re in;family matters;book club ideas,2018
The House That Lou Built,Mae Respicio,240,1984256,1524717940,kids’ books;family matters;identity & culture;it’s all geek to me;funny stuff,2018
The Immortalists,Chloe Benjamin,352,758973,0735213186,realistic fiction;book club ideas;historical fiction;staff picks,2018
The Incendiaries: A Novel,R.O. Kwon,224,2021883,0735213895,realistic fiction;book club ideas;seriously great writing;love & romance;the dark side;staff picks;rather short,2018
The Infinite Blacktop: A Novel,Sara Gran,304,1889490,1501165712,mysteries & thrillers;the dark side,2018
The Kiss Quotient,Helen Hoang,352,21064,0451490800,love & romance;let’s talk about sex;identity & culture;eye-opening reads;realistic fiction,2018
The Largesse Of The Sea Maiden: Stories,Denis Johnson,224,848450,0812988639,"short stories, essays & poetry;realistic fiction;seriously great writing;the dark side;rather short",2018
The Last Cowboys: A Pioneer Family In The New West,John Branch,288,453862,0393292347,nonfiction;eye-opening reads;family matters;identity & culture;the states we’re in;staff picks;no biz like show biz;for sports lovers,2018
The Library Book,Susan Orlean,336,331911,1476740186,nonfiction;eye-opening reads;it’s all geek to me;the states we’re in;for history lovers,2018
The Line Becomes A River: Dispatches From The Border,Francisco Cantú,256,481131,0735217718,staff picks;nonfiction;eye-opening reads;the states we’re in;identity & culture;family matters;seriously great writing,2018
The Many Deaths Of Scott Koblish,Scott Koblish,96,3543982,1452167125,comics & graphic novels;staff picks;funny stuff;the dark side,2018
The Mars Room: A Novel,Rachel Kushner,352,915738,1476756554,realistic fiction;book club ideas;eye-opening reads;the dark side;staff picks;the states we’re in;seriously great writing,2018
The Merry Spinster: Tales Of Everyday Horror,Daniel Mallory Ortberg,208,4380863,1472154118,"short stories, essays & poetry;sci fi, fantasy & speculative fiction;book club ideas;the dark side;staff picks;rather short",2018
"The Mirage Factory: Illusion, Imagination, And The Invention Of Los Angeles",Gary Krist,416,265045,0451496388,nonfiction;biography & memoir;for history lovers;the states we’re in;staff picks,2018
The Miscalculations Of Lightning Girl,Stacy McAnulty,304,82561,1524767573,kids’ books;it’s all geek to me;family matters,2018
"The Most Dangerous Man In America: Timothy Leary, Richard Nixon And The Hunt For The Fugitive King Of LSD",Bill Minutaglio and  Steven L. Davis,400,457560,1455563587,nonfiction;eye-opening reads;for history lovers;the states we’re in;staff picks,2018
The Night Diary,Veera Hiranandani,272,198547,0735228515,historical fiction;kids’ books;for history lovers;tales from around the world;staff picks;identity & culture;family matters,2018
The Order Of The Day,"Éric Vuillard, translated by Mark Polizzotti",144,289840,1590519698,eye-opening reads;for history lovers;historical fiction;rather short;seriously great writing;tales from around the world;the dark side,2018
The Overstory: A Novel,Richard Powers,512,6851,039363552X,realistic fiction;book club ideas;eye-opening reads;seriously great writing;science!;the states we’re in;rather long;staff picks;it’s all geek to me;family matters,2018
The Parker Inheritance,Varian Johnson,352,216347,0545946174,kids’ books;family matters;identity & culture;love & romance;for history lovers;the states we’re in;seriously great writing,2018
The Party: And Other Stories,Sergio Ruzzier,56,2441430,1452152888,kids’ books;funny stuff,2018
The Perfect Nanny: A Novel,"Leila Slimani, translated by Sam Taylor",240,28953,0143132172,mysteries & thrillers;book club ideas;family matters;the dark side;staff picks;tales from around the world;rather short,2018
The Personality Brokers: The Strange History Of Myers-Briggs And The Birth Of Personality Testing,Merve Emre,336,1671084,0385541902,nonfiction;biography & memoir;book club ideas;eye-opening reads;family matters;science!;staff picks;for history lovers;it’s all geek to me,2018
The Poet X,Elizabeth Acevedo,368,109977,0062662805,"short stories, essays & poetry;young adult;book club ideas;family matters;identity & culture;seriously great writing",2018
The Prince And The Dressmaker,Jen Wang,288,710464,1250159857,comics & graphic novels;eye-opening reads;love & romance;identity & culture;staff picks;for art lovers;family matters,2018
The Prison Letters Of Nelson Mandela,"Nelson Mandela, Sahm Venter (editor)",640,1267562,1631491172,nonfiction;biography & memoir;eye-opening reads;family matters;for history lovers;tales from around the world;staff picks;rather long,2018
The Real Lolita: The Kidnapping Of Sally Horner And The Novel That Scandalized The World,Sarah Weinman,320,1658266,0062661922,nonfiction;book club ideas;eye-opening reads;the dark side,2018
The Recovering: Intoxication And Its Aftermath,Leslie Jamison,544,83151,0316259616,biography & memoir;book club ideas;identity & culture;seriously great writing;rather long,2018
The Red And The Blue: The 1990s And The Birth Of Political Tribalism,Steve Kornacki,512,1256147,0062438980,nonfiction;the states we’re in;for history lovers;staff picks;eye-opening reads;rather long,2018
The Rough Patch,Brian Lies,40,27415,0062671278,kids’ books;family matters;staff picks,2018
The Science Of Breakable Things,Tae Keller,304,1113245,1524715662,kids’ books;family matters;it’s all geek to me;science!,2018
The Season Of Styx Malone,Kekla Magoon,304,4074652,1524715964,kids’ books;family matters;funny stuff,2018
The Silence Of The Girls: A Novel,Pat Barker,304,422369,0385544219,historical fiction;book club ideas;eye-opening reads;for history lovers,2018
The Sky Is Yours: A Novel,Chandler Klang Smith,464,2319232,0451496264,"sci fi, fantasy & speculative fiction;love & romance;rather long;family matters",2018
The Soul Of America: The Battle For Our Better Angels,Jon Meacham,416,51379,0399589813,nonfiction;eye-opening reads;for history lovers;rather long;staff picks;identity & culture,2018
The Sparsholt Affair: A Novel,Alan Hollinghurst,432,1241375,1101874562,realistic fiction;historical fiction;family matters;tales from around the world,2018
The Strange Case Of Dr. Couney: How A Mysterious European Showman Saved Thousands Of American Babies,Dawn Raffel,304,1141035,0399175741,nonfiction;for history lovers;eye-opening reads;science!;the states we’re in;no biz like show biz,2018
The Summer Of Jordi Perez (And The Best Burger In Los Angeles),Amy Spalding,284,3474466,1510727663,family matters;funny stuff;identity & culture;love & romance;realistic fiction;young adult,2018
The View From Flyover Country: Dispatches From The Forgotten America,Sarah Kendzior,255,248749,1250189993,"nonfiction;short stories, essays & poetry;eye-opening reads;the states we’re in",2018
The Way You Make Me Feel,Maurene Goo,336,1597641,0374304084,young adult;love & romance;realistic fiction;cookbooks & food,2018
The Wedding Date,Jasmine Guillory,336,42617,0399587667,love & romance;let’s talk about sex;realistic fiction,2018
The Winter Soldier,Daniel Mason,336,303647,0316477605,historical fiction;love & romance;book club ideas;staff picks;for history lovers,2018
The Witch Elm: A Novel,Tana French,528,145585,0735224625,mysteries & thrillers;rather long;the dark side;book club ideas;family matters;seriously great writing,2018
The Word Is Murder: A Novel,Anthony Horowitz,400,98505,0062676784,mysteries & thrillers;the dark side;staff picks,2018
The World Only Spins Forward: The Ascent Of Angels In America,Isaac Butler and Dan Kois,448,967558,1635571766,nonfiction;no biz like show biz;for music lovers;identity & culture;rather long;the states we’re in;staff picks;for history lovers,2018
The Writer's Map: An Atlas Of Imaginary Lands,Huw Lewis-Jones,256,128657,022659663X,"sci fi, fantasy & speculative fiction;staff picks;for art lovers",2018
The Wrong Heaven,Amy Bonnaffons,256,3097267,031651621X,"short stories, essays & poetry;staff picks;sci fi, fantasy & speculative fiction",2018
There There: A Novel,Tommy Orange,304,34945,0525520376,realistic fiction;book club ideas;family matters;identity & culture;the states we’re in;staff picks;seriously great writing,2018
There Will Be No Miracles Here: A Memoir,Casey Gerald,400,1076744,0735214204,biography & memoir;nonfiction;book club ideas;family matters;identity & culture;seriously great writing,2018
These Truths: A History Of The United States,Jill Lepore,960,12035,0393635244,nonfiction;book club ideas;eye-opening reads;for history lovers;the states we’re in;staff picks;rather long;seriously great writing,2018
They Say Blue,Jillian Tamaki,40,729455,1419728512,kids’ books;eye-opening reads;for art lovers,2018
This Is Not A Love Letter,Kim Purcell,368,1453624,1484798341,young adult;realistic fiction;love & romance;the dark side,2018
Those Who Knew: A Novel,Idra Novey,256,2608125,0525560432,realistic fiction;the dark side;seriously great writing;book club ideas,2018
Tigers & Tea With Toppy,"Barbara Kerley and Rhoda Knight Kalt, illustrated by Matte Stephens",48,1898877,1338134272,nonfiction;biography & memoir;kids’ books;family matters;for art lovers;science!;staff picks,2018
To Be Honest,Maggie Ann Martin,304,3431431,1250183154,family matters;love & romance;realistic fiction;young adult;book club ideas,2018
To Throw Away Unopened: A Memoir,Viv Albertine,320,649286,0571326218,nonfiction;biography & memoir;for music lovers;book club ideas;family matters;let’s talk about sex;staff picks,2018
Trail Of Lightning,Rebecca Roanhorse,304,1787070,1534413499,"sci fi, fantasy & speculative fiction;the dark side;identity & culture",2018
Transcription: A Novel,Kate Atkinson,352,2135889,031617663X,historical fiction;tales from around the world;staff picks;mysteries & thrillers;for history lovers,2018
Turnip Greens & Tortillas: A Mexican Chef Spices Up The Southern Kitchen,Eddie Hernandez and Susan Puckett,320,106539,0544618823,cookbooks & food;staff picks;the states we’re in,2018
"Two Sisters: A Father, His Daughters, And Their Journey Into The Syrian Jihad","Åsne Seierstad, translated by Seán Kinsella",432,1775918,0374279675,nonfiction;seriously great writing;tales from around the world;eye-opening reads;book club ideas;identity & culture;family matters;staff picks,2018
Unclaimed Baggage,Jen Doll,384,3936993,0374306060,funny stuff;realistic fiction;young adult;seriously great writing;the states we’re in,2018
Underbug: An Obsessive Tale Of Termites And Technology,Lisa Margonelli,320,2668603,0374282072,nonfiction;eye-opening reads;it’s all geek to me;science!;staff picks,2018
Unholy Land,Lavie Tidhar,288,2130577,1616963042,"mysteries & thrillers;sci fi, fantasy & speculative fiction;for history lovers;identity & culture",2018
Unsheltered: A Novel,Barbara Kingsolver,480,135597,0062684566,historical fiction;realistic fiction;book club ideas;the states we’re in;staff picks;rather long;family matters,2018
Varina: A Novel,Charles Frazier,368,1010126,0062405985,historical fiction;book club ideas;eye-opening reads;family matters;the states we’re in;staff picks;for history lovers,2018
Warlight: A Novel,Michael Ondaatje,304,174488,0525521194,family matters;tales from around the world;historical fiction;for history lovers,2018
Washington Black: A Novel,Esi Edugyan,352,45065,0525521429,historical fiction;book club ideas;seriously great writing;tales from around the world;science!;the states we’re in;staff picks,2018
We Are Grateful: Otsaliheliga,"Traci Sorell, illustrated by Frané Lessac",32,68428,158089772X,kids’ books;family matters;identity & culture;the states we’re in,2018
We Don't Eat Our Classmates,Ryan T. Higgins,48,560,1368003559,kids’ books;funny stuff,2018
When Katie Met Cassidy: A Novel,Camille Perri,272,2543249,0735212813,love & romance;let’s talk about sex;identity & culture;realistic fiction,2018
White Fragility: Why It's So Hard For White People To Talk About Racism,Robin DiAngelo,192,9176,0807047414,nonfiction;book club ideas;eye-opening reads;the states we’re in;staff picks;rather short;identity & culture,2018
Who Is Michael Ovitz?,Michael Ovitz,384,266197,1591845548,biography & memoir;staff picks;nonfiction;eye-opening reads;no biz like show biz,2018
Who Is Vera Kelly?,Rosalie Knecht,280,795569,1947793012,historical fiction;for history lovers;identity & culture;mysteries & thrillers,2018
Why Art?,Eleanor Davis,200,1247249,1683960823,nonfiction;staff picks;for art lovers;comics & graphic novels;book club ideas,2018
Winners Take All: The Elite Charade of Changing the World,Anand Giridharadas,304,164206,0451493249,staff picks;nonfiction;book club ideas;eye-opening reads;it’s all geek to me;the dark side;the states we’re in,2018
Witchmark,C.L. Polk,320,162821,1250162688,"sci fi, fantasy & speculative fiction;love & romance;identity & culture",2018
"You Think It, I'll Say It: Stories",Curtis Sittenfeld,240,360275,0399592865,"short stories, essays & poetry;family matters;book club ideas;seriously great writing;rather short",2018
You're On An Airplane: A Self-Mythologizing Memoir,Parker Posey,320,788193,0735218196,nonfiction;biography & memoir;staff picks;book club ideas;funny stuff;no biz like show biz,2018
Your Black Friend And Other Strangers,Ben Passmore,112,837367,1945509201,comics & graphic novels;identity & culture;eye-opening reads;nonfiction,2018
Your Duck Is My Duck: Stories,Deborah Eisenberg,240,1730165,0062688774,"short stories, essays & poetry;realistic fiction;the states we’re in;rather short",2018
"10 Minutes, 38 Seconds In This Strange World",Elif Shafak,320,239792,1635574471,staff picks;realistic fiction;tales from around the world;eye-opening reads;identity & culture;book club ideas;seriously great writing,2019
1919,Eve L. Ewing,88,117203,1608465985,eye-opening reads;for history lovers;identity & culture;the states we’re in,2019
A Dream About Lightning Bugs: A Life Of Music And Cheap Lessons,Ben Folds,336,709976,1984817272,staff picks;nonfiction;biography & memoir;for music lovers,2019
A Friend Is A Gift You Give Yourself: A Novel,William Boyle,320,1554898,1643130587,mysteries & thrillers;seriously great writing;funny stuff,2019
A Good American Family: The Red Scare And My Father,David Maraniss,432,1646325,1501178377,staff picks;nonfiction;biography & memoir;for history lovers;family matters;the states we’re in;the dark side,2019
A Good Kind Of Trouble,Lisa Moore Ramée,368,154197,0062836684,kids’ books;identity & culture,2019
A Good Provider Is One Who Leaves: One Family and Migration In The 21st Century,Jason DeParle,400,312475,067078592X,family matters;identity & culture;nonfiction;staff picks;tales from around the world;the states we’re in,2019
A Is For Audra: Broadway's Leading Ladies From A To Z,"John Robert Allman, illustrated by Peter Emmerich",48,125928,0525645403,kids’ books;for music lovers;no biz like show biz;staff picks,2019
A Memory Called Empire,Arkady Martine,464,101134,1250186439,"book club ideas;it’s all geek to me;seriously great writing;sci fi, fantasy & speculative fiction",2019
A Particular Kind Of Black Man: A Novel,Tope Folarin,272,2372794,150117181X,staff picks;identity & culture;realistic fiction;tales from around the world;the states we’re in;family matters;book club ideas,2019
A Prince On Paper: Reluctant Royals,Alyssa Cole,384,1203364,0062685589,love & romance;let’s talk about sex;family matters;it’s all geek to me,2019
A Song For A New Day,Sarah Pinsker,384,1014070,1984802585,"sci fi, fantasy & speculative fiction;for music lovers;the dark side",2019
A Spectral Hue,Craig Laurance Gidney,228,5827707,1939905508,"sci fi, fantasy & speculative fiction;identity & culture;the dark side;rather short;for art lovers",2019
A Wild And Precious Life: A Memoir,Edie Windsor and Joshua Lyon,288,1576904,1250195136,staff picks;for history lovers;identity & culture;the states we’re in;biography & memoir,2019
A Woman Of No Importance: The Untold Story Of The American Spy Who Helped Win World War II,Sonia Purnell,368,146905,073522529X,book club ideas;for history lovers;seriously great writing;nonfiction;tales from around the world,2019
Acid For The Children: A Memoir,Flea,400,93623,1455530530,staff picks;biography & memoir;nonfiction;for music lovers;eye-opening reads,2019
Agent Running In The Field: A Novel,John le Carré,288,667634,1984878875,staff picks;mysteries & thrillers;tales from around the world,2019
Alienation,Inés Estrada,250,3071776,1683961897,"comics & graphic novels;sci fi, fantasy & speculative fiction;the dark side",2019
"All About Dinner: Simple Meals, Expert Advice",Molly Stevens,400,931008,0393246272,cookbooks & food,2019
All Systems Red: The Murderbot Diaries,Martha Wells,176,11770,1250214718,"book club ideas;sci fi, fantasy & speculative fiction",2019
Aloha Kitchen: Recipes From Hawai'i,Alana Kysar,240,18428,0399581367,cookbooks & food;tales from around the world;staff picks,2019
"Aloha Rodeo: Three Hawaiian Cowboys, The World's Greatest Rodeo, And A Hidden History Of The American West",David Wolman and Julian Smith,256,1129762,0062836005,eye-opening reads;for history lovers;for sports lovers;identity & culture;the states we’re in;staff picks;nonfiction,2019
American Pop: A Novel,Snowden Wright,400,2517436,0062697749,staff picks;realistic fiction;family matters;the states we’re in;book club ideas;for history lovers;love & romance;cookbooks & food,2019
American Spy: A Novel,Lauren Wilkinson,304,1316803,0812998952,realistic fiction;mysteries & thrillers;book club ideas;seriously great writing,2019
An American Summer: Love And Death In Chicago,Alex Kotlowitz,304,1376818,0385538804,nonfiction;the states we’re in;eye-opening reads,2019
An American Sunrise: Poems,Joy Harjo,144,83375,1324003863,"eye-opening reads;for history lovers;identity & culture;the dark side;the states we’re in;short stories, essays & poetry",2019
Another,Christian Robinson,56,85053,153442167X,staff picks;kids’ books;eye-opening reads;for art lovers,2019
Any Old Diamonds,KJ Charles,265,1037017,1912688085,love & romance;let’s talk about sex;identity & culture;historical fiction;mysteries & thrillers,2019
Are You Listening?,Tillie Walden,320,920144,1626727732,"comics & graphic novels;sci fi, fantasy & speculative fiction",2019
"Ask Again, Yes: A Novel",Mary Beth Keane,400,223679,1982106980,family matters;realistic fiction;staff picks;identity & culture;book club ideas,2019
"Audience Of One: Donald Trump, Television, And The Fracturing of America",James Poniewozik,304,553733,1631494422,staff picks;nonfiction;book club ideas;no biz like show biz;the states we’re in;eye-opening reads,2019
Ayesha At Last,Uzma Jalaluddin,368,305424,1984802798,staff picks;realistic fiction;book club ideas;love & romance;identity & culture,2019
BTTM FDRS,"Ezra Claytan Daniels, illustrated by Ben Passmore",288,460139,1683962060,"comics & graphic novels;sci fi, fantasy & speculative fiction;the dark side;for art lovers",2019
Be Recorder: Poems,Carmen Giménez Smith,88,1643207,1555978487,"identity & culture;the states we’re in;short stories, essays & poetry",2019
Beirut Hellfire Society: A Novel,Rawi Hage,288,1609924,1324002913,staff picks;historical fiction;seriously great writing;tales from around the world;the dark side,2019
Best Friends,"Shannon Hale, illustrated by LeUyen Pham",256,108574,1250317452,kids’ books;realistic fiction;comics & graphic novels,2019
Big Wonderful Thing: A History Of Texas,Stephen Harrigan,944,144200,0292759517,nonfiction;eye-opening reads;for history lovers;identity & culture;the states we’re in;rather long,2019
Black Card: A Novel,Chris L. Terry,272,3292460,194822626X,realistic fiction;identity & culture;for music lovers;the states we’re in,2019
"Black Is The Body: Stories From My Grandmother's Time, My Mother's Time, And Mine",Emily Bernard,240,1363386,0451493028,"staff picks;book club ideas;identity & culture;seriously great writing;short stories, essays & poetry;biography & memoir",2019
"Black Leopard, Red Wolf",Marlon James,640,198716,0735220174,"staff picks;sci fi, fantasy & speculative fiction;seriously great writing;rather long",2019
Black Souls,"Gioacchino Criaco, translated by Hillary Gulley",288,4755181,1616959975,mysteries & thrillers;identity & culture;the dark side;tales from around the world,2019
Blood: A Memoir,Allison Moorer,320,707348,0306922681,staff picks;biography & memoir;nonfiction;book club ideas;for music lovers;the dark side;family matters,2019
Bobby At Home: Fearless Flavors From My Kitchen: A Cookbook,"Bobby Flay, Stephanie Banyas and Sally Jackson",256,85119,0385345917,cookbooks & food,2019
Bowlaway: A Novel,Elizabeth McCracken,384,2465402,0062862855,book club ideas;realistic fiction;family matters;seriously great writing;for sports lovers;historical fiction,2019
Bringing Down The Duke,Evie Dunmore,368,58231,1984805681,love & romance;let’s talk about sex;for history lovers;book club ideas,2019
Bruce’s Big Storm,Ryan T. Higgins,48,20886,1368026222,kids’ books;funny stuff,2019
Butterfly Yellow,Thanhha Lai,304,1008407,0062229214,identity & culture;realistic fiction;family matters;young adult;tales from around the world;the states we’re in,2019
Camgirl,Isa Mazzei,288,3104169,1644280353,let’s talk about sex;identity & culture;biography & memoir;nonfiction,2019
Cantoras: A Novel,Carolina De Robertis,336,1049069,0525521690,for history lovers;realistic fiction;staff picks;book club ideas;tales from around the world;love & romance;identity & culture,2019
"Catch And Kill: Lies, Spies, And A Conspiracy To Protect Predators",Ronan Farrow,464,126539,0316486639,staff picks;nonfiction;eye-opening reads;book club ideas;no biz like show biz;the dark side;rather long,2019
Charged: The New Movement To Transform American Prosecution And End Mass Incarceration,Emily Bazelon,448,759668,0399590013,staff picks;nonfiction;eye-opening reads;the states we’re in;the dark side;rather long,2019
Children Of Virtue And Vengeance,Tomi Adeyemi,416,31492,1250170990,"staff picks;sci fi, fantasy & speculative fiction;young adult",2019
Conviction,Denise Mina,384,1019452,0316528501,staff picks;mysteries & thrillers;book club ideas;the dark side,2019
"Cooking For Good Times: Super Delicious, Super Simple","Paul Kahan, Perry Hendrix and Rachel Holtzman",288,131445,0399578587,cookbooks & food,2019
Coventry: Essays,Rachel Cusk,256,1253330,0374126771,"staff picks;family matters;short stories, essays & poetry",2019
"Cribsheet: A Data-Driven Guide To Better, More Relaxed Parenting, From Birth To Preschool",Emily Oster,352,28881,0525559256,staff picks;nonfiction;family matters;science!;eye-opening reads;it’s all geek to me,2019
Curry & Kimchi: Flavor Secrets For Creating 70 Asian-Inspired Recipes At Home,Unmi Abkin and Roger Taylor,176,905391,1635861586,cookbooks & food,2019
Cyborg Detective,Jillian Weise,112,1740181,1942683855,"eye-opening reads;funny stuff;the states we’re in;short stories, essays & poetry",2019
Daisy Jones & The Six: A Novel,Taylor Jenkins Reid,368,45627,1524798622,staff picks;book club ideas;historical fiction;for music lovers,2019
Dark Age,Pierce Brown,800,9048,0425285944,"staff picks;sci fi, fantasy & speculative fiction;the dark side;rather long",2019
Deaf Republic: Poems,Ilya Kaminsky,80,106873,1555978312,"eye-opening reads;identity & culture;short stories, essays & poetry",2019
"Dear Haiti, Love Alaine",Maika Moulite and Maritza Moulite,432,1104018,1335777091,identity & culture;realistic fiction;young adult;book club ideas;eye-opening reads;seriously great writing;tales from around the world;family matters,2019
Death Is Hard Work: A Novel,"Khaled Khalifa, translated by Leri Price",192,588544,0374135738,book club ideas;family matters;seriously great writing;tales from around the world;the dark side;staff picks,2019
Death Wins A Goldfish: Reflections From A Grim Reaper's Yearlong Sabbatical,Brian Rea,176,258673,1452172552,staff picks;comics & graphic novels;funny stuff;the dark side,2019
Delayed Rays Of A Star: A Novel,Amanda Lee Koe,400,973540,0385544340,identity & culture;for history lovers;no biz like show biz;seriously great writing;tales from around the world,2019
Desire Lines,Elizabeth Kingston,388,2498033,1795514795,love & romance;let’s talk about sex;for history lovers,2019
Disappearing Earth: A Novel,Julia Phillips,272,729546,0525520414,book club ideas;mysteries & thrillers;tales from around the world,2019
Do You Dream Of Terra-Two?,Temi Oh,544,296275,1534437401,"sci fi, fantasy & speculative fiction;book club ideas;rather long",2019
Double Awesome Chinese Food: Irresistible And Totally Achievable Recipes From Our Chinese-American Kitchen,"Andrew Li, Irene Li and Margaret Li",256,533901,1611805570,cookbooks & food,2019
Drive Your Plow Over The Bones Of The Dead: A Novel,"Olga Tokarczuk, translated by Antonia Lloyd-Jones",288,95405,0525541330,realistic fiction;mysteries & thrillers;seriously great writing;tales from around the world;the dark side,2019
Drive-Thru Dreams: A Journey Through The Heart Of America's Fast-Food Kingdom,Adam Chandler,288,884879,1250090725,nonfiction;cookbooks & food;for history lovers;it’s all geek to me;the states we’re in;staff picks,2019
Dunce,Mary Ruefle,104,2117510,1940696852,"staff picks;short stories, essays & poetry",2019
"Elizabethan Globalism: England, China And The Rainbow Portrait",Matthew Dimmock,336,5832078,1913107035,for history lovers;for art lovers;eye-opening reads;tales from around the world;nonfiction,2019
Enchantée,Gita Trelease,464,2010351,1250295521,"historical fiction;young adult;sci fi, fantasy & speculative fiction",2019
Epic Continent: Adventures In The Great Stories Of Europe,Nicholas Jubber,336,3982142,1529374340,for history lovers;it’s all geek to me;nonfiction;tales from around the world,2019
Everything Inside: Stories,Edwidge Danticat,240,885966,0525521275,"short stories, essays & poetry;family matters;seriously great writing;the dark side",2019
Evvie Drake Starts Over: A Novel,Linda Holmes,304,896170,0525619240,realistic fiction;book club ideas;love & romance;for sports lovers,2019
Exhalation: Stories,Ted Chiang,368,70203,1101947888,"sci fi, fantasy & speculative fiction;short stories, essays & poetry;book club ideas;seriously great writing",2019
Feast Your Eyes: A Novel,Myla Goldberg,336,3132697,1501197843,staff picks;book club ideas;for art lovers;seriously great writing,2019
Felon: Poems,Reginald Dwayne Betts,112,373347,0393652149,"short stories, essays & poetry;eye-opening reads;the states we’re in;identity & culture",2019
First: Sandra Day O'Connor,Evan Thomas,496,188116,0399589287,staff picks;nonfiction;biography & memoir;the states we’re in;for history lovers;rather long,2019
Five Days Gone: The Mystery Of My Mother's Disappearance As A Child,Laura Cumming,320,2385300,1501198718,staff picks;nonfiction;biography & memoir;book club ideas;seriously great writing;family matters;mysteries & thrillers,2019
"Five Minutes: (That's A Lot of Time) (No, It's Not) (Yes, It Is)","Liz Garton Scanlon and Audrey Vernick, illustrated by Olivier Tallec",32,914696,052551631X,kids’ books;family matters,2019
Fleishman Is In Trouble: A Novel,Taffy Brodesser-Akner,384,453178,0525510877,family matters;funny stuff;realistic fiction;staff picks;book club ideas;seriously great writing,2019
Floating Coast: An Environmental History Of The Bering Strait,Bathsheba Demuth,416,556313,0393635163,eye-opening reads;for history lovers;seriously great writing;the dark side;science!;tales from around the world;nonfiction,2019
Frankly In Love,David Yoon,432,1267418,1984812203,staff picks;young adult;family matters;identity & culture;love & romance,2019
From The Oven To The Table,Diana Henry,240,110427,1784726095,cookbooks & food,2019
Fry Bread: A Native American Family Story,"Kevin Noble Malliard, illustrated by Juana Martinez-Neal",48,6370,1626727465,cookbooks & food;identity & culture;kids’ books;the states we’re in;for history lovers,2019
Fumbled,Alexa Martin,336,238853,0451491971,love & romance;let’s talk about sex;family matters;for sports lovers;realistic fiction,2019
"Furious Hours: Murder, Fraud, And The Last Trial Of Harper Lee",Casey Cep,336,848930,1101947861,staff picks;nonfiction;for history lovers;the states we’re in;the dark side,2019
Genesis Begins Again,Alicia Williams,384,669805,1481465805,staff picks;young adult;family matters;identity & culture,2019
Gideon The Ninth,Tamsyn Muir,448,50129,1250313198,"sci fi, fantasy & speculative fiction;seriously great writing;the dark side",2019
Gingerbread: A Novel,Helen Oyeyemi,272,2790492,1594634653,"sci fi, fantasy & speculative fiction;book club ideas;family matters;seriously great writing;tales from around the world",2019
"Girl, Woman, Other",Bernardine Evaristo,464,48736,0802156983,staff picks;book club ideas;identity & culture;seriously great writing;tales from around the world,2019
Go Ahead In The Rain: Notes To A Tribe Called Quest,Hanif Abdurraqib,216,155771,1477316485,for music lovers;seriously great writing;nonfiction;for history lovers,2019
God Save The Queens: The Essential History Of Women In Hip-Hop,Kathy Iandoli,352,1642749,0062878506,staff picks;nonfiction;for music lovers;identity & culture;no biz like show biz;for history lovers,2019
Gods Of Jade And Shadow,Silvia Moreno-Garcia,352,663837,0525620753,"staff picks;sci fi, fantasy & speculative fiction;tales from around the world",2019
Good To Go: What The Athlete In All Of Us Can Learn From The Strange Science Of Recovery,Christie Aschwanden,312,686128,039325433X,for sports lovers;science!;staff picks;nonfiction;it’s all geek to me;eye-opening reads,2019
Growing Things And Other Stories,Paul Tremblay,352,283452,0062679139,"sci fi, fantasy & speculative fiction;short stories, essays & poetry;the dark side",2019
Guest House For Young Widows: Among The Women Of ISIS,Azadeh Moaveni,352,366764,0399179755,tales from around the world;book club ideas;eye-opening reads;identity & culture;nonfiction;staff picks;the dark side,2019
Guts,Raina Telgemeier,224,3404,0545852501,comics & graphic novels;kids’ books;realistic fiction;staff picks,2019
Happiness Is Baking: Favorite Desserts From The Queen Of Cake,Maida Heatter,288,105130,0316420573,cookbooks & food,2019
Harley Quinn: Breaking Glass,"Mariko Tamaki, illustrated by Steve Pugh",208,450618,1401283292,comics & graphic novels;young adult;funny stuff,2019
"Heaven, My Home",Attica Locke,304,1137494,0316363405,mysteries & thrillers;the states we’re in;identity & culture;family matters,2019
"Here We Are: American Dreams, American Nightmares",Aaarti Namdev Shahani,256,2386326,1250204755,book club ideas;nonfiction;identity & culture;biography & memoir;eye-opening reads;the states we’re in;family matters,2019
Hero Dinners: Complete One-Pan Meals That Save The Day,Marge Perry and David Bonom,288,730848,0062856065,cookbooks & food,2019
Hollow Kingdom,Kira Jane Buxton,320,737279,1538745828,"book club ideas;funny stuff;sci fi, fantasy & speculative fiction;the dark side",2019
Hollywood's Eve: Eve Babitz And The Secret History Of L.A.,Lili Anolik,288,488576,1501125796,for history lovers;no biz like show biz;let’s talk about sex;staff picks;biography & memoir;nonfiction,2019
Home In The Woods,Eliza Wheeler,40,78123,0399162909,kids’ books;family matters;historical fiction;for art lovers,2019
Horizon,Barry Lopez,592,899632,0394585828,staff picks;nonfiction;tales from around the world;seriously great writing;eye-opening reads;rather long,2019
Horror Stories: A Memoir,Liz Phair,272,253276,0525511989,staff picks;biography & memoir;for music lovers;nonfiction,2019
Hot Comb,Ebony Flowers,184,518227,1770463488,comics & graphic novels;family matters;identity & culture;nonfiction;biography & memoir,2019
How Do You Dance?,Thyra Heder,40,103939,1419734180,kids’ books;staff picks,2019
How To Be An Antiracist,Ibram X. Kendi,320,63362,0525509283,book club ideas;eye-opening reads;identity & culture;biography & memoir;nonfiction,2019
How To Build A Dragon Or Die Trying: A Satirical Look At Cutting-Edge Science,Paul Knoepfler and Julie Knoepfler,250,1576235,9813275936,science!;staff picks;nonfiction;it’s all geek to me;funny stuff,2019
How To Do Nothing: Resisting The Attention Economy,Jenny Odell,256,58165,1612197493,staff picks;nonfiction;book club ideas;eye-opening reads,2019
How To Hide An Empire: A History Of The Greater United States,Daniel Immerwahr,416,,1784703915,staff picks;tales from around the world;nonfiction;the states we’re in;for history lovers;eye-opening reads,2019
How To: Absurd Scientific Advice For Common Real-World Problems,Randall Munroe,320,16807,0525537090,staff picks;comics & graphic novels;eye-opening reads;funny stuff;it’s all geek to me;science!,2019
How We Fight For Our Lives: A Memoir,Saeed Jones,208,1197384,1501132733,staff picks;nonfiction;biography & memoir;book club ideas;identity & culture;let’s talk about sex;seriously great writing;family matters,2019
Hybrida: Poems,Tina Chang,144,2098232,1324002484,"family matters;identity & culture;the states we’re in;short stories, essays & poetry",2019
I Can Make This Promise,Christine Day,272,1139202,0062871994,kids’ books;eye-opening reads;identity & culture;the states we’re in;family matters,2019
I Like To Watch: Arguing My Way Through The TV Revolution,Emily Nussbaum,384,1458221,0525508961,"staff picks;nonfiction;it’s all geek to me;no biz like show biz;short stories, essays & poetry",2019
I Miss You When I Blink: Essays,Mary Laura Philpott,288,1489463,1982102802,"biography & memoir;book club ideas;funny stuff;nonfiction;short stories, essays & poetry;staff picks;family matters",2019
I Was Their American Dream: A Graphic Memoir,Malaka Gharib,160,26956,0525575111,comics & graphic novels;family matters;identity & culture;nonfiction;biography & memoir;book club ideas,2019
I Wish You All The Best,Mason Deaver,336,483297,133830612X,identity & culture;book club ideas;eye-opening reads;family matters;realistic fiction;young adult,2019
If You Lived Here You'd Be Home By Now: Why We Traded The Commuting Life For A Little House On The Prairie,Christopher Ingraham,288,1377421,0062861476,family matters;funny stuff;identity & culture;the states we’re in;staff picks;biography & memoir;nonfiction,2019
In Pain: A Bioethicist's Personal Struggle With Opioids,Travis Rieder,320,1567865,006285464X,staff picks;nonfiction;biography & memoir;book club ideas;science!;eye-opening reads;the dark side,2019
In The Country Of Women: A Memoir,Susan Straight,384,2464966,1948226227,staff picks;nonfiction;biography & memoir;identity & culture;the states we’re in;family matters;book club ideas,2019
In The Dream House: A Memoir,Carmen Maria Machado,272,445906,1644450038,staff picks;nonfiction;book club ideas;eye-opening reads;identity & culture;the dark side;seriously great writing;biography & memoir,2019
In Waves,A.J. Dungo,368,500526,1910620637,nonfiction;biography & memoir;comics & graphic novels;for history lovers;for sports lovers;love & romance;the dark side;staff picks,2019
Indian-ish: Recipes And Antics From A Modern American Family,Priya Krishna and Ritu Krishna,256,37982,1328482472,cookbooks & food;family matters;identity & culture,2019
Inventing Victoria,Tonya Bolden,272,3869178,168119807X,eye-opening reads;for history lovers;identity & culture;the states we’re in;historical fiction;young adult,2019
It Would Be Night In Caracas,"Karina Sainz Borgo, translated by Elizabeth Bryer",240,1363784,0062936867,staff picks;realistic fiction;book club ideas;eye-opening reads;seriously great writing;tales from around the world;family matters,2019
Jade War,Fonda Lee,608,125812,0316440922,"staff picks;sci fi, fantasy & speculative fiction;family matters",2019
"Jerome Robbins, By Himself: Selections From His Letters, Journals, Drawings, Photographs, And An Unfinished Memoir","Jerome Robbins, edited by Amanda Vaill",448,903943,0451494660,staff picks;nonfiction;biography & memoir;no biz like show biz;for history lovers;rather long,2019
Jubilee: Recipes From Two Centuries Of African-American Cooking,Toni Tipton-Martin,320,21238,1524761737,staff picks;for history lovers;cookbooks & food;eye-opening reads;identity & culture,2019
Juliet Takes A Breath,Gabby Rivera,320,1396951,0593108175,staff picks;young adult;identity & culture;let’s talk about sex,2019
Juliet The Maniac: A Novel,Juliet Escoria,336,2313743,1612197590,realistic fiction;the dark side,2019
Just Like Beverly: A Biography Of Beverly Cleary,"Vicki Conrad, illustrated by David Hohn",48,494606,1632172224,staff picks;nonfiction;biography & memoir;for history lovers;kids’ books,2019
Know My Name: A Memoir,Chanel Miller,368,109449,073522370X,nonfiction;biography & memoir;book club ideas;eye-opening reads;seriously great writing,2019
Kochland: The Secret History Of Koch Industries And Corporate Power In America,Christopher Leonard,704,658630,1476775389,staff picks;nonfiction;eye-opening reads;the states we’re in;rather long,2019
Lady In The Lake: A Novel,Laura Lippman,352,781357,0062390015,book club ideas;mysteries & thrillers;the states we’re in;for history lovers;historical fiction,2019
Lanny: A Novel,Max Porter,160,1616365,1555978401,book club ideas;family matters;seriously great writing;the dark side,2019
Last Boat Out Of Shanghai: The Epic Story Of The Chinese Who Fled Mao's Revolution,Helen Zia,544,291750,034552232X,eye-opening reads;for history lovers;nonfiction;staff picks;identity & culture;tales from around the world,2019
Laura Dean Keeps Breaking Up With Me,"Mariko Tamaki, illustrated by Rosemary Valero-O'Connell",304,170698,1626722595,staff picks;comics & graphic novels;love & romance;young adult;identity & culture,2019
"Let's Go (So We Can Get Back): A Memoir Of Recording And Discording With Wilco, Etc.",Jeff Tweedy,304,317648,1101985267,staff picks;nonfiction;biography & memoir;for music lovers;the dark side;family matters,2019
Lima :: Limón,Natalie Scenters-Zapico,90,941042,155659531X,"identity & culture;the states we’re in;short stories, essays & poetry",2019
Look Both Ways: A Tale Told In Ten Blocks,"Jason Reynolds, illustrated by Alexander Nabaum",208,153655,148143828X,staff picks;kids’ books;family matters;funny stuff;seriously great writing,2019
Lost Children Archive: A Novel,Valeria Luiselli,400,199282,0525520619,family matters;realistic fiction;staff picks;the dark side;the states we’re in;seriously great writing;book club ideas,2019
Lot: Stories,Bryan Washington,240,1541830,0525533672,"realistic fiction;book club ideas;family matters;identity & culture;seriously great writing;the states we’re in;short stories, essays & poetry",2019
Love Poems For Married People,John Kenney,112,162964,0525540008,"staff picks;short stories, essays & poetry;family matters;funny stuff;let’s talk about sex;love & romance",2019
Madame Fourcade's Secret War: The Daring Young Woman Who Led France's Largest Spy Network Against Hitler,Lynne Olson,464,203487,0812994760,eye-opening reads;for history lovers;nonfiction;biography & memoir;tales from around the world;staff picks,2019
Magic For Liars: A Novel,Sarah Gailey,336,1723066,1250174619,"sci fi, fantasy & speculative fiction;book club ideas;family matters;mysteries & thrillers",2019
"Make It Scream, Make It Burn: Essays",Leslie Jamison,272,877256,0316259632,"staff picks;book club ideas;eye-opening reads;short stories, essays & poetry",2019
Man-Eaters Volume 1,"Chelsea Cain, illustrated by Kate Niemczyk and Lia Miternique",128,878697,1534311432,"comics & graphic novels;young adult;sci fi, fantasy & speculative fiction;the dark side",2019
Marilou Is Everywhere: A Novel,Sarah Elaine Smith,288,2626931,0525535241,realistic fiction;book club ideas;family matters;seriously great writing,2019
"Maybe You Should Talk To Someone: A Therapist, HER Therapist, And Our Lives Revealed",Lori Gottlieb,432,2113,1328662055,staff picks;nonfiction;biography & memoir;book club ideas;eye-opening reads,2019
Middlegame,Seanan McGuire,528,1085979,1250195527,"sci fi, fantasy & speculative fiction;book club ideas;the dark side;family matters",2019
Midnight In Chernobyl: The Untold Story Of The World's Greatest Nuclear Disaster,Adam Higginbotham,560,89412,1501134612,eye-opening reads;for history lovers;nonfiction;tales from around the world;staff picks;the dark side,2019
Mitz: The Marmoset Of Bloomsbury,Sigrid Nunez,172,460108,1593765827,historical fiction;realistic fiction;book club ideas;for history lovers;seriously great writing;love & romance;eye-opening reads;rather short,2019
Moneyland: The Inside Story Of The Crooks And Kleptocrats Who Rule The World,Oliver Bullough,304,206659,125020870X,eye-opening reads;nonfiction;staff picks;tales from around the world;the dark side,2019
Most Marshmallows,Rowboat Watkins,40,119033,1452159599,cookbooks & food;kids’ books;staff picks;funny stuff,2019
Mostly Dead Things,Kristen Arnett,354,1508967,1947793306,book club ideas;family matters;for art lovers;funny stuff;let’s talk about sex;the states we’re in,2019
Mrs. Everything: A Novel,Jennifer Weiner,480,299499,1501133489,staff picks;realistic fiction;book club ideas;for history lovers,2019
Mrs. Martin's Incomparable Adventure,Courtney Milan,154,2519249,1075978416,love & romance;let’s talk about sex;historical fiction;rather short,2019
My Papi Has A Motorcycle,"Isabel Quintero, illustrated by Zeke Peña",40,45923,052555341X,staff picks;identity & culture;the states we’re in;family matters;kids’ books,2019
Night Boat To Tangier: A Novel,Kevin Barry,272,498358,0385540310,realistic fiction;tales from around the world;family matters;book club ideas;funny stuff;the dark side,2019
Nightingale,Paisley Rekdal,96,213257,1556595670,"for history lovers;the dark side;short stories, essays & poetry",2019
Ninth House,Leigh Bardugo,480,34974,1250313074,"sci fi, fantasy & speculative fiction;the dark side;rather long",2019
No Hard Feelings: The Secret Power Of Embracing Emotions At Work,Liz Fosslien and Mollie West Duffy,304,50801,0525533834,staff picks;nonfiction;eye-opening reads,2019
Nobody's Looking At You: Essays,Janet Malcolm,304,1383179,0374279497,"staff picks;nonfiction;for art lovers;for music lovers;for history lovers;no biz like show biz;seriously great writing;short stories, essays & poetry",2019
Norco '80: The True Story Of The Most Spectacular Bank Robbery In American History,Peter Houlahan,408,1281702,1640092129,nonfiction;for history lovers;the dark side;the states we’re in;mysteries & thrillers,2019
Normal People: A Novel,Sally Rooney,288,35804,1984822179,staff picks;realistic fiction;book club ideas;seriously great writing;tales from around the world;love & romance,2019
Notes From A Young Black Chef: A Memoir,Kwame Onwuachi and Joshua David Stein,288,512880,1524732621,staff picks;nonfiction;biography & memoir;cookbooks & food;identity & culture;book club ideas,2019
Nothing Fancy: Unfussy Food For Having People Over,Alison Roman,320,9963,0451497015,staff picks;cookbooks & food,2019
Oculus: Poems,Sally Wen Mao,96,554286,1555978258,"staff picks;short stories, essays & poetry;identity & culture",2019
"Olive, Again: A Novel",Elizabeth Strout,304,265378,0812996542,realistic fiction;book club ideas;family matters;love & romance;seriously great writing;the states we’re in,2019
"On Earth, We're Briefly Gorgeous: A Novel",Ocean Vuong,256,3421,0525562028,staff picks;book club ideas;family matters;identity & culture;seriously great writing;realistic fiction,2019
On The Come Up,Angie Thomas,464,234357,0062498568,staff picks;book club ideas;family matters;for music lovers;identity & culture;the states we’re in;young adult,2019
One Day: The Extraordinary Story Of An Ordinary 24 Hours In America,Gene Weingarten,384,361787,0399166661,staff picks;nonfiction;book club ideas;eye-opening reads;for history lovers;seriously great writing;the states we’re in,2019
Opium: How An Ancient Flower Shaped And Poisoned Our World,John H. Halpern and David Blistein,352,672716,0316417661,eye-opening reads;for history lovers;science!;tales from around the world;the states we’re in;staff picks;it’s all geek to me,2019
Orange World And Other Stories,Karen Russell,288,492713,0525656138,"sci fi, fantasy & speculative fiction;short stories, essays & poetry;seriously great writing",2019
Other Words For Home,Jasmine Warga,352,109675,0062747800,"kids’ books;family matters;identity & culture;seriously great writing;tales from around the world;the states we’re in;short stories, essays & poetry",2019
Our Man: Richard Holbrooke And The End Of The American Century,George Packer,608,277180,0307958027,staff picks;nonfiction;biography & memoir;the states we’re in;for history lovers;rather long;tales from around the world,2019
"Out Of Darkness, Shining Light: A Novel",Petina Gappah,320,1406524,1982110333,book club ideas;for history lovers;realistic fiction;tales from around the world;historical fiction,2019
Over The Top: A Raw Journey To Self-Love,Jonathan Van Ness,288,520742,0062906372,book club ideas;eye-opening reads;funny stuff;identity & culture;let’s talk about sex;no biz like show biz;staff picks,2019
Palestine +100: Stories from a Century After the Nakba,Basma Ghalayini (editor),192,1122912,1910974447,"eye-opening reads;sci fi, fantasy & speculative fiction;identity & culture;seriously great writing;tales from around the world",2019
Parkland: Birth Of A Movement,Dave Cullen,400,1380715,0062882945,staff picks;nonfiction;eye-opening reads;the states we’re in,2019
Pastry Love: A Baker's Journal Of Favorite Recipes,Joanne Chang,464,50131,0544836480,cookbooks & food,2019
Patron Saints Of Nothing,Randy Ribay,352,503921,0525554912,young adult;family matters;identity & culture;tales from around the world;staff picks,2019
Patsy: A Novel,Nicole Dennis-Benn,432,914175,1631495631,realistic fiction;book club ideas;family matters;identity & culture;love & romance;seriously great writing;tales from around the world;the states we’re in,2019
Permanent Record,Edward Snowden,352,254008,1250237238,eye-opening reads;for history lovers;nonfiction;biography & memoir;staff picks,2019
Permanent Record,Mary H.K. Choi,432,1397058,1534445978,staff picks;realistic fiction;young adult;for music lovers;love & romance;seriously great writing;no biz like show biz,2019
Pet,Akwaeke Emezi,208,719126,0525647074,"for art lovers;sci fi, fantasy & speculative fiction;young adult",2019
Pie In The Sky,Remy Lai,384,44877,1250314100,kids’ books;family matters;funny stuff;identity & culture;tales from around the world;cookbooks & food,2019
"Places And Names: On War, Revolution, And Returning",Elliot Ackerman,256,687053,0525559965,staff picks;nonfiction;eye-opening reads;for history lovers;seriously great writing;tales from around the world;the dark side,2019
Pokko And The Drum,Matthew Forsythe,64,43220,1481480391,kids’ books;for art lovers;for music lovers;funny stuff,2019
"Pride, Prejudice, And Other Flavors: A Novel",Sonali Dev,496,123696,0062839055,staff picks;family matters;identity & culture;love & romance;cookbooks & food,2019
Queen Of The Sea,Dylan Meconis,400,962596,1536204986,kids’ books;funny stuff;for history lovers;comics & graphic novels;for art lovers,2019
Queenie,Candice Carty-Williams,336,207183,1501196014,staff picks;realistic fiction;book club ideas;identity & culture;love & romance;funny stuff;tales from around the world,2019
Quichotte: A Novel,Salman Rushdie,416,524759,059313298X,staff picks;realistic fiction;book club ideas;eye-opening reads;seriously great writing,2019
Rabbits For Food,Binnie Kirshenbaum,256,,1788164652,eye-opening reads;funny stuff;realistic fiction;seriously great writing;the dark side;book club ideas,2019
Range: Why Generalists Triumph In A Specialized World,David J. Epstein,352,16857,0735214484,book club ideas;eye-opening reads;nonfiction,2019
Rat Rule 79: An Adventure,"Rivka Galchen, illustrated by Elena Megalos",256,746410,163206099X,"family matters;kids’ books;sci fi, fantasy & speculative fiction;staff picks;funny stuff",2019
Real Queer America: LGBT Stories From Red States,Samantha Allen,320,1031371,0316516031,eye-opening reads;identity & culture;the states we’re in,2019
Rebel,Beverly Jenkins,384,102512,0062861689,for history lovers;love & romance;let’s talk about sex;the states we’re in;identity & culture;historical fiction,2019
Recursion: A Novel,Blake Crouch,336,27499,1524759783,"staff picks;sci fi, fantasy & speculative fiction;mysteries & thrillers",2019
Red At The Bone: A Novel,Jacqueline Woodson,208,314745,0525535276,staff picks;book club ideas;family matters;identity & culture;seriously great writing,2019
"Red, White & Royal Blue",Casey McQuiston,448,9194,1250316774,staff picks;love & romance;let’s talk about sex;the states we’re in;identity & culture,2019
Republic Of Shame: Stories From Ireland's Institutions For 'Fallen Women',Caelainn Hogan,256,5601714,1844884457,for history lovers;nonfiction;staff picks;the dark side;tales from around the world,2019
Riverland,Fran Wilde,384,4212762,1419733729,"young adult;family matters;sci fi, fantasy & speculative fiction;seriously great writing",2019
"Rumple Buttercup: A Story Of Bananas, Belonging, And Being Yourself",Matthew Gray Gubler,136,36794,0525648445,kids’ books;funny stuff,2019
Rusty Brown,Chris Ware,356,115676,0375424326,staff picks;comics & graphic novels;book club ideas;family matters;for art lovers;the dark side,2019
SHOUT,Laurie Halse Anderson,304,492897,0670012106,staff picks;book club ideas;seriously great writing;young adult;the dark side;biography & memoir,2019
Say Nothing: A True Story Of Murder And Memory In Northern Ireland,Patrick Radden Keefe,464,35221,0385521316,staff picks;nonfiction;tales from around the world;the dark side;for history lovers;mysteries & thrillers;family matters,2019
Sea Level Rise: A Slow Tsunami On America's Shores,Orrin H. Pilkey and Keith C. Pilkey,208,,1478005068,staff picks;nonfiction;the states we’re in;eye-opening reads;science!;the dark side,2019
She Said: Breaking The Sexual Harassment Story That Helped Ignite A Movement,Jodi Kantor and Megan Twohey,320,729175,0525560343,staff picks;nonfiction;book club ideas;eye-opening reads;no biz like show biz,2019
Sing To It: New Stories,Amy Hempel,160,1419706,1982109114,"staff picks;seriously great writing;the dark side;short stories, essays & poetry;rather short",2019
Small In The City,Sydney Smith,40,539138,0823442616,kids’ books,2019
Small World,"Ishta Mercurio, illustrated by Jen Corace",32,537778,1419734075,kids’ books;eye-opening reads;science!,2019
Solitary: Unbroken By Four Decades In Solitary Confinement,Albert Woodfox,320,1277131,0802129080,biography & memoir;nonfiction;the states we’re in;eye-opening reads;the dark side;identity & culture,2019
Someone Who Will Love You In All Your Damaged Glory: Stories,Raphael Bob-Waksberg,256,489788,152473201X,"staff picks;short stories, essays & poetry;funny stuff;love & romance;no biz like show biz",2019
Song For The Unraveling Of The World,Brian Evenson,240,289437,1566895480,"staff picks;short stories, essays & poetry;seriously great writing;the dark side;sci fi, fantasy & speculative fiction",2019
Soulless: The Case Against R. Kelly,Jim DeRogatis,320,890606,1419740075,nonfiction;staff picks;eye-opening reads;for music lovers;the dark side,2019
Space Invaders: A Novel,"Nona Fernández, translated by Natasha Wimmer",96,848389,1644450070,eye-opening reads;rather short;realistic fiction;seriously great writing;tales from around the world;the dark side,2019
Spin The Dawn,Elizabeth Lim,416,526923,052564699X,"young adult;sci fi, fantasy & speculative fiction",2019
Spotify Teardown: Inside The Black Box Of Streaming Music,"Maria Eriksson, Rasmus Fleischer, Anna Johansson, Pelle Snickars, Patrick Vonderau",286,744051,0262038900,staff picks;nonfiction;for music lovers;eye-opening reads;it’s all geek to me,2019
Spring: A Novel,Ali Smith,352,571985,110187077X,realistic fiction;book club ideas;family matters;seriously great writing;tales from around the world;for art lovers,2019
Spy Runner,Eugene Yelchin,352,1426194,1250120810,kids’ books;for history lovers;the states we’re in;the dark side,2019
Spying On The South: An Odyssey Across The American Divide,Tony Horwitz,496,279920,1101980281,staff picks;nonfiction;eye-opening reads;for history lovers;identity & culture;the states we’re in;rather long,2019
Stargazing,Jen Wang,224,33344,125018388X,kids’ books;identity & culture;comics & graphic novels,2019
Steel Crow Saga,Paul Krueger,528,1860986,0593128222,"staff picks;sci fi, fantasy & speculative fiction;love & romance",2019
Sunny Rolls The Dice,"Jennifer L. Holm, illustrated by Matthew Holm",224,30872,1338233149,kids’ books;it’s all geek to me;historical fiction,2019
Super Pumped: The Battle For Uber,Mike Isaac,408,474028,0393652246,eye-opening reads;nonfiction;staff picks,2019
Supernova Era,"Cixin Liu, translated by Joel Martinsen",352,1214754,1250306035,"sci fi, fantasy & speculative fiction;tales from around the world;the dark side",2019
Supreme Glamour,Mary Wilson with Mark Bego,240,869972,0500022003,staff picks;nonfiction;for art lovers;for music lovers;for history lovers;no biz like show biz,2019
Survival Math: Notes On An All-American Family,Mitchell S. Jackson,336,1666903,1501131702,book club ideas;eye-opening reads;family matters;identity & culture;seriously great writing;biography & memoir;nonfiction;the states we’re in,2019
Swimming In Darkness,"Lucas Harari, translated by David Homel",152,1435027,1551527677,staff picks;comics & graphic novels;tales from around the world;the dark side;mysteries & thrillers,2019
"The American Dream?: A Journey On Route 66 Discovering Dinosaur Statues, Muffler Men, And The Perfect Breakfast Burrito",Shing Yin Khor,160,732518,1942186371,staff picks;comics & graphic novels;the states we’re in;identity & culture,2019
"The Anarchy: The East India Company, Corporate Violence, And The Pillage Of An Empire",William Dalrymple,576,37520,1635573955,for history lovers;tales from around the world;staff picks;nonfiction,2019
The Archive Of Alternate Endings,Lindsey Dragger,168,947589,1945814829,"for history lovers;science!;seriously great writing;sci fi, fantasy & speculative fiction",2019
The Art Of Statistics: How To Learn From Data,David Spiegelhalter,448,299395,1541618513,staff picks;nonfiction;eye-opening reads;science!;rather long;it’s all geek to me,2019
The Austen Playbook,Lucy Parker,400,5063549,1335006893,staff picks;love & romance;let’s talk about sex;no biz like show biz,2019
"The Beneficiary: Fortune, Misfortune, And The Story Of My Father",Janny Scott,288,527719,159463419X,staff picks;book club ideas;family matters;identity & culture;biography & memoir;nonfiction,2019
The Bird King,G. Willow Wilson,440,462641,080212903X,"book club ideas;historical fiction;identity & culture;seriously great writing;tales from around the world;sci fi, fantasy & speculative fiction",2019
"The Birds, The Bees, And You And Me",Olivia Hinebaugh,304,5030814,125019265X,family matters;funny stuff;let’s talk about sex;young adult;realistic fiction,2019
The Body In Question: A Novel,Jill Ciment,192,289656,152474798X,book club ideas;family matters;let’s talk about sex;seriously great writing;the dark side,2019
The Book Of Dust: The Secret Commonwealth,Philip Pullman,656,97911,0553510665,"staff picks;sci fi, fantasy & speculative fiction;the dark side;rather long",2019
The Border: A Novel,Don Winslow,736,485025,0062664484,realistic fiction;mysteries & thrillers;the dark side;the states we’re in;rather long;tales from around the world;for history lovers,2019
The Bride Test,Helen Hoang,320,66009,0451490827,identity & culture;let’s talk about sex;love & romance;realistic fiction,2019
The Broken Road: George Wallace And A Daughter’s Journey To Reconciliation,Peggy Wallace Kennedy,304,740007,1635573653,staff picks;nonfiction;biography & memoir;the states we’re in;for history lovers;identity & culture;family matters,2019
"The Castle On Sunset: Life, Death, Love, Art, And Scandal At Hollywood’s Chateau Marmont",Shawn Levy,384,460097,0385543166,no biz like show biz;for history lovers;staff picks;nonfiction,2019
The City In The Middle Of The Night,Charlie Jane Anders,368,1303399,0765379961,"staff picks;sci fi, fantasy & speculative fiction;the dark side;book club ideas",2019
The Collected Schizophrenias: Essays,Esmé Weijun Wang,224,35979,1555978274,"staff picks;nonfiction;biography & memoir;short stories, essays & poetry;eye-opening reads;book club ideas;science!",2019
The Curse Of The Werepenguin,"Allan Woodrow, ilustrated by Scott Brown",352,791928,0451480449,"kids’ books;sci fi, fantasy & speculative fiction;family matters;funny stuff",2019
The Dead Queens Club,Hannah Capin,464,1399836,133554223X,realistic fiction;young adult;funny stuff;the dark side;for history lovers,2019
The Deep,"Rivers Solomon, Daveed Diggs, William Hutson and Jonathan Snipes",176,1022740,1534439862,"staff picks;sci fi, fantasy & speculative fiction;identity & culture;for music lovers;the dark side;rather short;book club ideas",2019
The Downstairs Girl,Stacey Lee,384,659082,1524740950,young adult;for history lovers;identity & culture;historical fiction,2019
The Dutch House: A Novel,Ann Patchett,352,43251,0062963678,family matters;realistic fiction;staff picks;book club ideas;seriously great writing,2019
The Editor,Steven Rowley,320,497288,0525537961,staff picks;realistic fiction;family matters,2019
The Education Of An Idealist: A Memoir,Samantha Power,592,1128687,0062820699,for history lovers;nonfiction;staff picks;biography & memoir;tales from around the world,2019
The Elephant In The Room: One Fat Man's Quest To Get Smaller In A Growing America,Tommy Tomlinson,256,1508292,1501111612,staff picks;nonfiction;biography & memoir;identity & culture;the states we’re in;book club ideas,2019
The Empire And The Five Kings: America's Abdication And The Fate Of The World,Bernard-Henri Lévy,272,1454847,1250203015,eye-opening reads;nonfiction;staff picks;tales from around the world;the dark side;the states we’re in,2019
The Field Guide To The North American Teenager,Ben Philippe,384,1374547,0062824112,staff picks;young adult;funny stuff;identity & culture,2019
The Food Of Sichuan,Fuchsia Dunlop,480,37681,1324004835,cookbooks & food;tales from around the world,2019
The Future Of Another Timeline,Annalee Newitz,352,307136,0765392100,"sci fi, fantasy & speculative fiction;for history lovers;identity & culture",2019
The Gifted School: A Novel,Bruce Holsinger,464,154204,0525534962,staff picks;realistic fiction;book club ideas;family matters;identity & culture,2019
The Good Egg,"Jory John, illustrated by Pete Oswald",40,1704,0062866001,kids’ books;cookbooks & food;funny stuff,2019
The Grammarians: A Novel,Cathleen Schine,272,851539,0374280118,realistic fiction;book club ideas;family matters;funny stuff;seriously great writing,2019
The Grand Dark,Richard Kadrey,400,3639461,0008288852,"sci fi, fantasy & speculative fiction;seriously great writing;the dark side;no biz like show biz",2019
The Hard Tomorrow,Eleanor Davis,152,1420053,1770463739,comics & graphic novels;realistic fiction;family matters;for art lovers,2019
The Haunting Of Tram Car 015,P. Djèlí Clark,144,238103,1250294800,"historical fiction;funny stuff;rather short;tales from around the world;sci fi, fantasy & speculative fiction",2019
The Heartbeat Of Wounded Knee: Native America From 1890 To The Present,David Treuer,528,657335,1594633150,staff picks;nonfiction;for history lovers;the states we’re in;identity & culture;eye-opening reads,2019
The Heartland: An American History,Kristin L. Hoganson,432,3183992,1594203571,for history lovers;the states we’re in;book club ideas;eye-opening reads;nonfiction;identity & culture,2019
The Heavens,Sandra Newman,272,681324,0802129021,"staff picks;love & romance;book club ideas;the dark side;sci fi, fantasy & speculative fiction",2019
The Impeachers: The Trial Of Andrew Johnson And The Dream Of A Just Nation,Brenda Wineapple,576,213962,0812998367,staff picks;nonfiction;eye-opening reads;for history lovers;the states we’re in;rather long,2019
The Lager Queen Of Minnesota: A Novel,J. Ryan Stradal,368,861199,0399563059,staff picks;realistic fiction;book club ideas;family matters;seriously great writing;the states we’re in;cookbooks & food,2019
The Last Last-Day-Of-Summer,"Lamar Giles, illustrated by Dapo Adeola",304,172453,1328460835,"kids’ books;sci fi, fantasy & speculative fiction;mysteries & thrillers",2019
The Mastermind: Drugs. Empire. Murder. Betrayal.,Evan Ratliff,480,964262,0399590412,eye-opening reads;for history lovers;nonfiction;biography & memoir;staff picks;mysteries & thrillers;the dark side,2019
The Moon Within,Aida Salazar,240,1758593,1338283375,kids’ books;family matters;identity & culture;tales from around the world,2019
The Mosquito: A Human History Of Our Deadliest Predator,Timothy C. Winegard,496,160374,1524743410,staff picks;nonfiction;eye-opening reads;for history lovers;science!;the dark side;rather long;it’s all geek to me,2019
The National Team: The Inside Story Of The Women Who Changed Soccer,Caitlin Murray,368,229633,1419743015,staff picks;nonfiction;for sports lovers;the states we’re in;book club ideas,2019
The Need,Helen Phillips,272,567867,1982113162,book club ideas;family matters;seriously great writing;love & romance,2019
The New Me,Halle Butler,208,294191,0143133608,staff picks;realistic fiction;the dark side;book club ideas;seriously great writing;rather short,2019
The New Pie: Modern Techniques For The Classic American Dessert,Chris Taylor and Paul Arguin,272,245082,0525576444,staff picks;cookbooks & food;it’s all geek to me,2019
The Nickel Boys: A Novel,Colson Whitehead,224,19040,0385537077,staff picks;book club ideas;eye-opening reads;identity & culture;the dark side;the states we’re in;for history lovers;historical fiction,2019
The Old Drift: A Novel,Namwali Serpell,576,347955,1101907142,"historical fiction;sci fi, fantasy & speculative fiction;seriously great writing;book club ideas;for history lovers;tales from around the world;rather long",2019
The Optimist's Telescope: Thinking Ahead In A Reckless Age,Bina Venkataraman,336,1832739,0735219478,science!;staff picks;nonfiction;eye-opening reads,2019
The Other Americans: A Novel,Laila Lalami,320,889758,1524747149,book club ideas;family matters;identity & culture;seriously great writing;the states we’re in,2019
The Other End Of The Line,"Andrea Camilleri, translated by Stephen Sartarelli",304,693549,0143133772,staff picks;mysteries & thrillers;tales from around the world,2019
The Outlaw Ocean: Journeys Across The Last Untamed Frontier,Ian Urbina,560,399445,0451492943,staff picks;nonfiction;eye-opening reads;tales from around the world;the dark side,2019
The Parade: A Novel,Dave Eggers,192,2444087,0525655301,staff picks;realistic fiction;book club ideas;the dark side;rather short,2019
"The Peanuts Papers: Writers And Cartoonists On Charlie Brown, Snoopy & The Gang, And The Meaning Of Life",Andrew Blauner (editor),352,799584,1598536168,staff picks;eye-opening reads;for art lovers;funny stuff,2019
The Plaza: The Secret Life Of America's Most Famous Hotel,Julie Satow,384,114371,1455566675,for history lovers;no biz like show biz;the states we’re in;nonfiction,2019
The Privileged Poor: How Elite Colleges Are Failing Disadvantaged Students,Anthony Abraham Jack,288,453014,0674976894,staff picks;nonfiction;eye-opening reads;identity & culture;the states we’re in,2019
The Proudest Blue: A Story Of Hijab And Family,"Ibtihaj Muhammad and S.K. Ali, illustrated by Hatem Aly",40,12507,0316519006,staff picks;kids’ books;family matters;identity & culture,2019
The Pursuit Of William Abbey,Claire North,465,1104514,0316316849,"historical fiction;seriously great writing;the dark side;tales from around the world;rather long;sci fi, fantasy & speculative fiction",2019
The Raven Tower,Ann Leckie,432,418420,0316388696,"staff picks;sci fi, fantasy & speculative fiction;seriously great writing",2019
The Ride Of A Lifetime: Lessons Learned From 15 Years As CEO Of The Walt Disney Company,Robert Iger,272,17094,0399592091,staff picks;nonfiction;biography & memoir;no biz like show biz,2019
The Right Swipe: A Novel,Alisha Rai,400,286362,0062878093,staff picks;for sports lovers;let’s talk about sex;love & romance,2019
The Ruin Of Kings,Jenn Lyons,560,1186626,1250175488,"sci fi, fantasy & speculative fiction;book club ideas;rather long",2019
The Salt Path,Raynor Winn,288,563262,0241349648,book club ideas;biography & memoir;tales from around the world;nonfiction;staff picks;family matters,2019
The Season: A Social History Of The Debutante,Kristen Richardson,288,1123851,0393608735,book club ideas;for history lovers;identity & culture;the states we’re in;nonfiction,2019
The Secrets We Kept: A Novel,Lara Prescott,368,184333,0525656154,staff picks;love & romance;book club ideas;for history lovers;tales from around the world,2019
The Sentence Is Death: A Novel,Anthony Horowitz,384,659280,0062676830,mysteries & thrillers;funny stuff;tales from around the world,2019
The Seventh Voyage,"Stanislaw Lem, illustrated by Jon Muth, translated by Michael Kandel",80,1981890,0545004624,"comics & graphic novels;sci fi, fantasy & speculative fiction;young adult;it’s all geek to me;funny stuff",2019
The Shadow King: A Novel,Maaza Mengiste,448,711551,039308356X,for history lovers;tales from around the world;seriously great writing;historical fiction,2019
The Shanghai Free Taxi: Journeys With The Hustlers And Rebels Of The New China,Frank Langfitt,320,1777845,1610398149,nonfiction;tales from around the world;identity & culture,2019
The Shortest Day,"Susan Cooper, illustrated by Carson Ellis",32,94250,0763686980,staff picks;kids’ books;seriously great writing;for art lovers,2019
The Silence Between Us,Alison Gervais,320,1189314,0310766168,realistic fiction;young adult;identity & culture;book club ideas;eye-opening reads,2019
"The Source Of Self-Regard: Selected Essays, Speeches, And Meditations",Toni Morrison,368,131888,0525521038,identity & culture;seriously great writing;nonfiction,2019
The Starless Sea: A Novel,Erin Morgenstern,512,49996,038554121X,"staff picks;sci fi, fantasy & speculative fiction;love & romance;rather long",2019
The Stationery Shop,Marjan Kamali,320,203910,1982107480,staff picks;realistic fiction;family matters;for history lovers;tales from around the world;book club ideas,2019
The Ten Thousand Doors Of January,Alix E. Harrow,384,137815,0316421995,"staff picks;sci fi, fantasy & speculative fiction;book club ideas;seriously great writing;family matters",2019
The Testaments: The Sequel To The Handmaid's Tale,Margaret Atwood,432,19973,0385543786,"staff picks;sci fi, fantasy & speculative fiction;the dark side;book club ideas",2019
The Topeka School: A Novel,Ben Lerner,304,519702,0374277788,staff picks;realistic fiction;book club ideas;seriously great writing;the states we’re in;family matters,2019
The Tradition,Jericho Brown,110,90352,1556594860,"staff picks;short stories, essays & poetry;identity & culture;family matters",2019
The Undefeated,"Kwame Alexander, illustrated by Kadir Nelson",40,61874,1328780961,kids’ books;for history lovers;identity & culture;for art lovers;nonfiction;the states we’re in,2019
"The Undying: Pain, Vulnerability, Mortality, Medicine, Art, Time, Dreams, Data, Exhaustion, Cancer, And Care",Anne Boyer,320,772917,0374279349,the dark side;seriously great writing;eye-opening reads;nonfiction;biography & memoir,2019
The Uninhabitable Earth: Life After Warming,David Wallace-Wells,320,75145,0525576703,staff picks;nonfiction;science!;the dark side;book club ideas;eye-opening reads,2019
The Violent Century,Lavie Tidhar,332,2895153,1616963166,"historical fiction;sci fi, fantasy & speculative fiction;book club ideas;the dark side;tales from around the world",2019
The Wall: A Novel,John Lanchester,288,252458,1324001631,"seriously great writing;sci fi, fantasy & speculative fiction;staff picks",2019
The Water Cure: A Novel,Sophie Mackintosh,288,370840,0385543875,"sci fi, fantasy & speculative fiction;the dark side",2019
The Water Dancer: A Novel,Ta-Nehisi Coates,416,80419,0399590595,"staff picks;sci fi, fantasy & speculative fiction;book club ideas;identity & culture;seriously great writing;the states we’re in;historical fiction",2019
The Wedding Party,Jasmine Guillory,352,98963,1984802194,staff picks;let’s talk about sex;love & romance,2019
The Witches Are Coming,Lindy West,272,288046,0316449881,"staff picks;funny stuff;the states we’re in;book club ideas;nonfiction;short stories, essays & poetry",2019
The Wolf And The Watchman: A Novel,Niklas Natt och Dag,384,547191,1501196774,mysteries & thrillers;historical fiction;the dark side;tales from around the world,2019
The World Doesn't Require You: Stories,Rion Amilcar Scott,384,1257185,1631495380,"sci fi, fantasy & speculative fiction;short stories, essays & poetry;book club ideas;identity & culture;seriously great writing;the states we’re in",2019
The Yellow House: A Memoir,Sarah M. Broom,304,258038,0802125085,nonfiction;biography & memoir;the states we’re in;identity & culture;family matters;seriously great writing;book club ideas,2019
There’s Something About Sweetie,Sandhya Menon,384,1648390,1534416781,staff picks;family matters;identity & culture;love & romance;young adult,2019
They Called Us Enemy,"George Takei, Justin Eisinger and Steven Scott, illustrated by Harmony Becker",208,1159,1603094504,staff picks;nonfiction;biography & memoir;comics & graphic novels;family matters;for history lovers;identity & culture;the dark side;the states we’re in,2019
They Will Have To Die Now: Mosul And The Fall Of The Caliphate,James Verini,304,1366919,0393652475,staff picks;nonfiction;tales from around the world;the dark side;for history lovers,2019
Thick: And Other Essays,Tressie McMillan Cottom,256,55366,1620975874,"nonfiction;short stories, essays & poetry;identity & culture;seriously great writing;the states we’re in",2019
"Thirteen Doorways, Wolves Behind Them All",Laura Ruby,384,1985740,0062317644,"historical fiction;young adult;sci fi, fantasy & speculative fiction",2019
This Is How You Lose The Time War,Amal El-Mohtar and Max Gladstone,208,1234959,1534431004,"sci fi, fantasy & speculative fiction;love & romance;seriously great writing",2019
This Land Is Our Land: An Immigrant's Manifesto,Suketu Mehta,320,2178871,0374276021,staff picks;nonfiction;tales from around the world;for history lovers;identity & culture;the states we’re in,2019
This Was Our Pact,Ryan Andrews,336,60604,1626720533,"kids’ books;comics & graphic novels;sci fi, fantasy & speculative fiction",2019
Three Women,Lisa Taddeo,320,90598,1451642296,staff picks;eye-opening reads;let’s talk about sex,2019
Tight,Torrey Maldonado,192,36712,1524740578,kids’ books;realistic fiction,2019
Too Much Is Not Enough: A Memoir Of Fumbling Toward Adulthood,Andrew Rannells,272,1044239,0525574859,staff picks;book club ideas;identity & culture;no biz like show biz;funny stuff,2019
Trick Mirror: Reflections On Self-Delusion,Jia Tolentino,320,134306,0525510540,"staff picks;book club ideas;eye-opening reads;short stories, essays & poetry;identity & culture;nonfiction;seriously great writing",2019
Truman,"Jean Reidy, illustrated by Lucy Ruth Cummins",48,80604,1534416641,kids’ books;funny stuff,2019
Trust Exercise: A Novel,Susan Choi,272,151443,1250309883,staff picks;book club ideas;realistic fiction;seriously great writing;the dark side,2019
Under My Hijab,"Hena Khan, illustrated by Aaliya Jaleel",32,118812,1620147920,identity & culture;kids’ books;family matters,2019
Underground: A Human History Of The Worlds Beneath Our Feet,Will Hunt,288,958256,0812996747,for history lovers;tales from around the world;nonfiction;eye-opening reads,2019
Underland: A Deep Time Journey,Robert Macfarlane,496,112266,0393242145,staff picks;science!;eye-opening reads;tales from around the world;nonfiction,2019
Unexampled Courage: The Blinding Of Sgt. Isaac Woodard And The Awakening Of President Harry S. Truman And Judge J. Waties Waring,Richard Gergel,336,1267101,0374107890,for history lovers;identity & culture;nonfiction;staff picks,2019
Vegetables Illustrated: An Inspiring Guide With 700+ Kitchen-Tested Recipes,America's Test Kitchen,544,58838,1945256737,cookbooks & food,2019
"Vietnamese Food Any Day: Simple Recipes For True, Fresh Flavors",Andrea Nguyen,240,34857,0399580352,cookbooks & food,2019
Wanderers: A Novel,Chuck Wendig,800,219848,0399182101,"sci fi, fantasy & speculative fiction;the dark side;the states we’re in;rather long",2019
"Wayward Lives, Beautiful Experiments: Intimate Histories Of Social Upheaval",Saidiya Hartman,464,268672,0393285677,staff picks;nonfiction;book club ideas;eye-opening reads;identity & culture;for history lovers;the states we’re in,2019
We Cast A Shadow: A Novel,Maurice Carlos Ruffin,336,2110965,0525509062,book club ideas;family matters;funny stuff;identity & culture;seriously great writing;the dark side;the states we’re in,2019
We Went To The Woods: A Novel,Caite Dolan-Leach,368,3462888,0399588884,realistic fiction;book club ideas;the states we’re in,2019
"Weird Parenting Wins: Bathtub Dining, Family Screams, And Other Hacks From The Parenting Trenches",Hillary Frank,256,310401,0143132555,staff picks;nonfiction;family matters;eye-opening reads;funny stuff,2019
We’re Not From Here,Geoff Rodkey,256,1078049,1524773042,"kids’ books;funny stuff;identity & culture;sci fi, fantasy & speculative fiction",2019
What Doesn't Kill You Makes You Blacker: A Memoir In Essays,Damon Young,320,265759,0062684302,nonfiction;biography & memoir;identity & culture;book club ideas;the states we’re in,2019
What My Mother And I Don't Talk About: Fifteen Writers Break The Silence,Michele Filgate (editor),288,879151,1982107340,"staff picks;book club ideas;family matters;seriously great writing;short stories, essays & poetry;nonfiction;biography & memoir",2019
What You Have Heard Is True: A Memoir Of Witness And Resistance,Carolyn Forché,400,1053974,0525560378,staff picks;nonfiction;eye-opening reads;for history lovers;seriously great writing;tales from around the world;biography & memoir,2019
When We Were Arabs: A Jewish Family’s Forgotten History,Massoud Hayoun,304,512993,1620974169,identity & culture;tales from around the world;family matters;for history lovers;nonfiction;eye-opening reads;biography & memoir,2019
Where Cooking Begins: Uncomplicated Recipes To Make You A Great Cook,Carla Lalli Music,272,92889,0525573348,cookbooks & food;staff picks,2019
Where Reasons End: A Novel,Yiyun Li,192,740569,198481737X,realistic fiction;eye-opening reads;family matters;seriously great writing;the dark side;rather short,2019
Who Wet My Pants?,"Bob Shea, illustrated by Zachariah O'Hora",40,92525,0316525219,kids’ books;staff picks;funny stuff,2019
"Wild Game: My Mother, Her Lover, And Me",Adrienne Brodeur,256,850034,1328519031,staff picks;nonfiction;biography & memoir;love & romance;let’s talk about sex;family matters;book club ideas,2019
Wilder Girls,Rory Power,368,681919,0525645586,"the dark side;young adult;sci fi, fantasy & speculative fiction",2019
With The Fire On High,Elizabeth Acevedo,400,109975,006266283X,family matters;realistic fiction;young adult;cookbooks & food;seriously great writing,2019
Women Rowing North: Navigating Life’s Currents And Flourishing As We Age,Mary Pipher,272,250563,1632869608,nonfiction;staff picks;identity & culture,2019
Women Talking,Miriam Toews,240,1554812,1635572584,staff picks;book club ideas;eye-opening reads;identity & culture;seriously great writing;the dark side,2019
Year Of The Monkey,Patti Smith,192,455232,0525657681,staff picks;nonfiction;biography & memoir;for music lovers;the dark side;rather short,2019
You Will Be Safe Here,Damian Barr,352,3842287,1635573513,staff picks;eye-opening reads;for history lovers;tales from around the world;realistic fiction;identity & culture;the dark side,2019
100 Cookies: The Baking Book For Every Kitchen,Sarah Kieffer,304,4058,1452180733,cookbooks & food,2020
13th Balloon,Mark Bibbins,80,3037078,1556595778,"short stories, essays & poetry;identity & culture;love & romance;the states we’re in;nonfiction",2020
A Burning: A Novel,Megha Majumdar,304,651962,0525658696,staff picks;realistic fiction;tales from around the world;seriously great writing;book club ideas,2020
A Castle In The Clouds,"Kerstin Gier, translated by Romy Fursland",336,1108445,1250300193,funny stuff;mysteries & thrillers;realistic fiction;tales from around the world;young adult,2020
A Children's Bible: A Novel,Lydia Millet,240,215467,1324005033,"staff picks;sci fi, fantasy & speculative fiction;seriously great writing;family matters;the dark side;book club ideas;eye-opening reads",2020
A Game Of Fox & Squirrels,Jenn Reese,224,278551,1250243017,kids’ books;seriously great writing;family matters;the dark side,2020
A Good Neighborhood: A Novel,Therese Anne Fowler,320,321531,1250237270,staff picks;realistic fiction;book club ideas;identity & culture;family matters;the states we’re in,2020
A Promised Land,Barack Obama,768,23423,1524763160,staff picks;nonfiction;biography & memoir;the states we’re in;identity & culture;for history lovers;rather long,2020
A Shadow Intelligence,Oliver Harris,368,1192052,0358206650,staff picks;mysteries & thrillers;the dark side;tales from around the world,2020
A Silenced Voice: The Life Of Journalist Kim Wall,Ingrid Wall and Joachim Wall,271,3327870,1542018145,nonfiction;biography & memoir;eye-opening reads;family matters,2020
A Song Below Water: A Novel,Bethany C. Morrow,288,814264,1250315328,"young adult;the states we’re in;identity & culture;sci fi, fantasy & speculative fiction",2020
"Ace: What Asexuality Reveals About Desire, Society, And The Meaning Of Sex",Angela Chen,224,776224,080701379X,staff picks;nonfiction;eye-opening reads;identity & culture;let’s talk about sex,2020
Agency,William Gibson,416,310057,110198693X,"sci fi, fantasy & speculative fiction;the dark side;tales from around the world;mysteries & thrillers",2020
Alien Oceans: The Search For Life In The Depths Of Space,Kevin Hand,304,446919,0691179514,staff picks;science!;eye-opening reads;nonfiction;it’s all geek to me,2020
All Because You Matter,"Tami Charles, illustrated by Bryan Collier",40,77259,133857485X,kids’ books;identity & culture;for art lovers,2020
All The Way To The Tigers: A Memoir,Mary Morris,240,2577118,0385546092,biography & memoir;nonfiction;tales from around the world;book club ideas,2020
Almost American Girl: An Illustrated Memoir,Robin Ha,240,28381,0062685090,staff picks;nonfiction;biography & memoir;comics & graphic novels;young adult;identity & culture;family matters;the states we’re in,2020
"American Oligarchs: The Kushners, The Trumps, And The Marriage Of Money And Power",Andrea Bernstein,512,1466961,0393541304,staff picks;biography & memoir;nonfiction;the states we’re in;eye-opening reads;family matters,2020
Amnesty: A Novel,Aravind Adiga,272,1791587,1982127309,staff picks;realistic fiction;book club ideas;identity & culture;tales from around the world;mysteries & thrillers,2020
An Incomplete List Of Names,Michael Torres,128,1434478,0807046744,"staff picks;short stories, essays & poetry;identity & culture;the states we’re in",2020
And I Do Not Forgive You: Stories And Other Revenges,Amber Sparks,192,2665459,1631496204,"funny stuff;short stories, essays & poetry;seriously great writing;identity & culture",2020
Anna K: A Love Story,Jenny Lee,400,2356203,1250236436,staff picks;young adult;family matters;identity & culture;love & romance,2020
Antkind: A Novel,Charlie Kaufman,720,235871,0399589686,"sci fi, fantasy & speculative fiction;rather long;no biz like show biz;it’s all geek to me",2020
Anxious People: A Novel,"Fredrik Backman, translated by Niel Smith",352,41423,1501160834,staff picks;book club ideas;seriously great writing;tales from around the world;funny stuff;realistic fiction,2020
Apple: (Skin To The Core),Eric Gansworth,352,432481,1646140133,biography & memoir;young adult;identity & culture;seriously great writing;nonfiction;the states we’re in,2020
Apsara Engine,Bishakh Som,250,1333098,1936932814,"comics & graphic novels;book club ideas;eye-opening reads;sci fi, fantasy & speculative fiction;seriously great writing;identity & culture",2020
At Night All Blood Is Black: A Novel,"David Diop, translated by Anna Moschovakis",160,1459502,0374266972,eye-opening reads;rather short;tales from around the world;identity & culture;historical fiction;the dark side,2020
Banned Book Club,"Kim Hyun Sook and Ryan Estrada, illustrated by Ko Hyung-Ju",192,129258,194582042X,biography & memoir;comics & graphic novels;young adult;eye-opening reads;for history lovers;tales from around the world;rather short;nonfiction;staff picks,2020
Barn 8: A Novel,Deb Olin Unferth,256,631864,1644450151,staff picks;funny stuff;realistic fiction,2020
"Barry Sonnenfeld, Call Your Mother: Memoirs Of A Neurotic Filmmaker",Barry Sonnenfeld,368,977921,0316415618,staff picks;nonfiction;biography & memoir;no biz like show biz;family matters,2020
Beach Read,Emily Henry,400,524,1984806734,staff picks;love & romance;realistic fiction,2020
Before The Ever After,Jacqueline Woodson,176,87128,0399545433,kids’ books;young adult;eye-opening reads;family matters;for sports lovers;seriously great writing,2020
Beowulf: A New Translation,Maria Dahvana Headley,176,37432,0374110034,"sci fi, fantasy & speculative fiction;seriously great writing;eye-opening reads;short stories, essays & poetry",2020
Bestiary: A Novel,K-Ming Chang,272,1033983,0593132580,"eye-opening reads;family matters;identity & culture;love & romance;seriously great writing;tales from around the world;the states we’re in;sci fi, fantasy & speculative fiction",2020
"Between Two Fires: Truth, Ambition, And Compromise In Putin's Russia",Joshua Yaffa,368,1155590,1524760595,staff picks;nonfiction;tales from around the world;eye-opening reads,2020
Big Friendship: How We Keep Each Other Close,Aminatou Sow and Ann Friedman,256,332447,1982111909,staff picks;nonfiction;biography & memoir;book club ideas;eye-opening reads;identity & culture,2020
Black Bottom Saints: A Novel,Alice Randall,368,685209,0062968629,staff picks;historical fiction;eye-opening reads;for music lovers;identity & culture;no biz like show biz;the states we’re in,2020
Black Heroes Of The Wild West,James Otis Smith,60,1178052,1943145520,comics & graphic novels;kids’ books;nonfiction;the states we’re in;for history lovers,2020
Black Sun,Rebecca Roanhorse,464,1122209,1534437673,"seriously great writing;sci fi, fantasy & speculative fiction;book club ideas;rather long",2020
Black Sunday: A Novel,Tola Rotimi Abraham,288,2815796,1948226561,identity & culture;family matters;tales from around the world;realistic fiction,2020
Blacktop Wasteland: A Novel,S.A. Cosby,304,156810,1250252687,identity & culture;mysteries & thrillers;the states we’re in,2020
Blackwood,Michael Farris Smith,304,1685788,0316529818,"the dark side;mysteries & thrillers;sci fi, fantasy & speculative fiction;the states we’re in",2020
Blood On The River: A Chronicle Of Mutiny And Freedom On The Wild Coast,Marjoleine Kars,336,1905261,1620974592,nonfiction;for history lovers;tales from around the world;eye-opening reads,2020
Born To Be Public,Greg Mania,208,2807837,1944866698,biography & memoir;book club ideas;funny stuff;identity & culture;let’s talk about sex;rather short;nonfiction,2020
Breath: The New Science Of A Lost Art,James Nestor,304,983,0735213615,staff picks;nonfiction;eye-opening reads;for sports lovers;science!;it’s all geek to me,2020
"Broken Faith: Inside The Word Of Faith Fellowship, One Of America's Most Dangerous Cults",Mitch Weiss and Holbrook Mohr,416,1035574,1335145230,staff picks;nonfiction;eye-opening reads;family matters;the dark side;identity & culture,2020
Burnt Sugar: A Novel,Avni Doshi,288,2232129,1419752928,staff picks;realistic fiction;book club ideas;seriously great writing;tales from around the world;family matters,2020
Capital And Ideology,"Thomas Piketty, translated by Arthur Goldhammer",1104,150927,0674980824,staff picks;nonfiction;eye-opening reads;for history lovers;rather long;it’s all geek to me,2020
Caste: The Origins Of Our Discontents,Isabel Wilkerson,544,15512,0593230256,nonfiction;eye-opening reads;identity & culture;staff picks;for history lovers;book club ideas;the states we’re in;rather long,2020
Catherine House: A Novel,Elisabeth Thomas,320,854986,0062905651,"staff picks;mysteries & thrillers;sci fi, fantasy & speculative fiction;the dark side",2020
Cemetery Boys,Aiden Thomas,352,80536,1250250463,"staff picks;sci fi, fantasy & speculative fiction;identity & culture;family matters;the dark side;love & romance;young adult",2020
Children Of The Land: A Memoir,Marcelo Hernandez Castillo,384,174220,0062825631,nonfiction;biography & memoir;identity & culture;the states we’re in;family matters;eye-opening reads,2020
Clap When You Land,Elizabeth Acevedo,432,58436,0062882767,staff picks;realistic fiction;family matters;seriously great writing;young adult;book club ideas,2020
Clean: The New Science Of Skin,James Hamblin,288,317388,0525538313,staff picks;nonfiction;eye-opening reads;it’s all geek to me;science!,2020
Cleanness,Garth Greenwell,240,984847,0374124582,staff picks;realistic fiction;tales from around the world;identity & culture;let’s talk about sex;seriously great writing,2020
Collective Gravities,Chloe N. Clark,240,5375437,173346638X,"love & romance;short stories, essays & poetry;sci fi, fantasy & speculative fiction",2020
Conditional Citizens: On Belonging In America,Laila Lalami,208,757436,1524747165,staff picks;the states we’re in;identity & culture;nonfiction;rather short;biography & memoir;for history lovers,2020
Conjure Women: A Novel,Afia Atakora,416,659883,0525511482,staff picks;historical fiction;book club ideas;seriously great writing;the states we’re in,2020
Cook With Me: 150 Recipes For The Home Cook,Alex Guarnaschelli,336,168607,0593135083,cookbooks & food,2020
"Cooking For One: Scaled Recipes, No-Waste Solutions, And Time-Saving Tips",America's Test Kitchen,352,10835,1948703289,staff picks;cookbooks & food,2020
"Cool Beans: The Ultimate Guide To Cooking With The World's Most Versatile Plant-Based Protein, With 125 Recipes",Joe Yonan,240,12738,0399581480,cookbooks & food,2020
"Cool Town: How Athens, Georgia, Launched Alternative Music And Changed American Culture",Grace Elizabeth Hale,371,770415,1469654873,staff picks;nonfiction;for music lovers;for history lovers;the states we’re in,2020
Counterpoint: A Memoir Of Bach And Mourning,Philip Kennicott,256,1334997,0393635368,seriously great writing;biography & memoir;family matters;for music lovers;nonfiction,2020
Creatures: A Novel,Crissy Van Meter,272,949580,1643750836,realistic fiction;family matters;love & romance;seriously great writing;the states we’re in,2020
Crooked Hallelujah,Kelli Jo Ford,304,1536286,080214912X,realistic fiction;book club ideas;family matters;identity & culture;seriously great writing;the states we’re in,2020
Dance On Saturday: Stories,Elwin Cotman,304,4655882,1618731726,"sci fi, fantasy & speculative fiction;short stories, essays & poetry;book club ideas;the states we’re in;identity & culture;seriously great writing",2020
Dancing After TEN,Vivian Chong and Georgia Webber,128,377910,1683963164,biography & memoir;comics & graphic novels;eye-opening reads;nonfiction;tales from around the world,2020
Dancing Man: A Broadway Choreographer's Journey,Bob Avian with Tom Santopietro,240,486558,1496825888,staff picks;nonfiction;biography & memoir;for music lovers;no biz like show biz,2020
Dark Blood Comes From The Feet,Emma J. Gibbon,168,2272839,1950305287,"sci fi, fantasy & speculative fiction;the dark side;short stories, essays & poetry;the states we’re in",2020
Days Of Distraction: A Novel,Alexandra Chang,320,2359435,0062951807,staff picks;realistic fiction;identity & culture;love & romance,2020
Deacon King Kong: A Novel,James McBride,384,60543,073521672X,book club ideas;realistic fiction;funny stuff;seriously great writing;for music lovers,2020
Dear Justyce,Nic Stone,288,154397,1984829661,staff picks;realistic fiction;young adult;the states we’re in,2020
Desert Notebooks: A Road Map For The End Of Time,Ben Ehrenreich,336,1367608,1640093532,nonfiction;eye-opening reads;the states we’re in;book club ideas;science!;for history lovers,2020
Dessert Person: Recipes And Guidance For Baking With Confidence,Claire Saffitz,368,3756,1984826964,staff picks;cookbooks & food,2020
Dinner In French: My Recipes By Way Of France,Melissa Clark,336,18424,0553448250,staff picks;cookbooks & food;tales from around the world,2020
"Dirt: Adventures In Lyon As A Chef In Training, Father, And Sleuth Looking For The Secret Of French Cooking",Bill Buford,432,240718,0307271013,nonfiction;biography & memoir;family matters;tales from around the world;staff picks;cookbooks & food,2020
Djinn Patrol On The Purple Line,Deepa Anappara,368,636993,0593129199,staff picks;realistic fiction;mysteries & thrillers;book club ideas;tales from around the world,2020
Each Of Us A Desert,Mark Oshiro,432,2944677,1250169216,"young adult;sci fi, fantasy & speculative fiction;the dark side",2020
East: 120 Vegan And Vegetarian Recipes From Bangalore To Beijing,Meera Sodha,304,59179,1250750733,cookbooks & food;tales from around the world,2020
Eat A Peach: A Memoir,David Chang with Gabe Ulla,304,211685,152475921X,staff picks;biography & memoir;cookbooks & food;nonfiction,2020
Eat The Buddha: Life And Death In A Tibetan Town,Barbara Demick,352,934057,0812998758,staff picks;nonfiction;eye-opening reads;tales from around the world;for history lovers,2020
Echo Mountain,Lauren Wolk,368,87645,0525555560,historical fiction;kids’ books;family matters;seriously great writing;the states we’re in,2020
Efrén Divided,Ernesto Cisneros,272,945937,006288168X,kids’ books;family matters;identity & culture;the states we’re in;eye-opening reads,2020
Elatsoe,"Darcie Little Badger, illustrated by Rovina Cai",368,368101,1646140052,"sci fi, fantasy & speculative fiction;identity & culture;young adult;the states we’re in;family matters",2020
Empire Of Wild: A Novel,Cherie Dimaline,320,1237709,0062975943,"realistic fiction;book club ideas;tales from around the world;the dark side;sci fi, fantasy & speculative fiction",2020
Even As We Breathe: A Novel,Annette Saunooke Clapsaddle,240,782344,1950564061,staff picks;historical fiction;realistic fiction;young adult;book club ideas;eye-opening reads;family matters;identity & culture;the states we’re in,2020
Every Reason We Shouldn't,Sara Fujimura,336,2390838,1250204070,young adult;family matters;for sports lovers;love & romance;identity & culture;realistic fiction,2020
Everybody Counts: A Counting Story From 0 To 7.5 Billion,"Kristin Roskifte, translated by Siân Mackie",64,319930,071124524X,kids’ books;funny stuff,2020
Everything Man: The Form And Function Of Paul Robeson,Shana L. Redmond,208,647049,1478006617,for history lovers;for music lovers;identity & culture;nonfiction;rather short;staff picks;biography & memoir,2020
Everything Sad Is Untrue: (A True Story),Daniel Nayeri,368,14289,1646140001,staff picks;the states we’re in;funny stuff;identity & culture;kids’ books,2020
Falastin: A Cookbook,Sami Tamimi and Tara Wigley,352,27628,0399581731,staff picks;cookbooks & food;identity & culture;tales from around the world,2020
"Family In Six Tones: A Refugee Mother, An American Daughter",Lan Cao and Harlan Margaret Van Cao,320,655894,1984878166,biography & memoir;book club ideas;eye-opening reads;family matters;identity & culture;nonfiction,2020
Fantastic Four: Grand Design,Tom Scioli,120,1153139,1302917692,"comics & graphic novels;it’s all geek to me;sci fi, fantasy & speculative fiction;for art lovers;rather short",2020
Father Of Lions: One Man's Remarkable Quest To Save Mosul's Zoo,Louise Callaghan,400,1910019,1250248949,staff picks;nonfiction;biography & memoir;tales from around the world;eye-opening reads;family matters,2020
Fauja Singh Keeps Going: The True Story Of The Oldest Person To Ever Run A Marathon,"Simran Jeet Singh, illustrated by Baljinder Kaur",48,71951,0525555099,nonfiction;kids’ books;family matters;for sports lovers;tales from around the world,2020
Finna: Poems,Nate Marshall,128,315245,0593132459,"identity & culture;short stories, essays & poetry;family matters;the states we’re in",2020
Flamer,Mike Curato,368,42051,1250756146,young adult;comics & graphic novels;identity & culture,2020
Flyaway,Kathleen Jennings,176,1327137,1250260493,"rather short;seriously great writing;book club ideas;sci fi, fantasy & speculative fiction;tales from around the world;the dark side;family matters",2020
Followers: A Novel,Megan Angelo,416,1104266,1525809962,"staff picks;realistic fiction;the dark side;identity & culture;book club ideas;eye-opening reads;sci fi, fantasy & speculative fiction",2020
Foreign Bodies: Poems,Kimiko Hahn,128,3635209,1324005211,"staff picks;short stories, essays & poetry",2020
Foul Is Fair: A Novel,Hannah Capin,336,1262933,1250239540,young adult;seriously great writing;mysteries & thrillers;the dark side,2020
Funny Weather: Art In An Emergency,Olivia Laing,368,442655,132400570X,"nonfiction;short stories, essays & poetry;for art lovers;seriously great writing;the dark side",2020
Gabrielle Chanel: Fashion Manifesto,Miren Arzalluz,304,1123604,0500023468,nonfiction;biography & memoir;for art lovers;for history lovers;staff picks,2020
Ghost Squad,Claribel A. Ortega,256,1440609,1338280120,"kids’ books;sci fi, fantasy & speculative fiction;family matters",2020
Ghosting The News: Local Journalism And The Crisis Of American Democracy,Margaret Sullivan,105,140514,1733623787,staff picks;nonfiction;eye-opening reads;the states we’re in;the dark side;rather short,2020
Girl Gone Viral: A Novel,Alisha Rai,400,2562018,0062878131,staff picks;let’s talk about sex;love & romance;realistic fiction,2020
Glass Town: The Imaginary World Of The Brontës,Isabel Greenberg,224,402322,1419732684,comics & graphic novels;seriously great writing;book club ideas;family matters;for history lovers,2020
Glitter Up the Dark: How Pop Music Broke The Binary,Sasha Geffen,264,666045,147731878X,staff picks;nonfiction;for music lovers;identity & culture,2020
Go With The Flow,Lily Williams and Karen Schneemann,336,69631,1250143179,comics & graphic novels;kids’ books;eye-opening reads,2020
God-Level Knowledge Darts: Life Lessons From The Bronx,Desus & Mero,224,191781,0525512330,staff picks;nonfiction;funny stuff;no biz like show biz,2020
Godshot: A Novel,Chelsea Bieker,336,1111123,1948226480,realistic fiction;book club ideas;family matters;identity & culture;seriously great writing;the dark side,2020
Hamnet,Maggie O'Farrell,320,43315,0525657606,staff picks;historical fiction;book club ideas;family matters;seriously great writing,2020
Hanging Tree Guitars,"Freeman Vines with Zoe van Buren, photography by Timothy Duffy",162,1964340,0578624036,staff picks;nonfiction;the states we’re in;biography & memoir;for art lovers;identity & culture;rather short;for music lovers,2020
Harrow The Ninth,Tamsyn Muir,512,101307,1250313228,"sci fi, fantasy & speculative fiction;the dark side;rather long",2020
Having And Being Had,Eula Biss,336,1269770,0525537457,"staff picks;nonfiction;short stories, essays & poetry;book club ideas;seriously great writing",2020
Headliners: An Enemies-To-Lovers Romance,Lucy Parker,400,3831027,1335215999,staff picks;let’s talk about sex;love & romance;no biz like show biz;tales from around the world;realistic fiction,2020
Heart Of Junk: A Novel,Luke Geddes,256,1696419,1982106662,staff picks;realistic fiction;funny stuff;the states we’re in;it’s all geek to me,2020
Hearts Of Oak,Eddie Robson,272,2690892,1250260531,"sci fi, fantasy & speculative fiction;funny stuff",2020
Hench,Natalie Zina Walschots,416,773709,0062978578,"sci fi, fantasy & speculative fiction;funny stuff;it’s all geek to me;the dark side",2020
"Here For It: Or, How To Save Your Soul In America",R. Eric Thomas,288,836243,0525621032,"staff picks;nonfiction;funny stuff;biography & memoir;identity & culture;short stories, essays & poetry;book club ideas",2020
Here We Are: A Novel,Graham Swift,208,1479070,052565805X,realistic fiction;seriously great writing;book club ideas;rather short;no biz like show biz;tales from around the world,2020
Hidden Valley Road: Inside The Mind Of An American Family,Robert Kolker,400,68394,038554376X,staff picks;nonfiction;eye-opening reads;science!;biography & memoir;family matters;book club ideas,2020
High As The Waters Rise: A Novel,"Anja Kampmann, translated by Anne Posten",320,3454930,1948226529,realistic fiction;love & romance;seriously great writing;tales from around the world,2020
"His Very Best: Jimmy Carter, A Life",Jonathan Alter,800,233663,1501125486,nonfiction;biography & memoir;eye-opening reads;for history lovers;the states we’re in;rather long,2020
"Hoax: Donald Trump, Fox News, And The Dangerous Distortion Of Truth",Brian Stelter,368,319578,1982142448,nonfiction;eye-opening reads;staff picks;the states we’re in;no biz like show biz,2020
Homeland Elegies: A Novel,Ayad Akhtar,,,,realistic fiction;book club ideas;eye-opening reads;family matters;identity & culture;the states we’re in,2020
Homie: Poems,Danez Smith,96,174007,1644450100,"identity & culture;short stories, essays & poetry",2020
Honeybee: The Busy Life Of Apis Mellifera,"Candace Fleming, illustrated by Eric Rohmann",40,61191,0823442853,nonfiction;kids’ books;science!;eye-opening reads;for art lovers,2020
Hood Criatura,féi hernandez,96,2215502,1951979087,"staff picks;short stories, essays & poetry;identity & culture",2020
Hood Feminism: Notes From The Women That A Movement Forgot,Mikki Kendall,288,208284,0525560548,"nonfiction;book club ideas;eye-opening reads;identity & culture;short stories, essays & poetry",2020
How Much Of These Hills Is Gold: A Novel,C Pam Zhang,288,1013971,0525537201,staff picks;historical fiction;book club ideas;family matters;identity & culture;seriously great writing;the states we’re in,2020
How To Carry Water: Selected Poems Of Lucille Clifton,"Lucille Clifton, Aracelis Girmay (editor)",278,1761488,1950774147,"short stories, essays & poetry;family matters;identity & culture;seriously great writing",2020
How To Wash The Dishes,Peter Miller,128,383986,161180762X,staff picks;rather short;it’s all geek to me;cookbooks & food;eye-opening reads,2020
I Am Every Good Thing,"Derrick Barnes, illlustrated by Gordon C. James",32,17090,0525518770,staff picks;kids’ books;identity & culture;family matters;for art lovers,2020
I Don't Want To Die Poor: Essays,Michael Arceneaux,256,265819,1982129301,"nonfiction;short stories, essays & poetry;biography & memoir;funny stuff;identity & culture;family matters",2020
I Got A Monster: The Rise And Fall Of America's Most Corrupt Police Squad,Baynard Woods and Brandon Soderberg,320,1637393,1250221803,staff picks;nonfiction;eye-opening reads;the dark side;the states we’re in,2020
I Hold A Wolf By The Ears: Stories,Laura van den Berg,224,1685505,0374102090,"seriously great writing;the dark side;short stories, essays & poetry;sci fi, fantasy & speculative fiction",2020
I Talk Like A River,"Jordan Scott, illustrated by Sydney Smith",40,122241,0823445593,kids’ books;eye-opening reads;family matters;seriously great writing;for art lovers,2020
I Want You to Know We're Still Here: A Post-Holocaust Memoir,Esther Safran Foer,240,416203,0525575987,staff picks;biography & memoir;book club ideas;family matters;for history lovers;identity & culture;nonfiction;tales from around the world,2020
I Will Take The Answer: Essays,Ander Monson,224,1215358,1644450119,"short stories, essays & poetry;eye-opening reads;seriously great writing",2020
If I Had Your Face: A Novel,Frances Cha,288,1296426,0593129466,staff picks;tales from around the world;identity & culture;realistic fiction;book club ideas,2020
Ikenga,Nnedi Okorafor,240,2097150,0593113527,"staff picks;sci fi, fantasy & speculative fiction;kids’ books;family matters;identity & culture;tales from around the world",2020
In Bibi's Kitchen: The Recipes And Stories Of Grandmothers From The Eight African Countries That Touch The Indian Ocean,Hawa Hassan with Julia Turshen,288,50708,1984856731,family matters;cookbooks & food;tales from around the world;staff picks,2020
Interior Chinatown: A Novel,Charles Yu,288,73223,0307907198,staff picks;funny stuff;identity & culture;book club ideas;no biz like show biz;realistic fiction;seriously great writing,2020
Intimations: Six Essays,Zadie Smith,112,75592,059329761X,"nonfiction;identity & culture;short stories, essays & poetry;book club ideas;the states we’re in",2020
Inventing Latinos: A New Story Of American Racism,Laura E. Gómez,336,332502,1595589171,staff picks;nonfiction;identity & culture;the states we’re in;for history lovers,2020
Jack: A Novel,Marilynne Robinson,320,446326,0374279306,realistic fiction;book club ideas;identity & culture;love & romance;seriously great writing;the states we’re in;staff picks;historical fiction,2020
Just Us: An American Conversation,Claudia Rankine,352,1262981,1644450216,"staff picks;the states we’re in;nonfiction;eye-opening reads;identity & culture;book club ideas;short stories, essays & poetry;seriously great writing",2020
Kent State: Four Dead In Ohio,Derf Backderf,288,122937,1419734849,nonfiction;the dark side;for history lovers;the states we’re in;comics & graphic novels,2020
"Kim Jiyoung, Born 1982: A Novel","Cho Nam-Joo, translated by Jamie Chang",176,772603,1631496700,book club ideas;family matters;identity & culture;realistic fiction;tales from around the world;rather short,2020
King And The Dragonflies,Kacen Callender,272,316401,1338129333,young adult;identity & culture;family matters;seriously great writing,2020
Lakewood: A Novel,Megan Giddings,288,1448026,0062913190,"sci fi, fantasy & speculative fiction;mysteries & thrillers;book club ideas;family matters;science!;seriously great writing;the dark side;the states we’re in",2020
Larger Than Life: A History Of Boy Bands From NKOTB To BTS,Maria Sherman,224,1311576,0762468912,staff picks;nonfiction;for music lovers;no biz like show biz;funny stuff;tales from around the world,2020
Later: My Life At The Edge Of The World,Paul Lisicky,240,969780,164445016X,seriously great writing;the states we’re in;identity & culture;biography & memoir;nonfiction;let’s talk about sex,2020
Leave The World Behind: A Novel,Rumaan Alam,256,124959,0062667637,staff picks;mysteries & thrillers;realistic fiction;book club ideas;seriously great writing;the states we’re in;identity & culture,2020
Legendary Children: The First Decade Of RuPaul’s Drag Race And The Last Century Of Queer Life,Tom Fitzgerald and Lorenzo Marquez,288,844506,0143134620,nonfiction;eye-opening reads;identity & culture;it’s all geek to me;no biz like show biz;for history lovers;staff picks,2020
Life Of A Klansman: A Family History In White Supremacy,Edward Ball,416,2031264,0374186324,staff picks;identity & culture;eye-opening reads;for history lovers;nonfiction;family matters;the states we’re in,2020
Lifting As We Climb: Black Women's Battle For The Ballot Box,Evette Dionne,176,1385825,0451481542,staff picks;nonfiction;kids’ books;for history lovers;the states we’re in;biography & memoir;identity & culture,2020
Like A Bird,Fariha Róisín,288,2365807,1951213092,staff picks;identity & culture;family matters;realistic fiction,2020
Little Eyes: A Novel,Samanta Schweblin,256,1214754,0525541365,"sci fi, fantasy & speculative fiction;seriously great writing;the dark side",2020
Loathe At First Sight: A Novel,Suzanne Park,368,2021203,0062990691,love & romance;it’s all geek to me;funny stuff;identity & culture;realistic fiction,2020
Long Bright River: A Novel,Liz Moore,496,100263,0525540679,realistic fiction;mysteries & thrillers;family matters;the dark side;rather long;staff picks;the states we’re in,2020
Looking To Get Lost: Adventures In Music And Writing,Peter Guralnick,576,418076,0316412627,for history lovers;for music lovers;nonfiction;rather long;staff picks;biography & memoir,2020
Love Child's Hotbed Of Occasional Poetry: Poems & Artifacts,Nikky Finney,264,1293681,0810142015,"identity & culture;short stories, essays & poetry;eye-opening reads;for history lovers;the states we’re in",2020
Luster: A Novel,Raven Leilani,240,105710,0374194327,realistic fiction;love & romance;let’s talk about sex;seriously great writing;staff picks;identity & culture,2020
MS-13: The Making Of America's Most Notorious Gang,Steven Dudley,352,1407603,1335005544,nonfiction;the dark side;eye-opening reads;the states we’re in,2020
"Mad, Bad & Dangerous To Know",Samira Ahmed,336,3829037,1616959894,young adult;for art lovers;identity & culture,2020
Magnetized: Conversations With A Serial Killer,"Carlos Busqued, translated by Samuel Rutter",192,3397295,1948226685,nonfiction;the dark side;tales from around the world;biography & memoir;rather short,2020
Mary And The Trail Of Tears: A Cherokee Removal Survival Story,"Andrea L. Rogers, illustrated by Matt Forsyth",102,99447,1496592166,kids’ books;historical fiction;the states we’re in;family matters;identity & culture,2020
"Me And White Supremacy: Combat Racism, Change The World, And Become A Good Ancestor",Layla F. Saad,256,114070,1728209803,nonfiction;book club ideas;identity & culture;staff picks;eye-opening reads;the states we’re in,2020
Members Only,Sameer Pandya,368,615061,035837992X,staff picks;realistic fiction;identity & culture;book club ideas,2020
Memorial Drive: A Daughter's Memoir,Natasha Trethewey,224,783795,006224857X,nonfiction;biography & memoir;identity & culture;family matters;seriously great writing;book club ideas,2020
Memorial: A Novel,Bryan Washington,320,190478,0593087275,staff picks;realistic fiction;book club ideas;family matters;love & romance;seriously great writing,2020
Mexican Gothic,Silvia Moreno-Garcia,320,38679,0525620788,"staff picks;mysteries & thrillers;identity & culture;sci fi, fantasy & speculative fiction;seriously great writing;book club ideas;the dark side",2020
Midnight At The Barclay Hotel,"Fleur Bradley, illustrated by Xavier Bonet",320,438748,0593202902,staff picks;kids’ books;mysteries & thrillers;the dark side,2020
Minor Feelings: An Asian American Reckoning,Cathy Park Hong,224,99326,1984820362,staff picks;nonfiction;biography & memoir;identity & culture;the states we’re in,2020
Miss Iceland,Auður Ava Ólafsdóttir,256,1102301,0802149235,historical fiction;realistic fiction;book club ideas;identity & culture,2020
Missionaries: A Novel,Phil Klay,416,639670,1984880659,staff picks;book club ideas;realistic fiction;tales from around the world;the dark side,2020
Moms,"Yeong-shin Ma, translated by Janet Hong",372,811112,177046400X,staff picks;comics & graphic novels;family matters;identity & culture;let’s talk about sex;tales from around the world,2020
Monogamy: A Novel,Sue Miller,352,8860957,0063048922,staff picks;seriously great writing;realistic fiction;family matters;book club ideas;love & romance,2020
Moonflower Murders: A Novel,Anthony Horowitz,608,137921,0062955454,realistic fiction;mysteries & thrillers;staff picks;tales from around the world;rather long,2020
Mosquito Supper Club: Cajun Recipes From A Disappearing Bayou,Melissa M. Martin,368,46016,1579658474,staff picks;cookbooks & food;the states we’re in,2020
Music For The Dead And Resurrected: Poems,Valzhyna Mort,112,1734387,0374252068,"short stories, essays & poetry;identity & culture;seriously great writing;for history lovers;tales from around the world",2020
Mutations: The Many Strange Faces Of Hardcore Punk,Sam McPheeters,312,1157169,1947856987,nonfiction;biography & memoir;for music lovers;seriously great writing,2020
My Autobiography Of Carson McCullers: A Memoir,Jenn Shapland,266,1031006,1947793284,staff picks;nonfiction;biography & memoir;identity & culture;love & romance;for history lovers;book club ideas,2020
My Best Friend,"Julie Fogliano, illustrated by Jillian Tamaki",32,134415,1534427228,kids’ books;funny stuff,2020
My Town: An Artist’s Life In London,David Gentleman,288,1547261,1846149754,staff picks;tales from around the world;for art lovers,2020
Neon Girls: A Stripper's Education In Protest And Power,Jennifer Worley,272,1390521,0062971328,biography & memoir;eye-opening reads;identity & culture;let’s talk about sex;nonfiction,2020
Network Effect: A Murderbot Novel,Martha Wells,352,8986,1250229863,"staff picks;sci fi, fantasy & speculative fiction;family matters;funny stuff",2020
New Waves: A Novel,Kevin Nguyen,320,1695330,1984855239,staff picks;realistic fiction;book club ideas;identity & culture;it’s all geek to me;the states we’re in,2020
New World Sourdough: Artisan Techniques For Creative Homemade Fermented Breads,Bryan Ford,160,36302,1631598708,staff picks;cookbooks & food,2020
Night Letters: Gulbuddin Hekmatyar And The Afghan Islamists Who Changed The World,Chris Sands with Fazelminallah Qazizai,528,3312840,178738196X,staff picks;nonfiction;for history lovers;rather long;tales from around the world;the dark side,2020
No Filter: The Inside Story Of Instagram,Sarah Frier,352,588818,1982126809,nonfiction;identity & culture;it’s all geek to me;rather long;staff picks,2020
No Rules Rules: Netflix And The Culture Of Reinvention,Reed Hastings and Erin Meyer,320,11802,1984877860,no biz like show biz;nonfiction;staff picks,2020
Notes From An Apocalypse: A Personal Journey To The End Of The World And Back,Mark O'Connell,272,2324573,038554300X,"nonfiction;biography & memoir;short stories, essays & poetry;eye-opening reads;seriously great writing;the dark side",2020
"Notes On A Case Of Melancholia: Or, A Little Death",Nicholas Gurewitch,48,269729,1506715389,comics & graphic novels;the dark side;funny stuff;for art lovers;rather short,2020
Notes On A Silencing: A Memoir,Lacy Crawford,400,792639,0316491551,staff picks;nonfiction;biography & memoir;book club ideas;eye-opening reads,2020
Obit,Victoria Chang,120,165952,1556595743,"short stories, essays & poetry;eye-opening reads;family matters;the dark side",2020
Once I Was You: A Memoir Of Love And Hate In A Torn America,Maria Hinojosa,352,1174294,1982128658,staff picks;nonfiction;biography & memoir;book club ideas;eye-opening reads;identity & culture;the states we’re in,2020
One Life,Megan Rapinoe and Emma Brockes,240,338395,1984881167,staff picks;biography & memoir;for sports lovers;identity & culture;nonfiction,2020
One Night Two Souls Went Walking,Ellen Cooney,216,847417,1566895979,realistic fiction;book club ideas;seriously great writing,2020
One To Watch: A Novel,Kate Stayman-London,432,573792,0525510443,staff picks;realistic fiction;no biz like show biz;identity & culture;love & romance,2020
Ottolenghi Flavor: A Cookbook,Yotam Ottolenghi and Ixta Belfrage,320,16245,0399581758,cookbooks & food,2020
Outside In,"Deborah Underwood, illustrated by Cindy Derby",40,7319,1328866823,kids’ books;science!;eye-opening reads,2020
Overstated: A Coast-to-Coast Roast Of The 50 States,Colin Quinn,256,565530,1250268443,"staff picks;for history lovers;funny stuff;identity & culture;the states we’re in;short stories, essays & poetry",2020
Owls Of The Eastern Ice: A Quest To Find And Save The World's Largest Owl,Jonathan C. Slaght,368,579988,0374228485,nonfiction;eye-opening reads;science!;seriously great writing;tales from around the world;it’s all geek to me,2020
Party Of Two,Jasmine Guillory,352,157143,0593100824,staff picks;identity & culture;let’s talk about sex;love & romance;the states we’re in;realistic fiction,2020
Perestroika In Paris: A Novel,Jane Smiley,288,979390,052552035X,"sci fi, fantasy & speculative fiction;family matters;tales from around the world",2020
Pie Academy: Master The Perfect Crust And 255 Amazing Fillings,Ken Haedrich,480,110473,163586111X,cookbooks & food;it’s all geek to me,2020
Piranesi,Susanna Clarke,272,27159,163557563X,"staff picks;sci fi, fantasy & speculative fiction;mysteries & thrillers;book club ideas;seriously great writing",2020
Pizza Girl: A Novel,Jean Kyoung Frazier,208,107527,038554572X,staff picks;funny stuff;rather short;realistic fiction,2020
Planet Omar: Accidental Trouble Magnet,"Zanib Mian, illustrated by Nasaya Mafaridik",224,206773,059310921X,kids’ books;funny stuff;identity & culture;tales from around the world,2020
Political Sign (Object Lessons),Tobias Carroll,192,709791,1501358103,nonfiction;the states we’re in;for history lovers;rather short;it’s all geek to me;for art lovers,2020
Postcolonial Love Poem,Natalie Diaz,80,60561,1644450143,"short stories, essays & poetry;family matters;identity & culture;love & romance;seriously great writing;the states we’re in;nonfiction",2020
Prairie Lotus,Linda Sue Park,272,318088,132878150X,kids’ books;historical fiction;family matters;identity & culture;the states we’re in,2020
Processed Cheese: A Novel,Stephen Wright,400,1965015,0316043370,"sci fi, fantasy & speculative fiction;funny stuff;seriously great writing;the dark side;the states we’re in",2020
Quick & Delicious: 100 Recipes To Cook In 30 Minutes Or Less,Gordon Ramsay,256,10192,1538719339,cookbooks & food,2020
Race Against Time: A Reporter Reopens The Unsolved Murder Cases Of The Civil Rights Era,Jerry Mitchell,432,754309,1451645139,staff picks;nonfiction;biography & memoir;for history lovers;identity & culture;the states we’re in,2020
Race For Profit: How Banks And The Real Estate Industry Undermined Black Homeownership,Keeanga-Yamahtta Taylor,368,1096541,1469653664,nonfiction;eye-opening reads;for history lovers;the states we’re in;staff picks,2020
Raybearer,Jordan Ifueko,368,630815,1419739824,"staff picks;sci fi, fantasy & speculative fiction;family matters;young adult",2020
Real Life: A Novel,Brandon Taylor,336,1279526,0525538887,realistic fiction;book club ideas;identity & culture;staff picks,2020
Recipe For Persuasion: A Novel,Sonali Dev,448,388989,0062839071,staff picks;identity & culture;love & romance;realistic fiction;rather long,2020
Red Pill: A Novel,Hari Kunzru,304,319207,0451493710,realistic fiction;seriously great writing;tales from around the world;the dark side,2020
Remembrance,Rita Woods,416,2118130,1250298458,"for history lovers;book club ideas;identity & culture;family matters;sci fi, fantasy & speculative fiction",2020
Ring Shout,P. Djèlí Clark,192,17427,1250767024,"staff picks;sci fi, fantasy & speculative fiction;identity & culture;the dark side;book club ideas;rather short",2020
Riot Baby,Tochi Onyebuchi,176,550286,1250214750,"sci fi, fantasy & speculative fiction;book club ideas;family matters;identity & culture;the dark side;the states we’re in;rather short",2020
Roadside Americans: The Rise And Fall Of Hitchhiking In A Changing Nation,Jack Reid,264,2339626,1469655004,staff picks;nonfiction;the states we’re in;for history lovers;it’s all geek to me,2020
Rodham: A Novel,Curtis Sittenfeld,432,550861,0399590919,staff picks;realistic fiction;the states we’re in;book club ideas,2020
Run Me To Earth,Paul Yoon,272,836716,1501154044,historical fiction;seriously great writing;family matters;book club ideas;tales from around the world,2020
Runaway: New Poems,Jorie Graham,96,1560899,0063036703,"short stories, essays & poetry;family matters;seriously great writing;the states we’re in;the dark side",2020
Rural Voices: 15 Authors Challenge Assumptions About Small-Town America,Nora Shalaway Carpenter,336,2334353,1536212105,"young adult;identity & culture;the states we’re in;short stories, essays & poetry",2020
Rust Belt Femme,Raechel Anne Jolie,150,2366663,1948742632,nonfiction;biography & memoir;identity & culture;for music lovers;rather short,2020
Rust: A Memoir Of Steel And Grit,Eliese Goldbach,320,196537,1250239400,staff picks;nonfiction;biography & memoir;book club ideas;eye-opening reads;the states we’re in,2020
Scorpionfish,Natalie Bakopoulos,,,,staff picks;realistic fiction;tales from around the world,2020
See You On Sunday: A Cookbook For Family And Friends,Sam Sifton,384,93800,1400069920,cookbooks & food;family matters,2020
Seeing The Body,Rachel Eliza Griffiths,144,2278861,1324005661,"short stories, essays & poetry;family matters;seriously great writing;nonfiction",2020
Sex And Vanity: A Novel,Kevin Kwan,336,309760,0385546270,staff picks;realistic fiction;love & romance;identity & culture;family matters,2020
"Sexual Citizens: A Landmark Study Of Sex, Power, And Assault On Campus",Jennifer S. Hirsch and Shamus Khan,432,775319,1324001704,staff picks;nonfiction;the states we’re in;let’s talk about sex;eye-opening reads,2020
Shiner: A Novel,Amy Jo Burns,272,977492,0525533648,realistic fiction;book club ideas;identity & culture;family matters;the states we’re in;seriously great writing,2020
"Shit, Actually: The Definitive, 100% Objective Guide To Modern Cinema",Lindy West,272,819445,0316449822,"staff picks;funny stuff;it’s all geek to me;no biz like show biz;short stories, essays & poetry",2020
Show Me A Sign,Ann Clare LeZotte,288,409026,1338255819,kids’ books;family matters;for history lovers;identity & culture;science!;the states we’re in;eye-opening reads,2020
Shuggie Bain: A Novel,Douglas Stuart,448,216618,0802148042,staff picks;book club ideas;identity & culture;realistic fiction;family matters;seriously great writing;tales from around the world,2020
Simply: Easy Everyday Dishes,Sabrina Ghayour,240,415084,1784727032,cookbooks & food,2020
Sisters In Hate: American Women On The Front Lines Of White Nationalism,Seyward Darby,320,1097369,0316487775,staff picks;nonfiction;biography & memoir;identity & culture;the states we’re in;eye-opening reads;book club ideas;the dark side,2020
Sisters Of The War: Two Remarkable True Stories Of Survival And Hope In Syria,Rania Abouzeid,288,2037502,1338551124,staff picks;young adult;kids’ books;nonfiction;tales from around the world;family matters,2020
Sisters: A Novel,Daisy Johnson,224,1642130,0593188950,staff picks;mysteries & thrillers;family matters;seriously great writing;the dark side;tales from around the world,2020
Slippery Creatures,KJ Charles,262,82979,1912688166,staff picks;mysteries & thrillers;historical fiction;love & romance;let’s talk about sex,2020
Snail Crossing,Corey R. Tabor,40,103063,006287800X,kids’ books;funny stuff,2020
Snapped,Alexa Martin,352,957420,0593102509,staff picks;realistic fiction;for sports lovers;identity & culture;love & romance;let’s talk about sex;the states we’re in,2020
So We Can Glow: Stories,Leesa Cross-Smith,256,2653757,1538715333,"staff picks;realistic fiction;short stories, essays & poetry;family matters;identity & culture;let’s talk about sex;the states we’re in",2020
Solutions And Other Problems,Allie Brosh,528,78733,1982156945,staff picks;biography & memoir;comics & graphic novels;funny stuff;rather long;nonfiction;family matters,2020
Something That May Shock And Discredit You,Daniel M. Lavery,256,1111937,1982105224,"staff picks;nonfiction;biography & memoir;short stories, essays & poetry;book club ideas;funny stuff;identity & culture;seriously great writing",2020
Something To Talk About,Meryl Wilsner,336,82669,0593102525,funny stuff;let’s talk about sex;love & romance;no biz like show biz;realistic fiction,2020
Sports Is Hell,Ben Passmore,60,5587406,1927668751,comics & graphic novels;eye-opening reads;the states we’re in;identity & culture;for sports lovers;the dark side;rather short,2020
"Stamped: Racism, Antiracism, And You",Jason Reynolds and Ibram X. Kendi,320,30348,0316453692,staff picks;young adult;the states we’re in;eye-opening reads;for history lovers;identity & culture;nonfiction,2020
Such A Fun Age,Kiley Reid,320,169692,052554190X,realistic fiction;book club ideas;family matters;identity & culture;staff picks,2020
Summer: A Novel,Ali Smith,400,1580075,1101870796,realistic fiction;family matters;for art lovers;tales from around the world,2020
Super Fake Love Song,David Yoon,368,2405035,1984812238,staff picks;young adult;for music lovers;it’s all geek to me;love & romance,2020
Survivor Song: A Novel,Paul Tremblay,320,563643,0062679163,"mysteries & thrillers;sci fi, fantasy & speculative fiction;the dark side",2020
Swimming In The Dark: A Novel,Tomasz Jedrowski,208,622855,006289000X,staff picks;historical fiction;book club ideas;for history lovers;identity & culture;tales from around the world;love & romance;rather short,2020
"Take A Hint, Dani Brown: A Novel",Talia Hibbert,400,101101,0062941232,staff picks;realistic fiction;let’s talk about sex;love & romance;tales from around the world;for sports lovers,2020
Temporary,Hilary Leichter,208,328075,1566895669,book club ideas;funny stuff;rather short,2020
Ten Ways To Hear Snow,"Cathy Camper, illustrated by Kenard Pak",32,67200,0399186336,staff picks;kids’ books;family matters;eye-opening reads,2020
Tender Is The Flesh,"Agustina Bazterrica, translated by Sarah Moses",240,1346,1982150920,"sci fi, fantasy & speculative fiction;tales from around the world;the dark side",2020
The Age Of Phillis,Honorée Fanonne Jeffers,232,1524965,0819579491,"nonfiction;biography & memoir;short stories, essays & poetry;for history lovers;identity & culture;the states we’re in",2020
The Apple Lover's Cookbook: Revised And Updated,Amy Traverso,336,812730,0393540707,staff picks;cookbooks & food,2020
The Autobiography Of Alice B. Toklas Illustrated,"Gertrude Stein, illustrated by Maira Kalman",320,117990,1594204608,biography & memoir;nonfiction;for art lovers;for history lovers;tales from around the world;identity & culture,2020
The Barren Grounds: The Misewa Saga,David A. Robertson,256,811277,0735266107,"kids’ books;sci fi, fantasy & speculative fiction;identity & culture",2020
The Blue House,Phoebe Wahl,40,65225,198489336X,kids’ books;family matters,2020
The Boatman's Daughter: A Novel,Andy Davidson,416,603644,0374538557,"sci fi, fantasy & speculative fiction;the dark side;seriously great writing;the states we’re in",2020
The Book Collectors: A Band Of Syrian Rebels And The Stories That Carried Them Through A War,"Delphine Minoui, translated by Lara Vergnaud",208,788829,0374115168,tales from around the world;rather short;eye-opening reads;nonfiction,2020
The Book Of Atlantis Black: The Search For A Sister Gone Missing,Betsy Bonner,280,1973763,1947793772,nonfiction;biography & memoir;family matters;book club ideas,2020
The Book Of V.: A Novel,Anna Solomon,320,1195145,1250257018,book club ideas;historical fiction,2020
The Boyfriend Project,Farrah Rochon,356,152673,1538716623,love & romance;let’s talk about sex;funny stuff;realistic fiction,2020
The Cactus League: A Novel,Emily Nemens,288,664133,0374117942,"realistic fiction;for sports lovers;the states we’re in;short stories, essays & poetry",2020
The Care and Feeding Of Waspish Widows,Olivia Waite,416,176277,0062931822,historical fiction;love & romance;let’s talk about sex;seriously great writing;for history lovers,2020
The Chiffon Trenches: A Memoir,André Leon Talley,304,232148,0593129253,staff picks;nonfiction;biography & memoir;identity & culture;no biz like show biz;for art lovers,2020
The City We Became: A Novel,N.K. Jemisin,448,216579,0316509841,"staff picks;sci fi, fantasy & speculative fiction;book club ideas;identity & culture;the states we’re in;rather long",2020
The Daughters Of Ys,"M.T. Anderson, illustrated by Jo Rioux",208,549145,162672878X,"comics & graphic novels;young adult;seriously great writing;sci fi, fantasy & speculative fiction;tales from around the world;for art lovers;rather short",2020
The Dead Are Arising: The Life Of Malcolm X,Les Payne and Tamara Payne,640,262841,1631491660,nonfiction;biography & memoir;for history lovers;identity & culture;seriously great writing;eye-opening reads;rather long;book club ideas,2020
The Death Of Vivek Oji: A Novel,Akwaeke Emezi,256,604741,0525541608,staff picks;realistic fiction;book club ideas;seriously great writing;identity & culture;tales from around the world,2020
"The Deepest South Of All: True Stories From Natchez, Mississippi",Richard Grant,288,1133273,1501177826,staff picks;nonfiction;for history lovers;identity & culture;the states we’re in;book club ideas,2020
The Empress Of Salt And Fortune,Nghi Vo,128,208662,125075030X,"rather short;sci fi, fantasy & speculative fiction;seriously great writing;book club ideas",2020
The Faithless Hawk,Margaret Owen,400,967003,1250191947,"staff picks;sci fi, fantasy & speculative fiction;the dark side;love & romance;seriously great writing",2020
The Freedom Artist,Ben Okri,336,2516937,1617757926,"sci fi, fantasy & speculative fiction;book club ideas;eye-opening reads;identity & culture;the dark side",2020
"The Full Plate: Flavor-Filled, Easy Recipes For Families With No Time And A Lot To Do",Ayesha Curry,256,124028,0316496170,cookbooks & food;family matters,2020
The Glass Hotel: A Novel,Emily St. John Mandel,320,202048,0525521143,realistic fiction;book club ideas;family matters;seriously great writing;the dark side,2020
The Heap: A Novel,Sean Adams,320,2048145,0062957759,"sci fi, fantasy & speculative fiction;the dark side;seriously great writing;the states we’re in",2020
The Hidden Girl And Other Stories,Ken Liu,432,1252518,1982134038,"sci fi, fantasy & speculative fiction;short stories, essays & poetry",2020
The Human Cosmos: Civilization And The Stars,Jo Marchant,400,617663,0593183010,nonfiction;eye-opening reads;for history lovers;science!,2020
The Invisible Life Of Addie LaRue,V.E. Schwab,448,5181,0765387565,"sci fi, fantasy & speculative fiction;for art lovers;for history lovers;rather long",2020
The Jakarta Method: Washington's Anticommunist Crusade And The Mass Murder Program That Shaped Our World,Vincent Bevins,320,942710,1541742400,staff picks;nonfiction;eye-opening reads;for history lovers;tales from around the world;the states we’re in;the dark side,2020
"The Journeys Of Trees: A Story About Forests, People, And The Future",Zach St. George,256,1772624,1324001607,staff picks;science!;nonfiction;eye-opening reads;for history lovers;tales from around the world,2020
The Last Emperox,John Scalzi,320,772332,0765389169,"staff picks;sci fi, fantasy & speculative fiction;funny stuff",2020
The Last Million: Europe's Displaced Persons From World War To Cold War,David Nasaw,672,759974,1594206732,staff picks;nonfiction;tales from around the world;for history lovers;eye-opening reads;rather long,2020
The Lights And Types Of Ships At Night,"Dave Eggers, illustrated by Annie Dills",32,465504,1952119073,nonfiction;kids’ books;for art lovers;the dark side;it’s all geek to me,2020
The List Of Things That Will Not Change,Rebecca Stead,224,272482,1101938099,kids’ books;family matters;staff picks,2020
"The Look Of The Book: Jackets, Covers, And Art At The Edges Of Literature",Peter Mendelsund and David J. Alworth,292,295848,0399581022,staff picks;nonfiction;for art lovers;it’s all geek to me,2020
The Lost Book Of Adana Moreau: A Novel,Michael Zapata,272,391354,1335010122,"book club ideas;seriously great writing;sci fi, fantasy & speculative fiction;family matters",2020
The Lying Life Of Adults,"Elena Ferrante, translated by Ann Goldstein",324,989145,1609455916,staff picks;realistic fiction;seriously great writing;tales from around the world,2020
The Malevolent Volume,Justin Phillip Reed,104,1769468,1566895766,"short stories, essays & poetry;for art lovers;for music lovers;identity & culture;seriously great writing;the states we’re in;staff picks;the dark side",2020
The Meaning Of Mariah Carey,Mariah Carey with Michaela Angela Davis,368,105375,1250164680,biography & memoir;nonfiction;for music lovers;identity & culture;staff picks,2020
"The Mermaid, The Witch, And The Sea",Maggie Tokuda-Hall,368,347046,1536204315,"young adult;sci fi, fantasy & speculative fiction;love & romance",2020
The Midnight Bargain,C.L. Polk,384,1346340,1645660079,"sci fi, fantasy & speculative fiction;love & romance;seriously great writing",2020
The Mirror & The Light,Hilary Mantel,784,419455,0805096604,historical fiction;for history lovers;seriously great writing;the dark side;rather long;staff picks,2020
The Missing American,Kwei Quartey,432,1727675,1641290706,staff picks;realistic fiction;mysteries & thrillers;love & romance;tales from around the world;the dark side,2020
The Most Beautiful Thing,"Kao Kalia Yang, illustrated by Khoa Le",32,305589,1541561910,nonfiction;biography & memoir;kids’ books;family matters;identity & culture;the states we’re in;tales from around the world,2020
The Mountains Sing,Nguyễn Phan Quế Mai,352,198731,161620818X,staff picks;historical fiction;realistic fiction;book club ideas;family matters;for history lovers;seriously great writing;tales from around the world,2020
"The New Map: Energy, Climate And The Clash Of Nations",Daniel Yergin,512,72797,1594206430,staff picks;nonfiction;tales from around the world;it’s all geek to me;rather long;science!,2020
The New Wilderness,Diane Cook,416,252903,0062333135,"staff picks;sci fi, fantasy & speculative fiction;book club ideas;the dark side;family matters;seriously great writing",2020
The Night Watchman,Louise Erdrich,464,59971,0062671189,staff picks;realistic fiction;identity & culture;for history lovers;historical fiction;the states we’re in;rather long,2020
The Old Truck,Jerome Pumphrey and Jarrett Pumphrey,48,93825,132400519X,kids’ books;family matters,2020
The Once And Future Witches,Alix E. Harrow,528,83101,0316422045,"seriously great writing;family matters;book club ideas;sci fi, fantasy & speculative fiction;rather long",2020
The Only Good Indians,Stephen Graham Jones,320,247370,1982136456,"staff picks;sci fi, fantasy & speculative fiction;identity & culture;the dark side;mysteries & thrillers",2020
The Other Bennet Sister: A Novel,Janice Hadlow,480,858535,1250129419,staff picks;historical fiction;book club ideas;love & romance;rather long;family matters,2020
The Paper Kingdom,"Helena Ku Rhee, illustrated by Pascal Campion",40,207340,052564461X,staff picks;kids’ books;family matters,2020
The Plain Janes,Cecil Castellucci and Jim Rugg,496,1327372,0316522813,comics & graphic novels;young adult;for art lovers;rather long,2020
The Pull Of The Stars: A Novel,Emma Donoghue,304,1019797,0316499013,staff picks;historical fiction;book club ideas;family matters;tales from around the world;the dark side,2020
The Rakess,Scarlett Peckham,400,1773771,0062935615,historical fiction;love & romance;let’s talk about sex,2020
The Redshirt: A Novel,Corey Sobel,328,3087685,081318021X,realistic fiction;book club ideas;for sports lovers;identity & culture;seriously great writing;the states we’re in,2020
The Regrets,Amy Bonnaffons,304,650920,0316516163,"sci fi, fantasy & speculative fiction;let’s talk about sex;love & romance;seriously great writing;the states we’re in",2020
The Riches Of This Land,Jim Tankersley,320,1754773,1541767837,staff picks;nonfiction;the states we’re in;for history lovers;eye-opening reads;identity & culture,2020
The Roommate,Rosie Danan,336,83052,059310160X,staff picks;realistic fiction;let’s talk about sex;love & romance;no biz like show biz,2020
The Searcher: A Novel,Tana French,464,139495,073522465X,realistic fiction;mysteries & thrillers;tales from around the world;the dark side;staff picks;rather long,2020
The Shadow King,Maaza Mengiste,448,604654,0393358518,identity & culture;for history lovers;the dark side;rather long;historical fiction;tales from around the world;seriously great writing;book club ideas,2020
The Socrates Express: In Search Of Life Lessons From Dead Philosophers,Eric Weiner,352,303159,1501129015,"nonfiction;for history lovers;short stories, essays & poetry;biography & memoir;tales from around the world",2020
The Space Between Worlds,Micaiah Johnson,336,415379,0593135059,"seriously great writing;sci fi, fantasy & speculative fiction;mysteries & thrillers;family matters",2020
"The Splendid And The Vile: A Saga Of Churchill, Family, And Defiance During The Blitz",Erik Larson,608,17735,0385348711,nonfiction;book club ideas;eye-opening reads;for history lovers;seriously great writing;tales from around the world;the dark side;family matters;rather long,2020
The Sprawl: Reconsidering The Weird American Suburbs,Jason Diamond,256,2083851,1566895820,nonfiction;the states we’re in;family matters;book club ideas,2020
"The Talk: Conversations About Race, Love & Truth",Wade Hudson and Cheryl Willis Hudson (editors),160,1958766,0593121619,"nonfiction;kids’ books;short stories, essays & poetry;identity & culture;eye-opening reads;family matters;young adult",2020
The Things They Fancied,Molly Young,,,,nonfiction;for history lovers;it’s all geek to me;identity & culture;funny stuff;rather short,2020
The Undocumented Americans,Karla Cornejo Villavicencio,208,125958,0399592687,staff picks;nonfiction;identity & culture;the states we’re in;eye-opening reads;book club ideas;rather short;biography & memoir,2020
The Vanishing Half: A Novel,Brit Bennett,352,74209,0525536299,realistic fiction;identity & culture;family matters;historical fiction;staff picks;the states we’re in,2020
The Voyage Of The Morning Light: A Novel,Marina Endicott,400,2722672,1324007060,historical fiction;family matters;seriously great writing;book club ideas;tales from around the world,2020
The Wax Pack: On The Open Road In Search Of Baseball's Afterlife,Brad Balukjian,280,159871,1496218744,staff picks;nonfiction;for sports lovers;for history lovers;the states we’re in,2020
The Women In Black: A Novel,Madeleine St. John,224,208476,1982134089,staff picks;book club ideas;seriously great writing;tales from around the world;historical fiction,2020
The Worst Best Man,Mia Sosa,368,770171,0062909878,staff picks;realistic fiction;family matters;let’s talk about sex;love & romance,2020
They Went Left,Monica Hesse,384,1093183,0316490571,staff picks;historical fiction;young adult;for history lovers,2020
Thin Places: Essays From In Between,Jordan Kisner,272,2171304,0374274649,"biography & memoir;short stories, essays & poetry;eye-opening reads;identity & culture;nonfiction;seriously great writing;the states we’re in",2020
This Is My America,Kim Johnson,416,1004724,0593118766,staff picks;realistic fiction;young adult;identity & culture;family matters;mysteries & thrillers,2020
This Is One Way To Dance: Essays,Sejal Shah,200,1420579,0820357235,"short stories, essays & poetry;identity & culture;seriously great writing;biography & memoir;nonfiction;the states we’re in",2020
"To Calais, In Ordinary Time",James Meek,400,2486498,1786896745,staff picks;historical fiction;tales from around the world;for history lovers,2020
Tokyo Ueno Station: A Novel,"Yu Miri, translated by Morgan Giles",192,1364685,0593088026,"sci fi, fantasy & speculative fiction;seriously great writing;tales from around the world;the dark side;rather short",2020
Tomboyland: Essays,Melissa Faliveno,267,1657787,1542014182,"nonfiction;biography & memoir;short stories, essays & poetry;book club ideas;family matters;identity & culture;seriously great writing;the states we’re in",2020
Transcendent Kingdom: A Novel,Yaa Gyasi,288,378957,0525658181,staff picks;realistic fiction;book club ideas;family matters;identity & culture;science!;seriously great writing,2020
Trouble The Saints: A Novel,Alaya Dawn Johnson,352,2700712,1250175348,"staff picks;sci fi, fantasy & speculative fiction;identity & culture;for history lovers;the dark side;book club ideas",2020
Twins,"Varian Johnson, illustrated by Shannon Wright",256,42139,133823613X,comics & graphic novels;kids’ books;family matters,2020
Uncanny Valley: A Memoir,Anna Wiener,288,822679,0374278016,staff picks;nonfiction;biography & memoir;book club ideas;eye-opening reads;identity & culture;it’s all geek to me,2020
"Unspeakable Acts: True Tales Of Crime, Murder, Deceit, And Obsession",Sarah Weinman (editor),416,1467918,0062839888,nonfiction;book club ideas;the dark side;the states we’re in;eye-opening reads,2020
Unworthy Republic: The Dispossession Of Native Americans And The Road To Indian Territory,Claudio Saunt,416,928824,0393609847,nonfiction;eye-opening reads;the states we’re in;for history lovers,2020
"Up All Night: Ted Turner, CNN, And The Birth Of 24-Hour News",Lisa Napoli,320,1849955,1419743066,staff picks;nonfiction;for history lovers;no biz like show biz,2020
Upright Women Wanted,Sarah Gailey,176,229727,1250213584,"rather short;identity & culture;sci fi, fantasy & speculative fiction",2020
Utopia Avenue: A Novel,David Mitchell,,,,staff picks;historical fiction;for music lovers;tales from around the world;rather long,2020
Vesper Flights,Helen Macdonald,288,319730,0802128815,"staff picks;nonfiction;short stories, essays & poetry;book club ideas;eye-opening reads;science!;seriously great writing;tales from around the world",2020
Wagnerism: Art And Politics In The Shadow Of Music,Alex Ross,784,614970,0374285934,staff picks;nonfiction;eye-opening reads;for art lovers;for music lovers;for history lovers;rather long,2020
Want: A Novel,Lynn Steger Strong,224,1507308,1250247543,realistic fiction;book club ideas;family matters;the states we’re in,2020
We Are Water Protectors,"Carole Lindstrom, illustrated by Michaela Goade",40,4481,1250203554,kids’ books;nonfiction;identity & culture;for art lovers;eye-opening reads,2020
We Ride Upon Sticks: A Novel,Quan Barry,384,1110710,1524748099,"staff picks;funny stuff;for sports lovers;the dark side;sci fi, fantasy & speculative fiction",2020
Weather: A Novel,Jenny Offill,224,561875,0385351100,staff picks;realistic fiction;book club ideas;eye-opening reads;seriously great writing,2020
What Are You Going Through: A Novel,Sigrid Nunez,224,591446,0593191412,staff picks;realistic fiction;book club ideas;seriously great writing,2020
What Can A Body Do?: How We Meet The Built World,Sara Hendren,240,156136,073522000X,nonfiction;eye-opening reads;identity & culture;staff picks,2020
When No One Is Watching: A Thriller,Alyssa Cole,368,20637,0062982656,staff picks;mysteries & thrillers;book club ideas;the dark side;the states we’re in,2020
When Stars Are Scattered,"Victoria Jamieson and Omar Mohamed, illustrated by Iman Geddy",264,8527,0525553908,family matters;comics & graphic novels;identity & culture;eye-opening reads;tales from around the world;kids’ books,2020
"When The Light Of The World Was Subdued, Our Songs Came Through: A Norton Anthology Of Native Nations Poetry","Joy Harjo (editor) with LeAnne Howe, Jennifer Elise Foerster and contributing editors",496,105185,0393356809,"eye-opening reads;short stories, essays & poetry;staff picks;the states we’re in;seriously great writing",2020
Where The Wild Ladies Are,"Aoko Matsuda, translated by Polly Barton",288,935844,1593766904,"sci fi, fantasy & speculative fiction;short stories, essays & poetry;tales from around the world;the dark side",2020
Where Things Touch: A Meditation On Beauty,Bahar Orang,,,,"nonfiction;short stories, essays & poetry;book club ideas;seriously great writing",2020
Whistleblower: My Journey To Silicon Valley And Fight For Justice At Uber,Susan Fowler,272,1422270,0525560122,staff picks;biography & memoir;nonfiction;identity & culture,2020
"Why Fish Don't Exist: A Story Of Loss, Love, And The Hidden Order Of Life",Lulu Miller,240,617484,1501160273,staff picks;nonfiction;biography & memoir;book club ideas;eye-opening reads;mysteries & thrillers;science!;seriously great writing,2020
Why We Swim,Bonnie Tsui,288,193052,1616207868,nonfiction;biography & memoir;for sports lovers;tales from around the world;staff picks;it’s all geek to me,2020
Wink,Rob Harrell,320,230076,1984815148,kids’ books;eye-opening reads;funny stuff;for music lovers,2020
Winter Counts: A Novel,David Heska Wanbli Weiden,352,623640,0062968955,mysteries & thrillers;identity & culture;the states we’re in;the dark side,2020
Wintering: The Power Of Rest And Retreat In Difficult Times,Katherine May,256,12945,0593189485,nonfiction;biography & memoir;eye-opening reads;book club ideas;seriously great writing,2020
Wonder Woman: Dead Earth,Daniel Warren Johnson with Mike Spicer,200,26040,1779502613,"staff picks;comics & graphic novels;the dark side;rather short;sci fi, fantasy & speculative fiction",2020
"World Of Wonders: In Praise Of Fireflies, Whale Sharks, And Other Astonishments","Aimee Nezhukumatathil, illustrated by Fumi Nakamura",184,16692,1571313656,"nonfiction;biography & memoir;book club ideas;short stories, essays & poetry;family matters;identity & culture;science!;seriously great writing;the states we’re in;for art lovers",2020
"Wow, No Thank You.: Essays",Samantha Irby,336,191531,0525563482,"nonfiction;biography & memoir;short stories, essays & poetry;funny stuff;identity & culture;book club ideas",2020
Writers & Lovers: A Novel,Lily King,320,319382,0802148530,realistic fiction;book club ideas;seriously great writing;love & romance,2020
X+Y: A Mathematician's Manifesto For Rethinking Gender,Eugenia Cheng,288,1217682,1541646509,staff picks;nonfiction;eye-opening reads;identity & culture;science!,2020
Year Of The Rabbit,Tian Veasna,380,1126253,1770463763,biography & memoir;book club ideas;comics & graphic novels;eye-opening reads;family matters;for history lovers;nonfiction;tales from around the world,2020
"Yellow Bird: Oil, Murder, And A Woman's Search For Justice In Indian Country",Sierra Crane Murdoch,400,439284,0399589155,nonfiction;biography & memoir;book club ideas;eye-opening reads;for history lovers;identity & culture;seriously great writing;the states we’re in,2020
You Deserve Each Other,Sarah Hogle,384,10584,0593085426,funny stuff;love & romance;family matters;realistic fiction,2020
You Matter,Christian Robinson,40,24138,1534421696,kids’ books,2020
You Never Forget Your First: A Biography Of George Washington,Alexis Coe,304,815756,0735224102,staff picks;nonfiction;biography & memoir;for history lovers;eye-opening reads;the states we’re in;funny stuff,2020
You Want More: Selected Stories Of George Singleton,George Singleton,368,1293000,193823569X,"short stories, essays & poetry;book club ideas;funny stuff;seriously great writing;the states we’re in;identity & culture",2020
A Calling for Charlie Barnes: A Novel,Joshua Ferris,352,1638641,0316333530,book club ideas;family matters;funny stuff;seriously great writing;the states we’re in;realistic fiction,2021
A Fatal Thing Happened on the Way to the Forum: Murder in Ancient Rome,Emma Southon,352,1048263,1419753053,nonfiction;eye-opening reads;for history lovers;the dark side;staff picks,2021
A Ghost in the Throat,Doireann N&iacute; Ghr&iacute;ofa,326,3729479,1916434266,biography & memoir;family matters;let’s talk about sex;tales from around the world;staff picks;nonfiction;seriously great writing,2021
A Little Devil in America: Notes in Praise of Black Performance,Hanif Abdurraqib,320,474680,1984801198,"biography & memoir;eye-opening reads;for music lovers;identity & culture;no biz like show biz;nonfiction;seriously great writing;short stories, essays & poetry;the states we’re in",2021
A Lot Like Adiós,Alexis Daria,416,135342,0062959964,love & romance;identity & culture;let’s talk about sex;staff picks,2021
A Marvellous Light,Freya Marske,384,1635298,1250788870,"sci fi, fantasy & speculative fiction;love & romance;historical fiction;let’s talk about sex",2021
A Most Remarkable Creature: The Hidden Life and Epic Journey of the World's Smartest Birds of Prey,Jonathan Meiburg,384,296846,1101875704,eye-opening reads;nonfiction;science!;seriously great writing;tales from around the world,2021
A Passage North: A Novel,Anuk Arudpragasam,304,3157104,0593230701,staff picks;tales from around the world;realistic fiction;seriously great writing;book club ideas,2021
A Psalm for the Wild-Built: A Monk and Robot Book,Becky Chambers,160,6166,1250236215,"sci fi, fantasy & speculative fiction;rather short;staff picks;it’s all geek to me",2021
A Singing Army: Zilphia Horton and the Highlander Folk School,Kim Ruehl,320,1805916,1477318259,nonfiction;biography & memoir;for history lovers;for music lovers;seriously great writing;the states we’re in,2021
A Slow Fire Burning,Paula Hawkins,320,130288,073521123X,mysteries & thrillers;the dark side;staff picks,2021
A Spindle Splintered,Alix E. Harrow,128,442542,1250765358,"sci fi, fantasy & speculative fiction;the dark side;rather short",2021
"A Swim in a Pond in the Rain: In Which Four Russians Give a Master Class on Writing, Reading, and Life",George Saunders,432,128057,1984856022,"nonfiction;short stories, essays & poetry;seriously great writing;staff picks;tales from around the world",2021
A Thousand Ships,Natalie Haynes,368,760494,0063065398,staff picks;historical fiction;book club ideas;tales from around the world;seriously great writing,2021
A Thousand Times You Lose Your Treasure,Hoa Nguyen,144,8028857,1950268187,"short stories, essays & poetry;staff picks;family matters;nonfiction;seriously great writing",2021
A Town Called Solace,Mary Lawson,304,1026859,0735281270,mysteries & thrillers;staff picks;family matters;seriously great writing,2021
Abundance: A Novel,Jakob Guanzon,328,592796,1644450461,family matters;staff picks;realistic fiction;seriously great writing;the states we’re in;book club ideas,2021
Accidentally Engaged,Farah Heron,367,345757,1538734982,love & romance;let’s talk about sex;staff picks,2021
"Act Your Age, Eve Brown: A Novel",Talia Hibbert,400,120609,0062941275,let’s talk about sex;love & romance;staff picks,2021
Afterparties: Stories,Anthony Veasna So,272,562770,0063049902,"short stories, essays & poetry;identity & culture;realistic fiction;the states we’re in;family matters",2021
Aftershocks: A Memoir,Nadia Owusu,320,1059506,1982111232,nonfiction;book club ideas;eye-opening reads;family matters;identity & culture;seriously great writing;tales from around the world;biography & memoir,2021
Against Silence: Poems,Frank Bidart,80,1543612,0374603510,"family matters;identity & culture;seriously great writing;the dark side;short stories, essays & poetry",2021
Against White Feminism: Notes on Disruption,Rafia Zakaria,256,680055,1324006617,eye-opening reads;identity & culture;nonfiction;book club ideas;seriously great writing,2021
"All That She Carried: The Journey of Ashley's Sack, a Black Family Keepsake",Tiya Miles,416,116268,1984854992,nonfiction;biography & memoir;family matters;identity & culture;staff picks;seriously great writing;book club ideas;for history lovers,2021
All the Feels: A Novel,Olivia Dade,416,274614,0063005581,staff picks;realistic fiction;love & romance;no biz like show biz;it’s all geek to me,2021
Alone in Space: A Collection,Tillie Walden,320,864734,1910395587,"comics & graphic novels;identity & culture;sci fi, fantasy & speculative fiction",2021
Amari and the Night Brothers,B.B. Alston,416,125879,0062975161,"sci fi, fantasy & speculative fiction;kids’ books;staff picks;family matters",2021
"America, My Love, America, My Heart",Daria Peoples-Riley,40,1599905,0062993291,identity & culture;the states we’re in;kids’ books;love & romance,2021
"American Baby: A Mother, a Child, and the Shadow History of Adoption",Gabrielle Glaser,352,688690,0735224684,nonfiction;biography & memoir;staff picks;family matters;the states we’re in;for history lovers;book club ideas,2021
American Delirium: A Novel,"Betina Gonz&aacute;lez, translated by Heather Cleary",224,4273136,1250621283,let’s talk about sex;seriously great writing;the dark side;the states we’re in;staff picks;realistic fiction,2021
Amoralman: A True Story and Other Lies,Derek DelGaudio,304,3098030,0593295382,nonfiction;eye-opening reads;staff picks;no biz like show biz;it’s all geek to me,2021
Appleseed: A Novel,Matt Bell,480,1524497,006304014X,"sci fi, fantasy & speculative fiction;the dark side;rather long;science!;the states we’re in",2021
"Baking with Dorie: Sweet, Salty & Simple",Dorie Greenspan,400,46086,035822358X,cookbooks & food,2021
Barefoot Dreams of Petra Luna,Alda P. Dobbs,288,1118984,1728234654,kids’ books;family matters;historical fiction;tales from around the world;the states we’re in,2021
Beautiful Country: A Memoir,Qian Julie Wang,320,490494,0385547218,biography & memoir;identity & culture;nonfiction;the states we’re in;staff picks;family matters,2021
"Beautiful World, Where Are You: A Novel",Sally Rooney,368,208524,0374602603,realistic fiction;let’s talk about sex;love & romance;seriously great writing;staff picks;tales from around the world;book club ideas,2021
"Better, Not Bitter: Living on Purpose in the Pursuit of Racial Justice",Yusef Salaam,304,1023068,1538705001,nonfiction;book club ideas;biography & memoir;identity & culture;the states we’re in,2021
Bewilderment: A Novel,Richard Powers,288,94626,0393881148,"sci fi, fantasy & speculative fiction;seriously great writing;family matters;staff picks;the dark side;book club ideas;realistic fiction",2021
"Black Food: Stories, Art, and Recipes from Across the African Diaspora",Bryant Terry,320,33111,1984859722,"cookbooks & food;identity & culture;tales from around the world;staff picks;for art lovers;short stories, essays & poetry",2021
"Boogie Boogie, Y'all",C.G. Esperanza,40,1341922,0062976222,kids’ books;for art lovers;identity & culture;for music lovers,2021
Book of the Other: Small in Comparison,Truong Tran,236,611130,1885030754,"short stories, essays & poetry;identity & culture;nonfiction;the states we’re in",2021
Borders,"Thomas King, illustrated by Natasha Donovan",192,376594,0316593060,kids’ books;comics & graphic novels;identity & culture;family matters,2021
Bright Star,Yuyi Morales,40,846725,0823443280,identity & culture;the states we’re in;kids’ books;tales from around the world,2021
Broken Horses: A Memoir,Brandi Carlile,336,150395,0593237242,nonfiction;biography & memoir;for music lovers;the states we’re in;staff picks,2021
Build Your House Around My Body: A Novel,Violet Kupersmith,400,779821,0812993322,"sci fi, fantasy & speculative fiction;mysteries & thrillers;book club ideas;identity & culture;tales from around the world;the dark side;staff picks",2021
Castaway Mountain: Love and Loss Among the Wastepickers of Mumbai,Saumya Roy,300,2359683,166260095X,nonfiction;tales from around the world;eye-opening reads;family matters,2021
Celestia,"Manuele Fior, translated by Jamie Richards",272,1271085,1683964381,"comics & graphic novels;the dark side;sci fi, fantasy & speculative fiction;tales from around the world;book club ideas",2021
Certain and Impossible Events,Candace Jane Opper,174,3678475,1888553936,nonfiction;biography & memoir;rather short;seriously great writing;love & romance,2021
Chaos on CatNet,Naomi Kritzer,304,3317616,1250165229,"young adult;sci fi, fantasy & speculative fiction;identity & culture;mysteries & thrillers",2021
Chasing Me to My Grave: An Artist's Memoir of the Jim Crow South,Winfred Rembert and Erin I. Kelly,304,234717,1635576598,nonfiction;biography & memoir;the states we’re in;for art lovers;for history lovers;identity & culture;staff picks,2021
Chetna's 30 Minute Indian: Quick and Easy Everyday Meals,Chetna Makan,208,447061,1784727504,cookbooks & food,2021
Children Under Fire: An American Crisis,John Woodrow Cox,336,1457370,0062883933,nonfiction;the states we’re in;eye-opening reads;staff picks;family matters,2021
Children of the Fox: A Thieves of Shadow Novel,Kevin Sands,416,339305,0593327519,"kids’ books;mysteries & thrillers;sci fi, fantasy & speculative fiction",2021
China Room: A Novel,Sunjeev Sahota,256,1054938,0593298144,book club ideas;family matters;tales from around the world;realistic fiction;identity & culture;historical fiction;seriously great writing,2021
Cloud Cuckoo Land: A Novel,Anthony Doerr,640,31993,1982168439,"rather long;seriously great writing;sci fi, fantasy & speculative fiction;historical fiction;realistic fiction;book club ideas",2021
Colorization: One Hundred Years of Black Films in a White World,Wil Haygood,464,462042,0525656871,staff picks;no biz like show biz;nonfiction;for history lovers;rather long;identity & culture,2021
Concrete Rose,Angie Thomas,368,71396,006284671X,realistic fiction;young adult;family matters;identity & culture;the states we’re in;staff picks,2021
Cook Real Hawai'i,Sheldon Simeon With Garrett Snyder,304,51687,1984825836,cookbooks & food;staff picks;the states we’re in,2021
Cook This Book: Techniques That Teach & Recipes to Repeat,Molly Baz,304,5036,0593138279,cookbooks & food;staff picks,2021
Craft in the Real World: Rethinking Fiction Writing and Workshopping,Matthew Salesses,256,241234,1948226804,nonfiction;staff picks;eye-opening reads;identity & culture;it’s all geek to me,2021
Creatures of Passage,Morowa Yejidé,322,2531501,1617758760,"historical fiction;sci fi, fantasy & speculative fiction;book club ideas;seriously great writing;the dark side;staff picks",2021
Crossroads: A Novel,Jonathan Franzen,592,293172,0374181179,realistic fiction;staff picks;family matters;rather long;book club ideas,2021
Crying in H Mart: A Memoir,Michelle Zauner,256,21225,0525657746,staff picks;nonfiction;biography & memoir;cookbooks & food;book club ideas;seriously great writing;family matters;identity & culture;for music lovers,2021
Cultish: The Language of Fanaticism,Amanda Montell,320,31208,0062993151,nonfiction;book club ideas;eye-opening reads;for history lovers;identity & culture;staff picks;the dark side,2021
Curb,Divya Victor,128,896743,1643620703,"identity & culture;short stories, essays & poetry;biography & memoir;nonfiction;the states we’re in;seriously great writing;for history lovers",2021
Cyclopedia Exotica,Aminder Dhaliwal,268,1293646,1770464379,"sci fi, fantasy & speculative fiction;funny stuff;identity & culture;eye-opening reads",2021
Darryl: A Novel,Jackie Ess,192,155917,1944866841,identity & culture;staff picks;realistic fiction;let’s talk about sex;rather short,2021
Dear Miss Metropolitan: A Novel,Carolyn Ferrell,432,2019116,1250793610,book club ideas;seriously great writing;realistic fiction,2021
"Demystifying Disability: What to Know, What to Say, and How to be an Ally",Emily Ladau,176,28095,1984858971,nonfiction;eye-opening reads;identity & culture;staff picks;rather short,2021
Destroy All Monsters: A Reckless Book,Ed Brubaker and Sean Phillips,144,215226,1534319247,comics & graphic novels;mysteries & thrillers;historical fiction;the dark side;no biz like show biz,2021
Detransition Baby: A Novel,Torrey Peters,352,178320,0593133374,staff picks;book club ideas;eye-opening reads;identity & culture;let’s talk about sex;seriously great writing;family matters,2021
Dial A for Aunties,Jesse Q. Sutanto,320,958443,0593336739,staff picks;mysteries & thrillers;family matters;love & romance,2021
Dream Girl: A Novel,Laura Lippman,320,295873,0062390074,mysteries & thrillers;staff picks;the dark side,2021
Driving While Brown: Sheriff Joe Arpaio Versus the Latino Resistance,Terry Greene Sterling and Jude Joffe-Block,431,719323,0520294084,eye-opening reads;identity & culture;nonfiction;the states we’re in,2021
"E.X.O.: The Legend of Wale Williams, Volume One","Roye Okupe, illustrated by Sunkanmi Akinboye and Raphael Kazeem",312,1327103,1506723020,"comics & graphic novels;sci fi, fantasy & speculative fiction;tales from around the world;it’s all geek to me",2021
"Eat, Habibi, Eat!: Fresh Recipes for Modern Egyptian Cooking",Shahir Massoud,248,480809,0525610936,cookbooks & food,2021
Edge Case: A Novel,YZ Chin,320,2520083,0063030683,identity & culture;realistic fiction;the states we’re in,2021
Elegy for Mary Turner: An Illustrated Account of a Lynching,Rachel Marie-Crane Williams,80,865889,1788739043,comics & graphic novels;for history lovers;rather short;eye-opening reads;identity & culture;nonfiction;the states we’re in,2021
Empire of Pain: The Secret History of the Sackler Dynasty,Patrick Radden Keefe,560,71700,0385545681,nonfiction;eye-opening reads;the dark side;staff picks;rather long;science!;seriously great writing,2021
Eyes that Kiss in the Corners,"Joanna Ho, illustrated by Dung Ho",40,14680,0062915622,identity & culture;family matters;kids’ books,2021
Facing the Mountain: A True Story of Japanese American Heroes in World War II,Daniel James Brown,560,97781,0525557407,biography & memoir;eye-opening reads;for history lovers;identity & culture;nonfiction;rather long;the states we’re in,2021
"Fat Chance, Charlie Vega",Crystal Maldonado,352,1248902,0823447170,realistic fiction;young adult;book club ideas;family matters;identity & culture;love & romance;staff picks,2021
Fight Night: A Novel,Miriam Toews,272,944456,1635578175,realistic fiction;book club ideas;family matters;seriously great writing,2021
Filthy Animals,Brandon Taylor,288,2018140,0525538917,"realistic fiction;seriously great writing;short stories, essays & poetry;staff picks;book club ideas;love & romance",2021
Finding Junie Kim,Ellen Oh,368,531751,0062987984,historical fiction;realistic fiction;kids’ books;identity & culture;family matters;the states we’re in,2021
Firebreak,Nicole Kornher-Stace,416,2205770,198214274X,"young adult;sci fi, fantasy & speculative fiction;identity & culture;the states we’re in;seriously great writing;it’s all geek to me;the dark side",2021
Firekeeper's Daughter,Angeline Boulley,496,24997,1250766567,mysteries & thrillers;young adult;identity & culture;rather long;realistic fiction,2021
First Comes Like: A Novel,Alisha Rai,432,1185454,0062878158,family matters;identity & culture;love & romance;staff picks,2021
Five Tuesdays in Winter: Stories,Lily King,240,1039886,0802158765,"realistic fiction;short stories, essays & poetry;book club ideas;family matters;seriously great writing;staff picks",2021
"Flight of the Diamond Smugglers: A Tale of Pigeons, Obsession, and Greed Along Coastal South Africa",Matthew Gavin Frank,224,878153,1631496026,nonfiction;for history lovers;tales from around the world;eye-opening reads;science!,2021
Floaters: Poems,Martín Espada,96,795834,0393541037,"short stories, essays & poetry;identity & culture;the states we’re in;staff picks;seriously great writing",2021
Flying Blind: The 737 Max Tragedy and the Fall of Boeing,Peter Robison,336,157011,0385546491,nonfiction;staff picks;it’s all geek to me;eye-opening reads;the states we’re in,2021
Folklorn,Angela Mi Young Hur,416,2191070,1645660168,identity & culture;seriously great writing;tales from around the world;book club ideas;realistic fiction;science!,2021
Four Lost Cities: A Secret History of the Urban Age,Annalee Newitz,320,696625,0393652661,nonfiction;eye-opening reads;book club ideas;for history lovers;tales from around the world;staff picks;it’s all geek to me,2021
From a Whisper to a Rallying Cry: The Killing of Vincent Chin and the Trial That Galvanized the Asian American Movement,Paula Yoo,384,736452,1324002875,nonfiction;biography & memoir;young adult;book club ideas;eye-opening reads;family matters;for history lovers;identity & culture,2021
Fulfillment: Winning and Losing in One-Click America,Alec MacGillis,400,723453,0374159270,it’s all geek to me;nonfiction;for history lovers;staff picks;eye-opening reads;the states we’re in;book club ideas,2021
Fuzz: When Nature Breaks the Law,Mary Roach,320,105367,1324001933,nonfiction;funny stuff;science!;seriously great writing;staff picks;eye-opening reads,2021
Garlic and the Vampire,Bree Paulsen,160,104762,0062995081,"sci fi, fantasy & speculative fiction;the dark side;kids’ books;comics & graphic novels;cookbooks & food",2021
Gay Bar: Why We Went Out,Jeremy Atherton Lin,320,543544,0316458732,nonfiction;eye-opening reads;book club ideas;identity & culture;for history lovers;let’s talk about sex,2021
Gentrifier: A Memoir,Anne Elizabeth Moore,272,3520755,1646220706,nonfiction;biography & memoir;eye-opening reads;the states we’re in;book club ideas,2021
Ghosts: A Novel,Dolly Alderton,320,967019,0593319850,realistic fiction;funny stuff;let’s talk about sex;love & romance;staff picks;family matters,2021
Girlhood,Melissa Febos,336,309172,1635572525,"staff picks;nonfiction;biography & memoir;identity & culture;short stories, essays & poetry;book club ideas",2021
Gold Diggers: A Novel,Sanjena Sathian,352,1592827,1984882031,book club ideas;eye-opening reads;family matters;identity & culture;the states we’re in,2021
Goldenrod: Poems,Maggie Smith,128,82983,1982185066,"short stories, essays & poetry;staff picks;seriously great writing",2021
Gordo: Stories,Jaime Cortez,208,287511,0802158080,"family matters;identity & culture;realistic fiction;short stories, essays & poetry;the states we’re in",2021
Great Circle: A Novel,Maggie Shipstead,608,135582,0525656979,staff picks;historical fiction;no biz like show biz;tales from around the world;rather long;seriously great writing,2021
"Halfway Home: Race, Punishment, and the Afterlife of Mass Incarceration",Reuben Jonathan Miller,352,913539,0316451517,nonfiction;book club ideas;eye-opening reads;identity & culture;the states we’re in,2021
Happy Hour: A Novel,Marlowe Granados,288,71440,1839764015,staff picks;realistic fiction,2021
Hard Like Water,"Yan Lianke, translated by Carlos Rojas",384,3476349,0802158129,tales from around the world;seriously great writing;historical fiction;love & romance,2021
Harlem Shuffle: A Novel,Colson Whitehead,336,122504,0385545134,book club ideas;seriously great writing;historical fiction;mysteries & thrillers;identity & culture;family matters,2021
Hell of a Book: A Novel,Jason Mott,336,120484,059333096X,book club ideas;funny stuff;identity & culture;love & romance;staff picks;seriously great writing;realistic fiction,2021
Hoarders,Kate Durbin,184,904879,1950268136,"short stories, essays & poetry;staff picks;book club ideas",2021
Honey Girl,Morgan Rogers,304,298178,0778311023,love & romance;identity & culture;staff picks;realistic fiction,2021
House of Sticks: A Memoir,Ly Tran,384,1730791,1501118811,family matters;identity & culture;nonfiction;biography & memoir;the states we’re in,2021
How the One-Armed Sister Sweeps Her House: A Novel,Cherie Jones,288,1305476,0316536989,mysteries & thrillers;family matters;tales from around the world;the dark side;identity & culture,2021
Hummingbird Salamander: A Novel,Jeff VanderMeer,368,314763,0374173540,"sci fi, fantasy & speculative fiction;mysteries & thrillers;the dark side;science!",2021
Hunting by Stars,Cherie Dimaline,400,287276,1419753479,"staff picks;sci fi, fantasy & speculative fiction;young adult;identity & culture;the states we’re in",2021
Hurts So Good: The Science and Culture of Pain on Purpose,Leigh Cowart,256,1052272,154179804X,nonfiction;let’s talk about sex;the dark side;eye-opening reads;science!;book club ideas;for sports lovers,2021
I Alone Can Fix It: Donald J. Trump's Catastrophic Final Year,Carol Leonnig and Philip Rucker,592,130592,0593298942,nonfiction;eye-opening reads;staff picks;the states we’re in;rather long,2021
I Love You but I've Chosen Darkness: A Novel,Claire Vaye Watkins,304,1115814,0593330218,realistic fiction;family matters;the states we’re in;book club ideas;seriously great writing,2021
I Never Promised You a Rose Garden,Mannie Murphy,216,1023807,1683964101,nonfiction;biography & memoir;comics & graphic novels;for history lovers;identity & culture;the states we’re in;staff picks,2021
I'm Waiting for You and Other Stories,"Kim Bo-young, translated by Sophie Bowman and Sung Ryu",336,374429,0062951467,"tales from around the world;book club ideas;sci fi, fantasy & speculative fiction;short stories, essays & poetry;love & romance",2021
In the Country of Others: A Novel,Leila Slimani,320,1018701,014313597X,historical fiction;family matters;identity & culture;seriously great writing;tales from around the world;staff picks,2021
In: A Graphic Novel,Will McPhail,272,224052,0358345545,love & romance;comics & graphic novels;for art lovers;staff picks;realistic fiction,2021
Infinitum: An Afrofuturist Tale,Tim Fielder,288,1294124,0062964089,"comics & graphic novels;sci fi, fantasy & speculative fiction;identity & culture",2021
"Invisible Child: Poverty, Survival & Hope in an American City",Andrea Elliott,624,368017,0812986946,nonfiction;book club ideas;eye-opening reads;identity & culture;family matters;the states we’re in;rather long,2021
Island Queen: A Novel,Vanessa Riley,592,906356,0063002841,historical fiction;book club ideas;tales from around the world;rather long,2021
Jade Legacy,Fonda Lee,736,96928,0316440973,"rather long;sci fi, fantasy & speculative fiction;the dark side",2021
Jew-ish: A Cookbook: Reinvented Recipes from a Modern Mensch,Jake Cohen,272,54857,035835398X,cookbooks & food;identity & culture,2021
Juan Hormiga,"Gustavo Rold&aacute;n, translated by Robert Croll",64,2090581,1939810825,kids’ books;tales from around the world;funny stuff,2021
July: Poems,Kathleen Ossip,120,1505484,1946448788,"seriously great writing;short stories, essays & poetry",2021
Just as I Am: A Memoir,Cicely Tyson,432,66523,0062931067,nonfiction;biography & memoir;identity & culture;no biz like show biz;staff picks;rather long,2021
Kaleidoscope,Brian Selznick,208,286039,1338777246,staff picks;kids’ books;eye-opening reads;for art lovers;love & romance,2021
"Kennedy's Avenger: Assassination, Conspiracy, and the Forgotten Trial of Jack Ruby",Dan Abrams and David Fisher,400,705288,133591403X,nonfiction;for history lovers;the states we’re in;the dark side;staff picks;eye-opening reads,2021
Klara and the Sun: A Novel,Kazuo Ishiguro,320,23437,059331817X,"seriously great writing;book club ideas;sci fi, fantasy & speculative fiction;staff picks;family matters",2021
Lala's Words: A Story of Planting,Gracey Zhang,48,743214,1338648233,kids’ books;family matters,2021
Land of Big Numbers: Stories,Te-Ping Chen,256,134346,0358272556,"short stories, essays & poetry;sci fi, fantasy & speculative fiction;identity & culture;tales from around the world;seriously great writing",2021
Landslide: The Final Days of the Trump Presidency,Michael Wolff,0,11282401,1408714647,nonfiction;eye-opening reads;staff picks;the states we’re in,2021
Last Best Hope: America in Crisis and Renewal,George Packer,240,517209,0374603669,staff picks;nonfiction;eye-opening reads;the states we’re in;seriously great writing,2021
"Last Call: A True Story of Love, Lust, and Murder in Queer New York",Elon Green,272,1087671,1250224357,nonfiction;eye-opening reads;for history lovers;identity & culture;the states we’re in,2021
Last Chance Texaco: Chronicles of an American Troubadour,Rickie Lee Jones,364,250478,0802127126,staff picks;nonfiction;biography & memoir;no biz like show biz;for music lovers,2021
Last Night at the Telegraph Club,Malinda Lo,416,169485,0525555250,realistic fiction;young adult;book club ideas;family matters;identity & culture;love & romance;the states we’re in;seriously great writing,2021
Leaving Isn't the Hardest Thing: Essays,Lauren Hough,320,714465,0593080769,"nonfiction;short stories, essays & poetry;the dark side;book club ideas;seriously great writing;identity & culture;the states we’re in;family matters",2021
Let Me Tell You What I Mean,Joan Didion,192,700544,059331848X,"nonfiction;short stories, essays & poetry;book club ideas;identity & culture;seriously great writing;staff picks",2021
Let Them Lead: Unexpected Lessons in Leadership from America's Worst High School Hockey Team,John U. Bacon,256,115003,0358533260,nonfiction;for sports lovers;staff picks;eye-opening reads;the states we’re in,2021
"Let the Record Show: A Political History of ACT UP New York, 1987-1993",Sarah Schulman,736,669797,0374185131,nonfiction;rather long;for history lovers;eye-opening reads;the states we’re in,2021
Light Perpetual: A Novel,Francis Spufford,336,997327,1982174145,historical fiction;book club ideas;seriously great writing;staff picks;tales from around the world,2021
Like Other Girls,Britta Lundin,384,1773619,1368039928,young adult;identity & culture;for sports lovers;realistic fiction,2021
Lore Olympus: Volume 1,Rachel Smythe,384,43153,0593356071,"comics & graphic novels;sci fi, fantasy & speculative fiction;family matters;love & romance;book club ideas",2021
Love and Other Poems,Alex Dimitrov,138,883586,1556595999,"short stories, essays & poetry;the states we’re in;staff picks",2021
"Love in Color: Mythical Tales from Around the World, Retold",Bolu Babalola,304,512689,006307849X,"love & romance;short stories, essays & poetry;tales from around the world;identity & culture",2021
Magic Candies,"Heena Baek, translated by Sophie Bowman",48,604395,1542029597,kids’ books;funny stuff;tales from around the world,2021
"Martita, I Remember You / Martita, Te Recuerdo: A Story in English and Spanish",Sandra Cisneros,128,661413,0593313666,realistic fiction;identity & culture;rather short;seriously great writing;staff picks;tales from around the world,2021
Mary Jane: A Novel,Jessica Anya Blau,320,114556,0063052296,historical fiction;for music lovers;the states we’re in;book club ideas;family matters,2021
Matrix: A Novel,Lauren Groff,272,664903,1594634491,historical fiction;seriously great writing;staff picks;book club ideas,2021
Me (Moth),Amber McBride,256,182021,1250780365,"young adult;family matters;short stories, essays & poetry;the states we’re in;identity & culture;seriously great writing;realistic fiction",2021
Mike Nichols: A Life,Mark Harris,688,597126,0399562249,nonfiction;biography & memoir;no biz like show biz;rather long;funny stuff;staff picks,2021
Monkey Boy: A Novel,Francisco Goldman,336,2753018,080215767X,realistic fiction;tales from around the world;family matters;the states we’re in;identity & culture,2021
Monster in the Middle: A Novel,Tiphanie Yanique,288,2418609,1594633606,love & romance;family matters;tales from around the world;realistic fiction;the states we’re in,2021
Monsters,Barry Windsor-Smith,380,331785,1683964152,"comics & graphic novels;sci fi, fantasy & speculative fiction;for art lovers;the states we’re in;the dark side",2021
Mother Grains: Recipes for the Grain Revolution,Roxana Jullapat,352,485682,1324003561,cookbooks & food;eye-opening reads,2021
Mr. Watson's Chickens,"Jarrett Dapier, illustrated by Andrea Tsurumi",48,503791,1452177147,kids’ books;funny stuff,2021
My Begging Chart,Keiler Roberts,156,2716756,1770464581,biography & memoir;comics & graphic novels;nonfiction;rather short;family matters;staff picks;book club ideas,2021
My Brilliant Life: A Novel,"Ae-ran Kim, translated by Chi-Young Kim",208,2217735,1250750555,realistic fiction;tales from around the world;family matters;identity & culture,2021
My Broken Language: A Memoir,Quiara Alegr&iacute;a Hudes,336,1575910,0399590048,nonfiction;biography & memoir;no biz like show biz;staff picks;family matters;for music lovers;identity & culture;the states we’re in,2021
My Heart Is a Chainsaw,Stephen Graham Jones,416,225945,1982137630,mysteries & thrillers;identity & culture;the dark side;the states we’re in;staff picks,2021
My Monticello: Fiction,Jocelyn Nicole Johnson,224,894122,1250807158,"short stories, essays & poetry;the states we’re in;for history lovers;staff picks;identity & culture;book club ideas;realistic fiction",2021
My Sweet Girl: A Novel,Amanda Jayatissa,384,236965,0593335082,mysteries & thrillers;the dark side;identity & culture,2021
Names for Light: A Family History,Thirii Myo Kyaw Myint,176,1566101,1644450615,seriously great writing;nonfiction;biography & memoir;family matters;identity & culture;rather short;the states we’re in;book club ideas,2021
Nicky & Vera: A Quiet Hero of the Holocaust and the Children He Rescued,Peter Sis,64,238490,1324015748,nonfiction;biography & memoir;kids’ books;eye-opening reads;family matters;for history lovers;identity & culture;tales from around the world,2021
Night Bus,"Zuo Ma, translated by Orion Martin",412,572971,1770464654,"comics & graphic novels;tales from around the world;family matters;sci fi, fantasy & speculative fiction;biography & memoir;for art lovers",2021
Night Came With Many Stars: A Novel,Simon Van Booy,248,722284,1567927033,realistic fiction;family matters;book club ideas;seriously great writing,2021
Night Rooms: Essays,Gina Nutt,172,2061598,1953387004,"nonfiction;biography & memoir;the dark side;short stories, essays & poetry;identity & culture",2021
Nina: A Story of Nina Simone,"Traci N. Todd, illustrated by Christian Robinson",56,84300,1524737283,biography & memoir;kids’ books;for music lovers;for history lovers;nonfiction,2021
Nives: A Novel,Sacha Naspini,144,1240408,1609456661,realistic fiction;book club ideas;love & romance;rather short;tales from around the world;staff picks,2021
"No Gods, No Monsters: A Novel",Cadwell Turnbull,400,1048333,1982603720,"identity & culture;sci fi, fantasy & speculative fiction;the dark side;book club ideas",2021
No One Is Talking About This: A Novel,Patricia Lockwood,224,408405,0593189582,realistic fiction;book club ideas;it’s all geek to me;the dark side;seriously great writing;staff picks,2021
Nonbinary: A Memoir,Genesis P-Orridge,352,355521,1419743864,biography & memoir;nonfiction;for art lovers;for music lovers;identity & culture;staff picks,2021
Noor,Nnedi Okorafor,224,725838,0756416094,"staff picks;sci fi, fantasy & speculative fiction;identity & culture;tales from around the world;book club ideas",2021
Not Here to Be Liked,Michelle Quach,384,1605746,0063038366,young adult;love & romance;identity & culture;realistic fiction,2021
Notes From the Burning Age,Claire North,448,904531,0316498831,"sci fi, fantasy & speculative fiction;seriously great writing;rather long;the dark side",2021
Oh William!: A Novel,Elizabeth Strout,256,358498,0812989430,book club ideas;family matters;realistic fiction;seriously great writing;love & romance;the states we’re in,2021
On Fragile Waves: A Novel,E. Lily Yu,288,1678478,1645660095,"seriously great writing;family matters;identity & culture;sci fi, fantasy & speculative fiction;tales from around the world;eye-opening reads;book club ideas",2021
On Freedom: Four Songs of Care and Constraint,Maggie Nelson,288,1081979,1644450623,"nonfiction;short stories, essays & poetry;the states we’re in;staff picks;for art lovers;let’s talk about sex;seriously great writing",2021
On Girlhood: 15 Stories from the Well-Read Black Girl Library,Glory Edim,224,564289,1631497693,"short stories, essays & poetry;identity & culture;family matters;book club ideas",2021
On Juneteenth,Annette Gordon-Reed,152,69620,1631498835,nonfiction;the states we’re in;for history lovers;identity & culture;staff picks;rather short;biography & memoir,2021
One Last Stop: A Novel,Casey McQuiston,432,27789,1250244498,love & romance;identity & culture;staff picks;let’s talk about sex,2021
Our Woman in Moscow,Beatriz Williams,448,890839,0063020785,historical fiction;staff picks;tales from around the world;rather long;mysteries & thrillers;family matters;the dark side,2021
Outlawed: A Novel,Anna North,272,505556,1635575427,book club ideas;historical fiction;the states we’re in;staff picks,2021
Palmares,Gayl Jones,504,1562432,0807033499,"staff picks;sci fi, fantasy & speculative fiction;love & romance;historical fiction;tales from around the world;seriously great writing;realistic fiction;book club ideas",2021
Pastoral Song: A Farmer's Journey,James Rebanks,304,756466,0063073277,eye-opening reads;biography & memoir;family matters;nonfiction;seriously great writing;science!;tales from around the world,2021
People From My Neighborhood,Hiromi Kawakami translated by Ted Goossen,176,238931,1593767110,"sci fi, fantasy & speculative fiction;short stories, essays & poetry;tales from around the world;the dark side",2021
People Love Dead Jews: Reports from a Haunted Present,Dara Horn,272,173073,0393531562,nonfiction;book club ideas;eye-opening reads;for history lovers;identity & culture;seriously great writing;tales from around the world;staff picks,2021
People We Meet on Vacation,Emily Henry,400,273,1984806750,staff picks;love & romance,2021
Pilgrim Bell: Poems,Kaveh Akbar,80,221398,1644450593,"short stories, essays & poetry;staff picks;identity & culture",2021
Playlist for the Apocalypse: Poems,Rita Dove,128,762865,0393867773,"short stories, essays & poetry;seriously great writing;identity & culture;nonfiction;biography & memoir",2021
Poet Warrior: A Memoir,Joy Harjo,240,259323,0393248526,"short stories, essays & poetry;biography & memoir;identity & culture;the states we’re in;seriously great writing",2021
Pop Song: Adventures in Art and Intimacy,Larissa Pham,288,2546221,1646220269,"nonfiction;biography & memoir;for art lovers;for music lovers;love & romance;staff picks;short stories, essays & poetry",2021
"Pregnant Girl: A Story of Teen Motherhood, College, and Creating a Better Future for Young Families",Nicole Lynn Lewis,216,1197436,0807056030,nonfiction;family matters;biography & memoir;eye-opening reads;staff picks,2021
Putting It Together: How Stephen Sondheim and I Created Sunday in the Park with George,James Lapine,416,201807,0374200092,staff picks;nonfiction;for history lovers;no biz like show biz;biography & memoir;for music lovers;it’s all geek to me,2021
Quiet in Her Bones,Nalini Singh,384,2873520,0593099109,mysteries & thrillers;staff picks;the dark side;tales from around the world;family matters,2021
Radha & Jai’s Recipe for Romance,Nisha Sharma,336,1723050,0553523295,love & romance;staff picks;funny stuff,2021
Ramadan Ramsey: A Novel,Louis Edwards,400,2834595,0063012030,identity & culture;tales from around the world;staff picks;love & romance;the states we’re in,2021
Razorblade Tears: A Novel,S.A.Cosby,336,51738,1250252709,mysteries & thrillers;identity & culture;book club ideas;family matters;the states we’re in;the dark side,2021
Real Estate: A Living Autobiography,Deborah Levy,224,319505,1635572215,biography & memoir;book club ideas;family matters;identity & culture;nonfiction;rather short;seriously great writing,2021
Red Island House: A Novel,Andrea Lee,288,2387267,1982137800,family matters;identity & culture;tales from around the world;seriously great writing;realistic fiction,2021
Redemptor,Jordan Ifueko,336,306202,1419739840,"sci fi, fantasy & speculative fiction;young adult;staff picks",2021
Refugee High: Coming of Age in America,Elly Fishman,288,347185,1620975084,nonfiction;the states we’re in;eye-opening reads;identity & culture;family matters,2021
Remember: The Science of Memory and the Art of Forgetting,Lisa Genova,272,83792,0593137957,nonfiction;book club ideas;eye-opening reads;science!;staff picks,2021
Revolution in Our Time: The Black Panther Party’s Promise to the People,Kekla Magoon,400,698110,1536214183,nonfiction;kids’ books;for history lovers;identity & culture;eye-opening reads;seriously great writing;for music lovers,2021
Rez Dogs,Joseph Bruchac,192,1042308,0593326210,"kids’ books;family matters;identity & culture;the states we’re in;short stories, essays & poetry",2021
Robert E. Lee and Me: A Southerner's Reckoning with the Myth of the Lost Cause,Ty Seidule,304,239387,1250239265,nonfiction;eye-opening reads;the states we’re in;for history lovers;staff picks;identity & culture,2021
Rosaline Palmer Takes the Cake,Alexis Hall,448,510678,1538703327,let’s talk about sex;love & romance;staff picks;cookbooks & food;no biz like show biz,2021
"Save It for Later: Promises, Parenthood, and the Urgency of Protest",Nate Powell,160,1782760,1419749129,comics & graphic novels;nonfiction;family matters;the states we’re in;book club ideas;identity & culture,2021
Sea Loves Me: Selected Stories,"Mia Couto, translated by David Brookshaw and Eric M.B. Becker",416,1650951,1771963883,"short stories, essays & poetry;tales from around the world;seriously great writing;identity & culture;family matters",2021
Seeing Ghosts: A Memoir,Kat Chow,368,725159,1538716321,nonfiction;biography & memoir;family matters;identity & culture;tales from around the world;the states we’re in;book club ideas,2021
Seek You: A Journey Through American Loneliness,Kristen Radtke,352,123266,1524748064,biography & memoir;comics & graphic novels;nonfiction;science!;eye-opening reads;staff picks;the states we’re in;book club ideas,2021
"Sellout: The Major-Label Feeding Frenzy That Swept Punk, Emo, and Hardcore (1994-2007)",Dan Ozzi,416,672107,0358244307,nonfiction;for music lovers;no biz like show biz;staff picks,2021
Seven Days in June: A Novel,Tia Williams,336,54405,153871910X,realistic fiction;love & romance;identity & culture;book club ideas;staff picks,2021
Shaking the Gates of Hell: A Search for Family and Truth in the Wake of the Civil Rights Revolution,John Archibald,320,1065476,0525658114,for history lovers;biography & memoir;family matters;identity & culture;staff picks;nonfiction,2021
"Shooting Midnight Cowboy: Art, Sex, Loneliness, Liberation, and the Making of a Dark Classic",Glenn Frankel,432,677236,0374209014,for history lovers;no biz like show biz;nonfiction;the dark side;the states we’re in;let’s talk about sex,2021
"Silent Winds, Dry Seas: A Novel",Vinod Busjeet,288,1231536,0385547021,book club ideas;family matters;tales from around the world;identity & culture;historical fiction,2021
"Singing Like Germans: Black Musicians in the Land of Bach, Beethoven, and Brahms",Kira Thurman,372,2455563,1501759841,nonfiction;eye-opening reads;for history lovers;for music lovers;identity & culture;staff picks;tales from around the world,2021
Six Crimson Cranes,Elizabeth Lim,464,52294,0593300912,"young adult;family matters;sci fi, fantasy & speculative fiction;rather long",2021
Skin of the Sea,Natasha Bowen,336,534602,0593120949,"young adult;sci fi, fantasy & speculative fiction;identity & culture;tales from around the world",2021
Skinship: Stories,Yoon Choi,304,1878895,0593318218,"short stories, essays & poetry;book club ideas;identity & culture;seriously great writing;staff picks;family matters;the states we’re in",2021
Small Things Like These,Claire Keegan,128,1642,0802158749,book club ideas;seriously great writing;tales from around the world;staff picks;rather short;historical fiction,2021
Somebody's Daughter: A Memoir,Ashley Ford,224,660582,1250305977,nonfiction;biography & memoir;the states we’re in;family matters;staff picks;identity & culture;book club ideas;seriously great writing,2021
Someone Builds the Dream,"Lisa Wheeler, illustrated by Loren Long",48,79514,1984814338,kids’ books;it’s all geek to me,2021
Sometimes I Trip on How Happy We Could Be: Essays,Nichole Perkins,272,678074,1538702746,"nonfiction;biography & memoir;short stories, essays & poetry;let’s talk about sex;book club ideas;identity & culture;staff picks",2021
Sorrowland: A Novel,Rivers Solomon,368,468729,0374266778,"the states we’re in;sci fi, fantasy & speculative fiction;identity & culture;seriously great writing;family matters",2021
"Speak, Okinawa: A Memoir",Elizabeth Miki Brina,304,1194592,0525657347,staff picks;nonfiction;biography & memoir;tales from around the world;the states we’re in;identity & culture;book club ideas,2021
Stone Fruit,Lee Lai,240,1137934,1683964268,comics & graphic novels;family matters;identity & culture;love & romance;staff picks,2021
Sumac: Recipes and Stories From Syria,Anas Atassi,248,857377,162371897X,cookbooks & food;identity & culture;tales from around the world;staff picks;family matters,2021
Summer Sons,Lee Mandelo,384,1060174,125079028X,"sci fi, fantasy & speculative fiction;mysteries & thrillers;the dark side;staff picks",2021
Summerwater,Sarah Moss,208,237340,0374105936,realistic fiction;family matters;love & romance;tales from around the world;seriously great writing,2021
Sunny Song Will Never Be Famous,Suzanne Park,352,1212020,1728209420,young adult;identity & culture;funny stuff;the states we’re in;realistic fiction,2021
"Sword Stone Table: Old Legends, New Voices",Edited by Swapna Krishna and Jenn Northington,480,1384598,0593081897,"staff picks;sci fi, fantasy & speculative fiction;book club ideas;eye-opening reads",2021
Tacky: Love Letters to the Worst Culture We Have to Offer,Rax King,208,42579,0593312724,"funny stuff;biography & memoir;let’s talk about sex;short stories, essays & poetry;nonfiction",2021
Take Back the Block,Chrystal D. Giles,240,588753,0593175174,realistic fiction;kids’ books;family matters;identity & culture,2021
Taste Makers: Seven Immigrant Women Who Revolutionized Food in America,Mayukh Sen,288,908768,1324004517,eye-opening reads;identity & culture;nonfiction;book club ideas;the states we’re in;seriously great writing;cookbooks & food,2021
Taste: My Life Through Food,Stanley Tucci,304,14390,1982168013,nonfiction;biography & memoir;cookbooks & food;no biz like show biz;tales from around the world;staff picks,2021
Tastes Like War: A Memoir,Grace M. Cho,296,197593,1952177944,nonfiction;biography & memoir;cookbooks & food;book club ideas;eye-opening reads;family matters;identity & culture;staff picks;seriously great writing,2021
That Old Country Music: Stories,Kevin Barry,208,880805,0385540337,"identity & culture;realistic fiction;seriously great writing;short stories, essays & poetry;tales from around the world",2021
The 1619 Project: Born on the Water,"Nikole Hannah-Jones and Renée Watson, illustrated by Nikkolas Smith",624,9104,0593230574,"the states we’re in;kids’ books;short stories, essays & poetry;for history lovers;eye-opening reads;identity & culture",2021
The Anthropocene Reviewed: Essays on a Human-Centered Planet,John Green,304,208512,0525555218,"nonfiction;short stories, essays & poetry;eye-opening reads;for history lovers;staff picks;science!",2021
The Big Bath House,"Kyo Maclear, illustrated by Gracey Zhang",40,522314,0593181956,kids’ books;identity & culture;tales from around the world;family matters;eye-opening reads,2021
"The Book of Difficult Fruit: Arguments for the Tart, Tender, and Unruly (with recipes)",Kate Lebo,416,1288403,0374110328,"nonfiction;biography & memoir;cookbooks & food;eye-opening reads;staff picks;short stories, essays & poetry;seriously great writing",2021
The Boy and the Sea,"Camille Andros, illustrated by Amy Bates",32,909505,1419749404,family matters;kids’ books,2021
The Caesars Palace Coup: How a Billionaire Brawl Over the Famous Casino Exposed the Power and Greed of Wall Street,Sujeet Indap and Max Frumes,288,477914,163576677X,nonfiction;staff picks;eye-opening reads;the dark side;the states we’re in,2021
The Chosen and the Beautiful,Nghi Vo,272,1422390,1250784786,historical fiction;identity & culture;seriously great writing,2021
The City of Good Death: A Novel,Priyanka Champaneri,448,2666440,1632062526,book club ideas;family matters;tales from around the world;realistic fiction;identity & culture;eye-opening reads;rather long,2021
The Committed: A Novel,Viet Thanh Nguyen,400,470179,0802157068,mysteries & thrillers;staff picks;realistic fiction;identity & culture;seriously great writing;tales from around the world;book club ideas,2021
The Confidence Men: How Two Prisoners of War Engineered the Most Remarkable Escape in History,Margalit Fox,352,748725,1984853848,staff picks;nonfiction;tales from around the world;for history lovers;funny stuff;eye-opening reads,2021
The Cookie Bible,Rose Levy Beranbaum,448,34702,0358353998,cookbooks & food,2021
The Copenhagen Trilogy: Childhood – Youth – Dependency,Tove Ditlevsen,384,483763,0374602395,staff picks;nonfiction;tales from around the world;biography & memoir;seriously great writing;family matters;book club ideas,2021
The Crime Without a Name: Ethnocide and the Erasure of Culture in America,Barrett Holmes Pitner,336,2117685,1640094849,book club ideas;eye-opening reads;identity & culture;the states we’re in;staff picks;nonfiction,2021
"The Cruelty Is the Point: The Past, Present, and Future of Trump's America",Adam Serwer,384,198785,0593230809,"staff picks;nonfiction;short stories, essays & poetry;eye-opening reads;for history lovers;seriously great writing;the states we’re in",2021
"The Cult of We: WeWork, Adam Neumann, and the Great Startup Delusion",Eliot Brown and Maureen Farrell,464,1249361,0593237110,nonfiction;it’s all geek to me;the dark side;eye-opening reads;staff picks,2021
The Dating Playbook,Farrah Rochon,384,460050,1538716674,love & romance;let’s talk about sex;for sports lovers;funny stuff,2021
The Dawn of Everything: A New History of Humanity,David Graeber and David Wengrow,704,37740,0374157359,nonfiction;book club ideas;eye-opening reads;identity & culture;for history lovers;staff picks;rather long,2021
The Death of Jane Lawrence: A Novel,Caitlin Starling,368,1013650,1250272580,"sci fi, fantasy & speculative fiction;the dark side;staff picks;love & romance;mysteries & thrillers",2021
The Debt Trap: How Student Loans Became a National Catastrophe,Josh Mitchell,272,769471,1501199447,nonfiction;eye-opening reads;the states we’re in;staff picks;book club ideas,2021
The Ex Talk: A Novel,Rachel Lynn Solomon,352,117509,0593200128,let’s talk about sex;love & romance;staff picks;it’s all geek to me,2021
The Family Roe: An American Story,Joshua Prager,672,230247,0393247716,nonfiction;the states we’re in;staff picks;family matters;for history lovers;eye-opening reads;identity & culture;book club ideas,2021
The Final Girl Support Group: A Novel,Grady Hendrix,352,326310,059320123X,mysteries & thrillers;the dark side;it’s all geek to me;no biz like show biz,2021
The Final Revival of Opal and Nev,Dawnie Walton,368,1229351,198214016X,staff picks;realistic fiction;for music lovers;identity & culture;book club ideas,2021
The Five Wounds: A Novel,Kristin Valdez Quade,432,877278,0393242838,realistic fiction;book club ideas;family matters;seriously great writing;the states we’re in;staff picks,2021
The Free World: Art and Thought in the Cold War,Louis Menand,880,145121,0374158452,nonfiction;for art lovers;for music lovers;for history lovers;rather long;staff picks,2021
The Genius Under the Table: Growing Up Behind the Iron Curtain,Eugene Yelchin,208,311991,153621552X,kids’ books;biography & memoir;nonfiction;funny stuff;tales from around the world;family matters;for art lovers;for history lovers,2021
The Gilded Ones,Namina Forna,432,453682,1984848690,"staff picks;sci fi, fantasy & speculative fiction;young adult;identity & culture",2021
The Glass Constellation: New and Collected Poems,Arthur Sze,560,1809018,1556596219,"seriously great writing;identity & culture;short stories, essays & poetry",2021
The Good Girls: An Ordinary Killing,Sonia Faleiro,314,2191471,080215820X,eye-opening reads;identity & culture;nonfiction;book club ideas;tales from around the world;seriously great writing,2021
"The Great Dissenter: The Story of John Marshall Harlan, America's Judicial Hero",Peter S. Canellos,,,,biography & memoir;nonfiction;for history lovers;the states we’re in;rather long,2021
The Grizzly in the Driveway: The Return of Bears to a Crowded American West,Robert Chaney,288,192427,0295747935,nonfiction;book club ideas;eye-opening reads;science!;the states we’re in;staff picks,2021
The Guncle: A Novel,Steven Rowley,336,331599,0525542280,realistic fiction;book club ideas;family matters;funny stuff;identity & culture;staff picks,2021
The Haunting of Alma Fielding: A True Ghost Story,Kate Summerscale,368,310634,052555792X,nonfiction;for history lovers;book club ideas;tales from around the world;seriously great writing;the dark side,2021
The Heart Principle: A Novel,Helen Hoang,352,83358,0451490843,identity & culture;let’s talk about sex;love & romance;staff picks,2021
"The Isolation Artist: Scandal, Deception, and
the Last Days of Robert Indiana",Bob Keyes,248,1347445,1567926894,for art lovers;biography & memoir;nonfiction;the states we’re in,2021
"The Kissing Bug: A True Story of a Family, an Insect, and a Nation's Neglect of a Deadly Disease",Daisy Hernández,336,905748,1951142527,nonfiction;biography & memoir;eye-opening reads;family matters;identity & culture;science!;tales from around the world,2021
The Legend of Auntie Po,Shing Yin Khor,304,170813,0525554890,staff picks;the states we’re in;kids’ books;the states we’re in;identity & culture;seriously great writing;comics & graphic novels,2021
The Liar's Dictionary: A Novel,Eley Williams,288,1109594,0385546777,book club ideas;love & romance;seriously great writing;funny stuff;tales from around the world;historical fiction;realistic fiction,2021
The Life of the Mind: A Novel,Christine Smallwood,240,1312646,0593229894,realistic fiction;book club ideas;funny stuff;staff picks,2021
The Light of Days: The Untold Story of Women Resistance Fighters in Hitler's Ghettos,Judy Batalion,576,155849,0062874217,nonfiction;for history lovers;eye-opening reads;staff picks;tales from around the world,2021
The Lincoln Highway: A Novel,Amor Towles,592,34189,0735222355,book club ideas;rather long;realistic fiction;seriously great writing;the states we’re in;historical fiction,2021
The Little Wooden Robot and the Log Princess,Tom Gauld,40,173665,0823446980,kids’ books;funny stuff,2021
The Loneliest Americans,Jay Caspian Kang,272,772530,0525576223,nonfiction;biography & memoir;family matters;identity & culture;seriously great writing;the states we’re in;staff picks,2021
The Lost Village: A Novel,"Camilla Sten, translated by Alexandra Fleming",352,869407,1250249252,mysteries & thrillers;tales from around the world;identity & culture;family matters;the dark side,2021
The Love Songs of W.E.B. Du Bois: A Novel,Honorée Fannone Jeffers,816,126160,006294293X,rather long;staff picks;the states we’re in;identity & culture;family matters;book club ideas,2021
The Magician: A Novel,Colm T&oacute;ibín,512,539000,1476785082,book club ideas;eye-opening reads;family matters;historical fiction;rather long;realistic fiction;seriously great writing;tales from around the world,2021
"The Mirror and the Palette: Rebellion, Revolution and Resilience: Five Hundred Years of Women's Self Portraits",Jennifer Higgie,336,1199077,1643138030,nonfiction;staff picks;for art lovers;for history lovers;eye-opening reads,2021
The Morning Star: A Novel,Karl Ove Knausgaard,688,464580,0399563423,"realistic fiction;sci fi, fantasy & speculative fiction;seriously great writing;rather long;staff picks;tales from around the world",2021
The Most Fun Thing: Dispatches from a Skateboard Life,Kyle Beachy,320,698737,1538754118,"nonfiction;biography & memoir;short stories, essays & poetry;for sports lovers;identity & culture;for history lovers;staff picks;it’s all geek to me",2021
The Natural Mother of the Child: A Memoir of Nonbinary Parenthood,Krys Malcom Belc,304,1295471,1640094385,nonfiction;biography & memoir;eye-opening reads;identity & culture;family matters,2021
The One Thing You'd Save,"Linda Sue Park, illustrated by Robert Sae-Heng",72,310285,1328515133,kids’ books;family matters;identity & culture,2021
The Other Black Girl: A Novel,Zakiya Dalila Harris,368,119774,1982160136,mysteries & thrillers;identity & culture;the dark side;book club ideas;realistic fiction,2021
The Paper Palace: A Novel,Miranda Cowley Heller,400,31773,0593329821,realistic fiction;staff picks;love & romance;family matters,2021
The Personal Librarian: A Novel,Marie Benedict and Victoria Christopher Murray,352,20489,0593101537,historical fiction;for art lovers;identity & culture;book club ideas;staff picks,2021
The Postscript Murders,Elly Griffiths,336,504521,0358418615,mysteries & thrillers;the dark side;staff picks,2021
The Price You Pay for College: An Entirely New Road Map for the Biggest Financial Decision Your Family Will Ever Make,Rob Lieber,368,99496,006286730X,nonfiction;family matters;eye-opening reads;staff picks,2021
The Prisoner: A Memoir,"Hwang Sok-yong, translated by Sora Kim-Russell and Anton Hur",624,2259071,1839760834,biography & memoir;eye-opening reads;for history lovers;identity & culture;nonfiction;rather long;tales from around the world,2021
The Prophets: A Novel,"Robert Jones, Jr.",400,223734,059308568X,historical fiction;love & romance;book club ideas;seriously great writing;the states we’re in;book club ideas;identity & culture,2021
The Raconteur's Commonplace Book: A Greenglass House Story,"Kate Milford, illustrated by Nicole Wong",400,864549,1328466906,kids’ books;mysteries & thrillers;seriously great writing,2021
The Red Boat Fish Sauce Cook Book: Beloved Recipes from the Family Behind the Purest Fish Sauce,Cuong Pham with Tien Nguyen and Diep Tran,320,213522,0358410975,cookbooks & food;identity & culture;tales from around the world,2021
The Rock Eaters: Stories,Brenda Peynado,288,776079,0143135627,"sci fi, fantasy & speculative fiction;short stories, essays & poetry;identity & culture;seriously great writing",2021
The Secret History of Home Economics: How Trailblazing Women Harnessed the Power of Home and Changed the Way We Live,Danielle Dreilinger,368,899382,1324004495,nonfiction;cookbooks & food;for history lovers;eye-opening reads;staff picks;the states we’re in,2021
"The Secret of Life: Rosalind Franklin, James Watson, Francis Crick, and the Discovery of DNA’s Double Helix",Howard Markel,576,724771,1324002239,eye-opening reads;nonfiction;science!;book club ideas,2021
The Secret to Superhuman Strength,Alison Bechdel,240,137183,0544387651,staff picks;for sports lovers;identity & culture;biography & memoir;comics & graphic novels;nonfiction,2021
The Sentence: A Novel,Louise Erdrich,400,416064,006267112X,"sci fi, fantasy & speculative fiction;book club ideas;identity & culture;the states we’re in;realistic fiction",2021
The Startup Wife: A Novel,Tahmima Anam,304,1998562,198215618X,realistic fiction;it’s all geek to me;identity & culture;book club ideas;funny stuff;family matters,2021
The State Must Provide: Why America's Colleges Have Always Been Unequal – And How to Set Them Right,Adam Harris,272,326039,0062976486,the states we’re in;staff picks;identity & culture;for history lovers;nonfiction;eye-opening reads;book club ideas,2021
The Sunflower Cast a Spell to Save Us from the Void,Jackie Wang,120,871032,1643620363,"staff picks;short stories, essays & poetry;seriously great writing",2021
The Sweetness of Water: A Novel,Nathan Harris,368,119650,0316362484,historical fiction;identity & culture;book club ideas;the states we’re in;seriously great writing;family matters,2021
"The Third Pole: Mystery, Obsession, and Death on Mount Everest",Mark Synnott,448,174114,152474557X,nonfiction;mysteries & thrillers;eye-opening reads;for history lovers;for sports lovers;tales from around the world;staff picks;rather long,2021
"The Three Mothers: How the Mothers of Martin Luther King, Jr., Malcolm X, and James Baldwin Shaped a Nation",Anna Malaika Tubbs,272,301845,125075612X,staff picks;nonfiction;biography & memoir;for history lovers;eye-opening reads;identity & culture;book club ideas;family matters,2021
The Trees: A Novel,Percival Everett,288,11100,164445064X,historical fiction;the dark side;funny stuff;the states we’re in;book club ideas;mysteries & thrillers;identity & culture;seriously great writing,2021
The Turnout: A Novel,Megan Abbott,352,343873,059308490X,mysteries & thrillers;seriously great writing;family matters;the dark side;for sports lovers;no biz like show biz,2021
The Twilight Zone: A Novel,"Nona Fernández, translated by Natasha Wimmer",192,199931,164445047X,rather short;realistic fiction;seriously great writing;tales from around the world,2021
The Twisted Soul Cookbook: Modern Soul Food with Global Flavors,Deborah VanTrece,208,657002,0847869695,cookbooks & food,2021
The Uncollected Stories of Allan Gurganus,Allan Gurganus,240,1370967,0871403781,"realistic fiction;seriously great writing;short stories, essays & poetry;the states we’re in",2021
The Vixen: A Novel,Francine Prose,336,1099626,0063012146,historical fiction;mysteries & thrillers;book club ideas;family matters;love & romance;staff picks;funny stuff,2021
The Waiting,"Keum Suk Gendry-Kim, translated by Janet Hong",248,1077439,1770464573,comics & graphic novels;tales from around the world;family matters;for history lovers;identity & culture,2021
The Whiteness of Wealth: How the Tax System Impoverishes Black Americans – And How We Can Fix It,Dorothy A. Brown,288,898789,0525577327,nonfiction;the states we’re in;eye-opening reads;staff picks;identity & culture;for history lovers;book club ideas,2021
The Wolf and the Woodsman: A Novel,Ava Reid,432,1231178,0062973126,"sci fi, fantasy & speculative fiction;the dark side;identity & culture;family matters;tales from around the world",2021
The Woman in the Purple Skirt: A Novel,"Natsuko Imamura, translated by Lucy North",224,1034531,014313602X,tales from around the world;mysteries & thrillers;eye-opening reads;the dark side,2021
These Precious Days: Essays,Ann Patchett,320,48083,0063092786,"biography & memoir;book club ideas;family matters;nonfiction;short stories, essays & poetry;seriously great writing",2021
These Toxic Things: A Thriller,Rachel Howzell Hall,430,1051950,1542027470,mysteries & thrillers;family matters;the dark side;identity & culture,2021
This Thing Between Us: A Novel,Gus Moreno,272,18632,0374539235,"sci fi, fantasy & speculative fiction;the dark side;mysteries & thrillers",2021
This is Your Mind on Plants,Michael Pollan,288,660583,0593296907,nonfiction;eye-opening reads;science!;the states we’re in;staff picks;cookbooks & food,2021
Today a Woman Went Mad in the Supermarket: Stories,Hilma Wolitzer,208,1295429,1635577624,"book club ideas;family matters;love & romance;realistic fiction;seriously great writing;short stories, essays & poetry",2021
Too Bright to See,Kyle Lukoff,192,734432,059311115X,"kids’ books;family matters;identity & culture;sci fi, fantasy & speculative fiction;seriously great writing;mysteries & thrillers",2021
Too Small Tola,"Atinuke, illustrated by Onyinye Iwu",96,1142195,1536211273,kids’ books;funny stuff;identity & culture;tales from around the world;family matters,2021
Trust: A Novel,"Domenico Starnone, translated by Jhumpa Lahiri",144,656828,160945703X,realistic fiction;love & romance;tales from around the world;rather short,2021
Twice Alive,Forrest Gander,96,1205730,0811230295,"seriously great writing;science!;short stories, essays & poetry",2021
Under a White Sky: The Nature of the Future,Elizabeth Kolbert,256,227476,0593136276,nonfiction;staff picks;science!;the dark side,2021
"Unsolved Case Files: Escape at 10,000 Feet: D.B. Cooper and the Missing Money",Tom Sullivan,104,48739,0062991515,kids’ books;nonfiction;for history lovers;mysteries & thrillers,2021
Unspeakable: The Tulsa Race Massacre,"Carole Boston Weatherford, illustrated by Floyd Cooper",32,60292,1541581202,identity & culture;for history lovers;the states we’re in;nonfiction;kids’ books;seriously great writing,2021
"Until Justice Be Done: America's First Civil Rights Movement, from the Revolution to Reconstruction",Kate Masur,480,661953,1324005939,nonfiction;for history lovers;the states we’re in;eye-opening reads;staff picks;identity & culture;rather long,2021
Until Proven Safe: The History and Future of Quarantine,Geoff Manaugh and Nicola Twilley,416,1574685,0374126585,nonfiction;for history lovers;science!;eye-opening reads,2021
Velvet Was the Night,Silvia Moreno-Garcia,304,323087,0593356829,historical fiction;mysteries & thrillers;book club ideas;for music lovers;seriously great writing;tales from around the world;the dark side;staff picks,2021
Victories Greater Than Death,Charlie Jane Anders,288,766030,1250317312,"young adult;sci fi, fantasy & speculative fiction;identity & culture",2021
Wake: The Hidden History of Women-Led Slave Revolts,Rebecca Hall and Hugo Martinez,208,531958,1982115181,comics & graphic novels;for history lovers;the states we’re in;nonfiction;eye-opening reads,2021
Walking on Cowrie Shells: Stories,Nana Nkweti,176,1291661,1644450542,"seriously great writing;tales from around the world;short stories, essays & poetry;identity & culture;realistic fiction;book club ideas",2021
Want Me: A Sex Writer's Journey Into the Heart of Desire,Tracy Clark-Flory,320,898953,0143134612,nonfiction;biography & memoir;let’s talk about sex;staff picks;eye-opening reads,2021
Watercress,"Andrea Wang, illustrated by Jason Chin",32,11552,0823446247,identity & culture;family matters;kids’ books,2021
We Are Bridges: A Memoir,Cassandra Lane,232,2244721,1952177928,biography & memoir;family matters;identity & culture;nonfiction;eye-opening reads;the states we’re in,2021
We Are Watching Eliza Bright: A Novel,A.E. Osworth,416,3220129,1538717638,mysteries & thrillers;it’s all geek to me;seriously great writing;book club ideas,2021
We Do This 'Til We Free Us: Abolitionist Organizing and Transforming Justice,Mariame Kaba,240,91848,164259525X,"nonfiction;the states we’re in;staff picks;short stories, essays & poetry;book club ideas;identity & culture;eye-opening reads",2021
We Had a Little Real Estate Problem: The Unheralded Story of Native Americans & Comedy,Kliph Nesteroff,336,1293005,1982103035,nonfiction;funny stuff;identity & culture;no biz like show biz;staff picks;the states we’re in;book club ideas,2021
We Run the Tides: A Novel,Vendela Vida,272,549550,0062936239,staff picks;realistic fiction;book club ideas;mysteries & thrillers,2021
We Were Never Here: A Novel,Andrea Bartz,320,103907,198482046X,realistic fiction;mysteries & thrillers;book club ideas;the dark side;staff picks;tales from around the world,2021
"What Storm, What Thunder",Myriam J.A. Chancy,320,1069845,1951142764,realistic fiction;eye-opening reads;seriously great writing;tales from around the world;staff picks,2021
What Strange Paradise: A Novel,Omar El Akkad,256,285319,0525657908,identity & culture;tales from around the world;eye-opening reads;book club ideas;seriously great writing;realistic fiction,2021
"When Evil Lived in Laurel: The ""White Knights"" and the Murder of Vernon Dahmer",Curtis Wilkie,400,1092526,1324005750,for history lovers;staff picks;nonfiction;the states we’re in;identity & culture,2021
When I Grow Up: The Lost Autobiographies of Six Yiddish Teenagers,Ken Krimstein,240,248020,163557370X,comics & graphic novels;nonfiction;for history lovers;tales from around the world;identity & culture;family matters,2021
While We Were Dating,Jasmine Guillory,352,1064399,0593100840,love & romance;no biz like show biz;staff picks;let’s talk about sex;the states we’re in,2021
White Freedom: The Racial History of an Idea,Tyler Stovall,436,1726938,0691179468,nonfiction;for history lovers;eye-opening reads;identity & culture;the states we’re in;book club ideas,2021
White Magic: Essays,Elissa Washuta,432,560328,195114239X,"nonfiction;biography & memoir;eye-opening reads;short stories, essays & poetry;identity & culture;the dark side",2021
Who is Maud Dixon? A Novel,Alexandra Andrews,336,168547,0316500313,staff picks;mysteries & thrillers;tales from around the world,2021
Why We Fly,Kimberly Jones and Gilly Segal,320,218935,1492678929,young adult;identity & culture;for sports lovers;realistic fiction,2021
Widespread Panic: A Novel,James Ellroy,336,1103539,0593319346,historical fiction;mysteries & thrillers;the states we’re in;the dark side;no biz like show biz,2021
Wild Rain: Women Who Dare,Beverly Jenkins,384,674124,0062861719,love & romance;let’s talk about sex;historical fiction,2021
Win Me Something: A Novel,Kyle Lucia Wu,272,96615,195114273X,book club ideas;family matters;identity & culture;realistic fiction;seriously great writing;the states we’re in,2021
Winter Recipes From the Collective: Poems,Louise Glück,64,1319251,037460410X,"seriously great writing;short stories, essays & poetry",2021
Wishes,"Muon Thi Van, illustrated by Victo Ngai",40,152947,1338305891,family matters;kids’ books;tales from around the world,2021
Women and Other Monsters: Building a New Mythology,Jess Zimmerman,224,1578408,0807054933,"short stories, essays & poetry;book club ideas;staff picks;the dark side;identity & culture;family matters",2021
Yearbook,Seth Rogen,272,122674,1984825402,"biography & memoir;short stories, essays & poetry;funny stuff;no biz like show biz;staff picks;nonfiction",2021
Yellow Wife: A Novel,Sadeqa Johnson,288,122114,1982149108,historical fiction;the states we’re in;book club ideas,2021
Yolk,Mary H.K. Choi,400,1116518,1534446001,realistic fiction;young adult;family matters;identity & culture;staff picks,2021
Zorrie: A Novel,Laird Hunt,176,1608556,1635575362,historical fiction;book club ideas;seriously great writing;the states we’re in;rather short;staff picks,2021
"(Serious) New Cook: Recipes, Tips, and Techniques",Leah Su Quiroga and Cammie Kim Lin,256,1049405,1599621657,cookbooks & food,2022
1-2-3 Scream!,"R.U. Ginns, illustrated by Javier Espila",240,2460832,059337407X,kids’ books;funny stuff,2022
A Down Home Meal for These Difficult Times: Stories,Meron Hadero,224,1098142,163206118X,"short stories, essays & poetry;eye-opening reads;identity & culture;tales from around the world;the states we’re in",2022
A Good Day to Bake: Simple Baking Recipes for Every Mood,Benjamina Ebuehi,192,308213,1787138011,staff picks;cookbooks & food,2022
A House Between Earth and the Moon: A Novel,Rebecca Scherm,400,2403772,1101980109,"sci fi, fantasy & speculative fiction;book club ideas;family matters;science!",2022
A Lady for a Duke,Alexis Hall,480,498890,1538753758,love & romance;historical fiction;identity & culture;let’s talk about sex;rather long;tales from around the world,2022
A Map for the Missing: A Novel,Belinda Huijuan Tang,400,1591045,0593300661,historical fiction;book club ideas;eye-opening reads;family matters;identity & culture;love & romance;seriously great writing;tales from around the world;staff picks,2022
A Merry Little Meet Cute,Julie Murphy and Sierra Simone,432,226242,0063222574,funny stuff;let’s talk about sex;love & romance;staff picks;realistic fiction,2022
A Scatter of Light,Malinda Lo,336,462120,0525555285,young adult;realistic fiction;identity & culture;love & romance,2022
A Tiny Upward Shove: A Novel,Melissa Chadburn,352,1269744,0374277753,seriously great writing;eye-opening reads;identity & culture;book club ideas;the states we’re in,2022
A Warbler's Journey,"Scott Weidensaul, illustrated by Nancy Lane",32,523539,0940719479,kids’ books;tales from around the world;nonfiction,2022
A Woman's Battles and Transformations,"Édouard Louis, translated by Tash Aw",112,882317,0374606749,family matters;identity & culture;rather short;tales from around the world;realistic fiction,2022
Abolition Geography: Essays Towards Liberation,Ruth Wilson Gilmore,512,1029204,1839761709,"nonfiction;the states we’re in;rather long;short stories, essays & poetry",2022
Acceptance: A Memoir,Emi Nietfeld,368,315683,0593489470,nonfiction;biography & memoir;book club ideas;eye-opening reads;family matters;the states we’re in,2022
Adam Smith’s America: How a Scottish Philosopher Became an Icon of American Capitalism,Glory M. Liu,384,1067236,0691203814,staff picks;nonfiction;it’s all geek to me;for history lovers;the states we’re in;eye-opening reads,2022
Aesthetica: A Novel,Allie Rowbottom,264,1381193,1641294000,book club ideas;realistic fiction;eye-opening reads;seriously great writing;the dark side,2022
Africa Risen: A New Era of Speculative Fiction,"edited by Sheree Renée Thomas, Oghenechovwe Donald Ekpeki, Zelda Knight",528,1376433,1250833000,"sci fi, fantasy & speculative fiction;short stories, essays & poetry;tales from around the world;book club ideas",2022
African Town,Irene Latham and Charles Waters,448,1288494,0593322886,"for history lovers;short stories, essays & poetry;young adult;eye-opening reads;staff picks",2022
Age of Cage: Four Decades of Hollywood Through One Singular Career,Keith Phipps,288,689632,1250773040,nonfiction;no biz like show biz;biography & memoir;it’s all geek to me,2022
Alive at the End of the World: Poems,Saeed Jones,104,309418,1566896517,"identity & culture;short stories, essays & poetry;seriously great writing",2022
All My Rage,Sabaa Tahir,384,132544,0593202341,family matters;young adult;identity & culture;realistic fiction;the states we’re in;seriously great writing;book club ideas,2022
All This Could Be Different: A Novel,Sarah Thankam Mathews,320,1050671,0593489128,realistic fiction;funny stuff;identity & culture;the states we’re in,2022
All Your Racial Problems Will Soon End: The Cartoons of Charles Johnson,Charles Johnson,280,2058393,1681376733,comics & graphic novels;eye-opening reads;identity & culture;book club ideas,2022
All the Flowers Kneeling,Paul Tran,112,503345,0143136844,"short stories, essays & poetry;family matters;identity & culture;staff picks",2022
America Made Me a Black Man: A Memoir,Boyah J. Farah,256,1924212,0063073358,staff picks;nonfiction;biography & memoir;tales from around the world;the states we’re in;identity & culture;book club ideas,2022
American Murderer: The Parasite That Haunted the South,Gail Jarrow,160,458885,168437815X,kids’ books;nonfiction;eye-opening reads;for history lovers;science!;it’s all geek to me,2022
An American Martyr in Persia: The Epic Life and Tragic Death of Howard Baskerville,Reza Aslan,384,907531,1324004479,nonfiction;for history lovers;staff picks;tales from around the world;biography & memoir,2022
An Arrow to the Moon,Emily X.R. Pan,400,1682725,0316464058,young adult;identity & culture;love & romance;staff picks;family matters,2022
Ancestor Trouble: A Reckoning and a Reconciliation,Maud Newton,400,742631,0812997921,nonfiction;biography & memoir;book club ideas;eye-opening reads;family matters;identity & culture;the states we’re in;science!,2022
Anon Pls.: A Novel,DeuxMoi,288,1044356,0063257807,staff picks;no biz like show biz;let’s talk about sex;realistic fiction,2022
Anywhere You Run: A Novel,Wanda M. Morris,400,253203,0063082500,the states we’re in;identity & culture;mysteries & thrillers;family matters;historical fiction,2022
Are You Sara? A Novel,S.C. Lalli,384,1221287,0063226278,mysteries & thrillers;book club ideas;identity & culture;the dark side,2022
"Art of the Chicken: A Master Chef's Paintings, Stories, and Recipes of the Humble Bird",Jacques Pépin,256,73217,0358654513,cookbooks & food;for art lovers;biography & memoir;nonfiction,2022
As Long as the Lemon Trees Grow,Zoulfa Katouh,432,30009,0316351377,young adult;tales from around the world;eye-opening reads;identity & culture;realistic fiction,2022
Attack of the Black Rectangles,Amy Sarig King,272,153229,1338680528,realistic fiction;eye-opening reads;kids’ books,2022
Aviva vs. the Dybbuk,Mari Lowe,176,1375535,1646141253,"kids’ books;family matters;sci fi, fantasy & speculative fiction",2022
"Babel, or the Necessity of Violence: An Arcane History of the Oxford Translators' Revolution",R.F. Kuang,560,7499,0063021420,"book club ideas;rather long;seriously great writing;sci fi, fantasy & speculative fiction;for history lovers;tales from around the world",2022
"Bad Sex: Truth, Pleasure, and an Unfinished Revolution",Nona Willis Aronowitz,336,1155357,0593182766,nonfiction;biography & memoir;book club ideas;eye-opening reads;for history lovers;identity & culture;let’s talk about sex;staff picks,2022
Ballad & Dagger (An Outlaw Saints Novel),Daniel José Older,384,288498,1368070825,"sci fi, fantasy & speculative fiction;young adult;identity & culture",2022
Balladz,Sharon Olds,192,585000,1524711616,"short stories, essays & poetry;identity & culture;family matters;seriously great writing",2022
Before All the World: A Novel,Moriel Rothman-Zecher,336,1816208,0374231664,realistic fiction;historical fiction;identity & culture;seriously great writing;the dark side,2022
Before I Let Go,Kennedy Ryan,400,1055,1538706792,realistic fiction;family matters;let’s talk about sex;love & romance,2022
Berry Song,Michaela Goade,40,43318,0316494178,kids’ books;family matters;identity & culture,2022
Best of Friends,Kamila Shamsie,320,1593264,0593421825,realistic fiction;identity & culture;tales from around the world;book club ideas,2022
Better Than Fiction,Alexa Martin,336,288897,0593337220,let’s talk about sex;book club ideas;family matters;love & romance,2022
Birds of Maine,Michael DeForge,464,251160,1770465669,"staff picks;sci fi, fantasy & speculative fiction;comics & graphic novels;funny stuff;rather long",2022
Black Cake: A Novel,Charmaine Wilkerson,400,40285,0593358333,mysteries & thrillers;realistic fiction;family matters;staff picks;book club ideas;tales from around the world,2022
"Blood and Ruins: The Last Imperial War, 1931-1945",Richard Overy,1040,490226,067002516X,nonfiction;for history lovers;rather long;staff picks,2022
Blue: A History of the Color as Deep as the Sea and as Wide as the Sky,"Nana Ekua Brew-Hammond, illustrated by Daniel Minter",40,120266,1984894366,nonfiction;for history lovers;kids’ books,2022
"Body Language: Writers on Identity, Physicality, and Making Space for Ourselves",Nicole Chung and Matt Ortile (editors),336,2062662,1646221311,"nonfiction;biography & memoir;short stories, essays & poetry;book club ideas;eye-opening reads;identity & culture",2022
Body Work: The Radical Power of Personal Narrative,Melissa Febos,192,66145,1646220854,"nonfiction;biography & memoir;for art lovers;let’s talk about sex;short stories, essays & poetry",2022
"Bomb Shelter: Love, Time, and Other Explosives",Mary Laura Philpott,288,1605455,1982160780,"nonfiction;biography & memoir;short stories, essays & poetry;book club ideas;family matters;the states we’re in",2022
Book Lovers,Emily Henry,416,1162,0593334833,funny stuff;love & romance;book club ideas;family matters;staff picks;the states we’re in,2022
Booth: A Novel,Karen Joy Fowler,480,143549,0593331435,historical fiction;rather long;staff picks;family matters;the dark side;book club ideas,2022
Breathless: The Scientific Race to Defeat a Deadly Virus,David Quammen,416,553407,1982164360,nonfiction;eye-opening reads;science!;staff picks,2022
Bronze Drum: A Novel of Sisters and War,Phong Nguyen,402,1279566,1538753707,family matters;historical fiction;identity & culture;tales from around the world;book club ideas,2022
By Hands Now Known: Jim Crow's Legal Executioners,Margaret A. Burnham,352,589735,0393867854,nonfiction;eye-opening reads;for history lovers;staff picks;the states we’re in;identity & culture,2022
"Camera Man: Buster Keaton, the Dawn of Cinema, and the Invention of the Twentieth Century",Dana Stevens,432,750391,1501134191,biography & memoir;for history lovers;nonfiction;no biz like show biz;it’s all geek to me;staff picks,2022
Canopy: Poems,Linda Gregerson,96,2057060,0358622255,"short stories, essays & poetry;eye-opening reads;the dark side",2022
Carrie Soto Is Back: A Novel,Taylor Jenkins Reid,384,42233,0593158687,family matters;for sports lovers;realistic fiction;staff picks,2022
Chilean Poet: A Novel,"Alejandro Zambra, translated by Megan McDowell",368,766953,0593297946,family matters;realistic fiction;funny stuff;identity & culture;staff picks;tales from around the world,2022
"Chinese-Ish: Home Cooking Not Quite Authentic, 100% Delicious",Rosheen Kaul and Joanna Hu,224,149560,162371799X,cookbooks & food;identity & culture,2022
Colu Cooks: Easy Fancy Food,Colu Henry,256,346629,1419747800,cookbooks & food;staff picks,2022
Companion Piece: A Novel,Ali Smith,240,575912,0593316371,book club ideas;for art lovers;eye-opening reads;seriously great writing;realistic fiction;family matters,2022
Constructing a Nervous System: A Memoir,Margo Jefferson,208,904771,152474817X,biography & memoir;seriously great writing;identity & culture;nonfiction;for art lovers,2022
Cruz: A Novel,"Nicolás Ferraro, translated by Mallory N. Craig-Kuhn",312,3865125,1641293969,the dark side;mysteries & thrillers;tales from around the world;family matters,2022
Customs: Poems,Solmaz Sharif,72,155076,1644450798,"eye-opening reads;seriously great writing;tales from around the world;staff picks;identity & culture;short stories, essays & poetry",2022
Dark Goals: How History’s Worst Tyrants Have Used and Abused the Game of Soccer,Luciano Wernicke,240,1544009,1989555845,staff picks;nonfiction;eye-opening reads;for history lovers;for sports lovers;it’s all geek to me;tales from around the world;the dark side,2022
Davos Man: How the Billionaires Devoured the World,Peter S. Goodman,480,332852,0063078309,nonfiction;eye-opening reads;the dark side;rather long,2022
Dead-End Memories: Stories,"Banana Yoshimoto, translated by Asa Yoneda",240,1484057,1640093699,"realistic fiction;short stories, essays & poetry;tales from around the world",2022
Dear Denise: Letters to the Sister I Never Knew,Lisa McNair,216,533185,0817321357,nonfiction;biography & memoir;for history lovers;identity & culture;staff picks;family matters;the states we’re in,2022
Delicious Gatherings: Recipes to Celebrate Together,Tara Teaspoon,272,862921,1639930450,cookbooks & food,2022
Demon Copperhead: A Novel,Barbara Kingsolver,560,2245,0063251922,realistic fiction;the states we’re in;family matters;identity & culture;seriously great writing;book club ideas;rather long;staff picks,2022
Diary of a Misfit: A Memoir and a Mystery,Casey Parks,368,746506,052565853X,nonfiction;biography & memoir;eye-opening reads;family matters;for history lovers;identity & culture;the states we’re in,2022
Diary of a Void: A Novel,"Emi Yagi, translated by David Boyd and Lucy North",224,1022337,0143136879,realistic fiction;book club ideas;eye-opening reads;tales from around the world;staff picks,2022
Did Ye Hear Mammy Died?: A Memoir,Séamas O'Reilly,240,1057586,0316424250,nonfiction;biography & memoir;family matters;tales from around the world;funny stuff,2022
Didn't Nobody Give a Shit What Happened to Carlotta,James Hannaham,352,1046715,0316285277,realistic fiction;funny stuff;the states we’re in;staff picks,2022
Different Kinds of Fruit,Kyle Lukoff,320,865601,0593111184,kids’ books;realistic fiction;family matters;identity & culture,2022
"Dilla Time: The Life and Afterlife of J Dilla, the Hip-Hop Producer Who Reinvented Rhythm",Dan Charnas,480,770485,0374139946,nonfiction;staff picks;biography & memoir;for music lovers;rather long;identity & culture,2022
Dinosaurs: A Novel,Lydia Millet,240,490958,1324021462,realistic fiction;book club ideas;eye-opening reads;family matters;seriously great writing;the states we’re in,2022
Disorientation: A Novel,Elaine Hsieh Chou,416,858489,0593298357,realistic fiction;book club ideas;eye-opening reads;funny stuff;identity & culture;seriously great writing,2022
Dr. No: A Novel,Percival Everett,232,51175,1644452081,mysteries & thrillers;funny stuff;identity & culture;seriously great writing;book club ideas,2022
Ducks: Two Years in the Oil Sands,Kate Beaton,436,62946,1770462899,staff picks;biography & memoir;comics & graphic novels,2022
Either/Or,Elif Batuman,368,971392,0525557598,realistic fiction;funny stuff;book club ideas,2022
Essential Labor: Mothering as Social Change,Angela Garbes,256,275790,0062937367,staff picks;nonfiction;biography & memoir;book club ideas;eye-opening reads;family matters;identity & culture,2022
Even Though I Knew the End,C.L. Polk,144,460103,1250849454,"rather short;sci fi, fantasy & speculative fiction;mysteries & thrillers;love & romance;the dark side",2022
Fabulous Modern Cookies: Lessons in Better Baking for Next-Generation Treats,Paul Arguin and Chris Taylor,360,1078763,1682686590,cookbooks & food,2022
"Faith, Hope and Carnage",Nick Cave and Seán O’Hagan,304,98766,0374607370,nonfiction;biography & memoir;family matters;for music lovers;the dark side,2022
Farmhouse,Sophie Blackall,48,15427,0316528943,kids’ books;family matters;staff picks,2022
Fellowship Point: A Novel,Alice Elliott Dark,592,263383,1982131810,realistic fiction;book club ideas;family matters;seriously great writing;the states we’re in;rather long,2022
Fiona and Jane,Jean Chen Ho,288,1520927,0593296044,realistic fiction;book club ideas;eye-opening reads;family matters;identity & culture;love & romance;seriously great writing;tales from around the world;the states we’re in,2022
Fix Me a Plate: Traditional and New School Soul Food Recipes from Scotty Scott of Cook Drank Eat,Scotty Scott,168,216587,1645674509,cookbooks & food;identity & culture;staff picks,2022
Flung Out of Space: Inspired by the Indecent Adventures of Patricia Highsmith,"Grace Ellis, illustrated by Hannah Templer",208,1401408,141974433X,comics & graphic novels;identity & culture;let’s talk about sex;love & romance;the dark side;biography & memoir,2022
Flying Solo,Linda Holmes,320,226794,0525619275,realistic fiction;family matters;for art lovers;love & romance;the states we’re in,2022
Foster,Claire Keegan,128,5435,080216014X,realistic fiction;book club ideas;family matters;seriously great writing;tales from around the world;rather short,2022
French Braid: A Novel,Anne Tyler,256,698432,059332109X,realistic fiction;family matters;the states we’re in,2022
Fruit Punch: A Memoir,Kendra Allen,176,1713172,0063048531,staff picks;nonfiction;biography & memoir;the states we’re in;identity & culture;rather short,2022
Funny You Should Ask: A Novel,Elissa Sussman,352,47874,0593357329,let’s talk about sex;love & romance;no biz like show biz;staff picks;realistic fiction,2022
Glory: A Novel,NoViolet Bulawayo,416,223474,0525561137,book club ideas;eye-opening reads;family matters;for history lovers;identity & culture;seriously great writing;tales from around the world;realistic fiction,2022
Gods of Want: Stories,K-Ming Chang,224,2532936,0593241584,"sci fi, fantasy & speculative fiction;short stories, essays & poetry;identity & culture;let’s talk about sex;love & romance;family matters;seriously great writing",2022
Golden Ax,Rio Cortez,80,1686267,0143137131,"short stories, essays & poetry;identity & culture;the states we’re in;seriously great writing",2022
Goliath: A Novel,Tochi Onyebuchi,336,1451141,1250782953,"sci fi, fantasy & speculative fiction;eye-opening reads;seriously great writing;identity & culture",2022
Good Inside: A Guide to Becoming the Parent You Want to Be,Becky Kennedy,336,464,0063159481,nonfiction;family matters;eye-opening reads;staff picks,2022
Growing Pangs,"Kathryn Ormsbee, illustrated by Molly Brooks",256,36667,0593301315,kids’ books;family matters;comics & graphic novels,2022
Gullah Geechee Home Cooking: Recipes from the Matriarch of Edisto Island,Emily Meggett,288,20397,1419758780,cookbooks & food;identity & culture;the states we’re in;staff picks,2022
Hanged! Mary Surratt and the Plot to Assassinate Abraham Lincoln,Sarah Miller,352,5869804,0593181573,nonfiction;for history lovers;the states we’re in;young adult;biography & memoir,2022
Heartbroke,Chelsea Bieker,288,1767529,1646221273,"realistic fiction;short stories, essays & poetry;let’s talk about sex;love & romance;seriously great writing;the dark side;the states we’re in",2022
"Hell's Half-Acre: The Untold Story of the Benders, a Serial Killer Family on the American Frontier",Susan Jonusas,368,909794,1984879839,nonfiction;eye-opening reads;the dark side;the states we’re in;family matters;for history lovers,2022
High Times in the Low Parliament,Kelly Robson,160,1127430,1250823021,"rather short;sci fi, fantasy & speculative fiction;seriously great writing;book club ideas;funny stuff",2022
His Name Is George Floyd: One Man’s Life and the Struggle for Racial Justice,Robert Samuels and Toluse Olorunnipa,432,662489,0593490614,staff picks;nonfiction;biography & memoir;identity & culture;the states we’re in;book club ideas;eye-opening reads,2022
Honey & Spice,Bolu Babalola,368,482691,0063141485,love & romance;identity & culture;for music lovers;tales from around the world;let’s talk about sex;realistic fiction,2022
House of Hunger: A Novel,Alexis Henderson,304,539239,0593438469,"staff picks;sci fi, fantasy & speculative fiction;mysteries & thrillers;the dark side",2022
How High We Go in the Dark: A Novel,Sequoia Nagamatsu,304,323092,0063072645,"sci fi, fantasy & speculative fiction;staff picks;the dark side",2022
How to Be Eaten: A Novel,Maria Adelmann,304,673527,0316450847,"staff picks;book club ideas;funny stuff;eye-opening reads;the dark side;sci fi, fantasy & speculative fiction",2022
How to Keep House While Drowning: A Gentle Approach to Cleaning and Organizing,KC Davis,160,3763,1668002841,staff picks;rather short;nonfiction;eye-opening reads;family matters,2022
How to Read Now: Essays,Elaine Castillo,352,544663,0593489632,"nonfiction;short stories, essays & poetry;book club ideas;eye-opening reads;seriously great writing;it’s all geek to me",2022
How to Take Over the World: Practical Schemes and Scientific Solutions for the Aspiring Supervillain,Ryan North,416,291650,059319201X,"sci fi, fantasy & speculative fiction;funny stuff;it’s all geek to me;science!",2022
Human Resources: Poems,Ryann Stevenson,96,2450296,1571315187,"staff picks;short stories, essays & poetry;identity & culture;it’s all geek to me",2022
I Am From Here: Stories and Recipes From a Southern Chef,Vishwesh Bhatt,320,179826,1324006064,cookbooks & food;identity & culture,2022
I Am Golden,"Eva Chen, illustrated by Sophie Diao",40,116778,1250842050,kids’ books;identity & culture;family matters,2022
I Can Explain,Shinsuke Yoshitake,40,236850,1797216902,kids’ books;funny stuff,2022
I Kissed Shara Wheeler: A Novel,Casey McQuiston,368,677541,1250244455,love & romance;young adult;funny stuff;identity & culture;staff picks;mysteries & thrillers;the states we’re in,2022
I Love You Like Yellow,"Andrea Beaty, illustrated by Vashti Harrison",48,270204,1419748076,kids’ books;staff picks,2022
I Must Betray You,Ruta Sepetys,336,30610,198483603X,tales from around the world;mysteries & thrillers;historical fiction;young adult,2022
I'm Glad My Mom Died,Jennette McCurdy,320,870,1982185821,nonfiction;biography & memoir;family matters;no biz like show biz;staff picks,2022
I'm Not Broken: A Memoir,Jesse Leon,336,657562,0593466519,nonfiction;biography & memoir;identity & culture;family matters;the states we’re in,2022
If I Survive You,Jonathan Escoffery,272,1013821,037460598X,"staff picks;realistic fiction;short stories, essays & poetry;book club ideas;family matters;identity & culture;seriously great writing;the states we’re in",2022
If You Could See the Sun,Ann Liang,352,141218,1335915842,"sci fi, fantasy & speculative fiction;young adult;love & romance;identity & culture;tales from around the world",2022
Imagine a City: A Pilot's Journey Across the Urban World,Mark Vanhoenacker,416,1124704,0525657509,nonfiction;biography & memoir;tales from around the world;the states we’re in;staff picks,2022
In Defense of Witches: The Legacy of the Witch Hunts and Why Women Are Still on Trial,"Mona Chollet, translated by Sophie R. Lewis",320,1017327,125027141X,nonfiction;for history lovers,2022
In Love: A Memoir of Love and Loss,Amy Bloom,240,218006,0593243943,nonfiction;biography & memoir;family matters;love & romance;seriously great writing;eye-opening reads;book club ideas,2022
In Sensorium: Notes for My People,Tanaïs,352,1056532,0358381703,biography & memoir;eye-opening reads;for history lovers;identity & culture;nonfiction;seriously great writing;tales from around the world;book club ideas,2022
In a Few Minutes Before Later,Brenda Hillman,200,1065911,0819500151,"short stories, essays & poetry;the states we’re in;seriously great writing",2022
"In the Mouth of the Wolf: A Murder, a Cover-Up, and the True Cost of Silencing the Press",Katherine Corcoran,336,693454,1635575036,nonfiction;mysteries & thrillers;tales from around the world,2022
It Won't Always Be Like This: A Graphic Memoir,Malaka Gharib,224,193643,1984860291,comics & graphic novels;biography & memoir;identity & culture;young adult;nonfiction;tales from around the world;the states we’re in;family matters,2022
"It's Not TV: The Spectacular Rise, Revolution, and Future of HBO",Felix Gillette and John Koblin,416,267863,0593296192,staff picks;nonfiction;no biz like show biz;it’s all geek to me,2022
It’s the End of the World and I’m in My Bathing Suit,Justin A. Reynolds,304,1028985,1338740229,kids’ books;funny stuff,2022
Joan Is Okay: A Novel,Weike Wang,224,1192884,0525654836,book club ideas;family matters;funny stuff;identity & culture;seriously great writing;the states we’re in;staff picks,2022
Jollof Rice and Other Revolutions: A Novel in Interlocking Stories,Omolola Ijeoma Ogunyemi,256,741352,0063117045,"identity & culture;book club ideas;short stories, essays & poetry;tales from around the world;realistic fiction",2022
Just Like Home,Sarah Gailey,352,1028662,1250174724,"sci fi, fantasy & speculative fiction;the dark side;family matters;mysteries & thrillers",2022
Killers of a Certain Age,Deanna Raybourn,368,111213,0593200683,mysteries & thrillers;book club ideas;funny stuff;the dark side,2022
Knight Owl,Christopher Denise,48,1189,031631062X,kids’ books;funny stuff,2022
Korean American: Food That Tastes Like Home,Eric Kim,288,37364,0593233492,cookbooks & food;identity & culture;family matters;staff picks,2022
Koshersoul: The Faith and Food Journey of an African American Jew,Michael W. Twitty,400,671797,0062891758,nonfiction;biography & memoir;cookbooks & food;eye-opening reads;for history lovers;identity & culture;the states we’re in;staff picks,2022
"Lady Justice: Women, the Law, and the Battle to Save America",Dahlia Lithwick,368,242456,0525561382,nonfiction;eye-opening reads;book club ideas;for history lovers;the states we’re in,2022
Lapvona: A Novel,Ottessa Moshfegh,320,127115,0593300262,staff picks;historical fiction;seriously great writing;the dark side,2022
Lark & Kasim Start a Revolution,Kacen Callender,336,1755856,1419756877,identity & culture;love & romance;eye-opening reads;book club ideas;staff picks;young adult,2022
Last Call at the Hotel Imperial: The Reporters Who Took On a World at War,Deborah Cohen,592,279922,0525511199,nonfiction;tales from around the world;staff picks;for history lovers;rather long,2022
Left on Tenth: A Second Chance at Life: A Memoir,Delia Ephron,304,466887,0316267651,nonfiction;biography & memoir;love & romance;family matters;funny stuff;staff picks,2022
Less Is Lost,Andrew Sean Greer,272,570392,0316498904,staff picks;book club ideas;realistic fiction;funny stuff;identity & culture;love & romance;family matters;seriously great writing,2022
Lesser Known Monsters of the 21st Century,Kim Fu,232,211665,1951142993,"sci fi, fantasy & speculative fiction;short stories, essays & poetry;seriously great writing;the dark side",2022
Lessons From the Edge: A Memoir,Marie Yovanovitch,416,211021,0358457548,nonfiction;eye-opening reads;tales from around the world;the states we’re in;staff picks;biography & memoir,2022
Lessons in Chemistry: A Novel,Bonnie Garmus,400,2282,038554734X,book club ideas;science!;staff picks;realistic fiction,2022
Lessons: A Novel,Ian McEwan,448,897443,0593535200,realistic fiction;book club ideas;seriously great writing;family matters,2022
Liberation Day: Stories,George Saunders,256,293063,0525509593,"staff picks;short stories, essays & poetry;seriously great writing;book club ideas;the dark side",2022
Life's Work,David Milch,304,482819,0525510745,nonfiction;biography & memoir;eye-opening reads;family matters;no biz like show biz;seriously great writing;book club ideas,2022
Listen to the Language of the Trees: A Story of How Forests Communicate Underground,"Tera Kelley, illustrated by Marie Hermansson",40,210858,1728232163,kids’ books;nonfiction;science!,2022
Little Monarchs,Jonathan Case,256,1122101,0823442608,"kids’ books;sci fi, fantasy & speculative fiction;comics & graphic novels;science!;the states we’re in",2022
Lost & Found: A Memoir,Kathryn Schulz,256,207530,0525512462,nonfiction;biography & memoir;eye-opening reads;family matters;love & romance;the states we’re in;identity & culture,2022
Love Marriage: A Novel,Monica Ali,432,1706475,1982181478,identity & culture;book club ideas;tales from around the world;family matters;realistic fiction,2022
Love on the Brain,Ali Hazelwood,368,4390,0593336844,staff picks;funny stuff;let’s talk about sex;love & romance;science!,2022
Lucy by the Sea: A Novel,Elizabeth Strout,304,136718,0593446062,realistic fiction;book club ideas;family matters;seriously great writing;the states we’re in,2022
Luda: A Novel,Grant Morrison,448,566711,059335530X,"staff picks;sci fi, fantasy & speculative fiction;rather long;identity & culture;love & romance;no biz like show biz",2022
Lute,Jennifer Thorne,288,525952,125082608X,"sci fi, fantasy & speculative fiction;the dark side;tales from around the world;family matters;mysteries & thrillers",2022
Mademoiselle Revolution,Zoe Sivak,432,1989125,0593336038,historical fiction;tales from around the world;identity & culture;book club ideas,2022
Making Videogames: The Art of Creating Digital Worlds,Duncan Harris and Alex Wiltshire,256,1146203,050002314X,nonfiction;for art lovers;it’s all geek to me;staff picks,2022
Marshmallow Clouds: Two Poets at Play Among Figures of Speech,"Ted Kooser and Connie Wanek, illustrated by Richard Jones",72,693316,1536203033,"kids’ books;short stories, essays & poetry",2022
"Masa: Techniques, Recipes, and Reflections on a Timeless Staple",Jorge Gaviria,272,60674,1797209922,nonfiction;cookbooks & food;for history lovers;identity & culture;staff picks;tales from around the world,2022
Maybe We'll Make It: A Memoir,Margo Price,256,957481,1477323503,nonfiction;biography & memoir;for music lovers;seriously great writing;the states we’re in,2022
Mecca: A Novel,Susan Straight,384,498688,0374604517,seriously great writing;identity & culture;the states we’re in;realistic fiction;staff picks;family matters,2022
Meet Us by the Roaring Sea: A Novel,Akil Kumarasamy,304,1776365,0374177708,"tales from around the world;seriously great writing;identity & culture;sci fi, fantasy & speculative fiction",2022
Memphis: A Novel,Tara M. Stringfellow,272,514117,0593230485,book club ideas;seriously great writing;eye-opening reads;identity & culture;historical fiction;the states we’re in;family matters,2022
Men in Blazers Present Gods of Soccer: The Pantheon of the 100 Greatest Soccer Players (According to Us),"Roger Bennett, Michael Davies and Miranda Davis, illustrated by Nate Kitch",224,53147,1797208012,nonfiction;for sports lovers;funny stuff;staff picks;it’s all geek to me,2022
Mercury Pictures Presents: A Novel,Anthony Marra,432,738732,0451495209,historical fiction;no biz like show biz;seriously great writing;staff picks,2022
Mi Cocina: Recipes and Rapture From My Kitchen in Mexico,Rick Martínez,304,14100,0593138708,cookbooks & food;identity & culture;tales from around the world,2022
Mickey7: A Novel,Edward Ashton,304,73787,1250275032,"sci fi, fantasy & speculative fiction;it’s all geek to me;science!;funny stuff",2022
Milk Street: The World in a Skillet,Christopher Kimball,304,69451,0316387363,cookbooks & food,2022
Miss Quinces: A Graphic Novel,Kat Fajardo,256,52960,1338535595,kids’ books;family matters;identity & culture;tales from around the world;comics & graphic novels,2022
Monarch: A Novel,Candice Wuehle,256,2440669,1593767072,mysteries & thrillers;family matters;seriously great writing;the dark side,2022
"Moon Witch, Spider King (The Dark Star Trilogy)",Marlon James,656,260244,0735220204,"sci fi, fantasy & speculative fiction;seriously great writing;rather long",2022
Mother Ocean Father Nation: A Novel,Nishant Batsha,336,3192548,0063211785,book club ideas;realistic fiction;eye-opening reads;for history lovers;identity & culture;tales from around the world;seriously great writing,2022
Mother of Strangers: A Novel,Suad Amiry,304,1249727,059331655X,staff picks;historical fiction;love & romance;tales from around the world;identity & culture;book club ideas,2022
"Mothercare: On Obligation, Love, Death, and Ambivalence",Lynne Tillman,176,2130130,159376717X,staff picks;nonfiction;biography & memoir;book club ideas;eye-opening reads;family matters;rather short,2022
Mouth to Mouth: A Novel,Antoine Wilson,192,564162,198218180X,realistic fiction;for art lovers;rather short;mysteries & thrillers;staff picks;the dark side,2022
Mr. B: George Balanchine's 20th Century,Jennifer Homans,784,742332,0812994302,seriously great writing;nonfiction;rather long;for art lovers;biography & memoir;no biz like show biz,2022
"Muhammad Najem, War Reporter: How One Boy Put the Spotlight on Syria","Muhammad Najem and Nora Neus, illustrated by Julie Robine",320,190231,0759556903,nonfiction;biography & memoir;comics & graphic novels;kids’ books;eye-opening reads;tales from around the world,2022
My Annihilation: A Novel,"Fuminori Nakamura, translated by Sam Bett",264,500711,1641292725,the dark side;tales from around the world;mysteries & thrillers,2022
My Brother Is Away,"Sara Greenwood, illustrated by Luisa Uribe",40,529564,0593127161,kids’ books;family matters,2022
My Parents Won't Stop Talking!,Emma Hunsinger and Tillie Walden,40,494718,1250800277,kids’ books;family matters;funny stuff,2022
"Nasty, Brutish, and Short: Adventures in Philosophy with My Kids",Scott Hershovitz,384,296263,1984881817,eye-opening reads;family matters;funny stuff;it’s all geek to me;nonfiction,2022
Nettle & Bone,T. Kingfisher,256,62698,1250244048,"sci fi, fantasy & speculative fiction;the dark side",2022
Night of the Living Rez: Stories,Morgan Talty,296,70008,195353418X,"realistic fiction;short stories, essays & poetry;family matters;identity & culture;seriously great writing;the states we’re in",2022
Nightcrawling: A Novel,Leila Mottley,288,142183,0593318935,realistic fiction;book club ideas;staff picks;let’s talk about sex;seriously great writing;family matters,2022
Nomad Century: How Climate Migration Will Reshape Our World,Gaia Vince,288,890033,1250821614,staff picks;nonfiction;science!;it’s all geek to me;eye-opening reads;tales from around the world,2022
Nona the Ninth,Tamsyn Muir,480,36771,1250854113,"staff picks;sci fi, fantasy & speculative fiction;rather long",2022
Noor and Bobby,"Praline Gay-Para, illustrated by Lauranne Quentric, and translated by Alyson Waters",40,4284982,1632063271,kids’ books;tales from around the world;family matters,2022
Notes on Your Sudden Disappearance: A Novel,Alison Espach,352,184784,1250823145,realistic fiction;book club ideas;family matters;seriously great writing;the states we’re in,2022
Now Do You Know Where You Are,Dana Levin,96,1631212,1556596332,"the dark side;short stories, essays & poetry;the states we’re in",2022
Nuclear Family: A Novel,Joseph Han,320,1676094,1640094865,realistic fiction;book club ideas;eye-opening reads;family matters;funny stuff;identity & culture;seriously great writing;the states we’re in;tales from around the world,2022
Olga Dies Dreaming: A Novel,Xochitl Gonzalez,384,177714,1250786177,realistic fiction;identity & culture;love & romance;the states we’re in;staff picks;family matters,2022
On the Rooftop: A Novel,Margaret Wilkerson Sexton,304,862014,0063139960,realistic fiction;book club ideas;family matters;for music lovers;identity & culture;seriously great writing;the states we’re in,2022
One True Loves,Elise Bryant,320,1376310,0062982869,staff picks;book club ideas;funny stuff;eye-opening reads,2022
One for All: A Novel,Lillie Lainoff,400,1439869,0374314616,"young adult;identity & culture;love & romance;sci fi, fantasy & speculative fiction;historical fiction;tales from around the world",2022
Ophelia After All,Racquel Marie,352,1306100,1250797306,realistic fiction;identity & culture;young adult,2022
Ordinary Monsters: A Novel,J.M. Miro,672,328230,1250833663,"sci fi, fantasy & speculative fiction;seriously great writing;the dark side;rather long;historical fiction",2022
Origin: A Genetic History of the Americas,Jennifer Raff,368,248346,1538749718,nonfiction;science!;identity & culture;for history lovers,2022
Ottolenghi Test Kitchen: Extra Good Things,Noor Murad and Yotam Ottolenghi,256,118396,0593234383,cookbooks & food,2022
Our Last Days in Barcelona,Chanel Cleeton,320,94308,0593197828,historical fiction;book club ideas;eye-opening reads;family matters;love & romance;identity & culture;tales from around the world,2022
Our Missing Hearts: A Novel,Celeste Ng,352,106498,0593492544,book club ideas;family matters;identity & culture;the dark side;seriously great writing;the states we’re in,2022
Our Wives Under the Sea: A Novel,Julia Armfield,240,905324,1250229898,"sci fi, fantasy & speculative fiction;seriously great writing;identity & culture;the dark side;love & romance;staff picks",2022
Paradais,"Fernanda Melchor, translated by Sophie Hughes",128,966736,0811231321,realistic fiction;eye-opening reads;seriously great writing;the dark side;tales from around the world;rather short,2022
Partners in Crime: A Novel,Alisha Rai,400,705532,0063119463,let’s talk about sex;love & romance;staff picks;realistic fiction,2022
Patricia Wants to Cuddle: A Novel,Samantha Allen,256,641672,163893004X,"sci fi, fantasy & speculative fiction;funny stuff;identity & culture;love & romance;no biz like show biz",2022
Persiana Everyday,Sabrina Ghayour,240,315416,1783255145,staff picks;cookbooks & food,2022
Plant-Based India: Nourishing Recipes Rooted in Tradition,Sheil Shukla,256,84270,1615198539,cookbooks & food,2022
Portrait of a Thief: A Novel,Grace D. Li,384,1238499,0593184734,for art lovers;for history lovers;identity & culture;mysteries & thrillers;staff picks,2022
Present Tense Machine: A Novel,"Gunnhild Øyehaug, translated by Sophie Hughes",176,3743065,0374237174,"eye-opening reads;family matters;identity & culture;sci fi, fantasy & speculative fiction;tales from around the world;rather short",2022
Punks: New & Selected Poems,John Keene,234,482568,1737277522,"short stories, essays & poetry;identity & culture;seriously great writing;love & romance;let’s talk about sex",2022
Rainbow Rainbow: Stories,Lydia Conklin,256,1674160,164622101X,"realistic fiction;short stories, essays & poetry;book club ideas;eye-opening reads;identity & culture;seriously great writing",2022
Ramón and Julieta,Alana Quintana Albertson,304,878133,0593336224,love & romance;family matters;identity & culture;realistic fiction;staff picks;the states we’re in,2022
Recitatif: A Story,Toni Morrison,96,31683,0593315030,realistic fiction;book club ideas;eye-opening reads;identity & culture;seriously great writing;rather short,2022
Red Paint: An Ancestral Autobiography of a Coast Salish Punk,Sasha taqʷšəblu LaPointe,240,552355,1640094148,nonfiction;biography & memoir;eye-opening reads;family matters;identity & culture;seriously great writing;the states we’re in;for music lovers,2022
Red Scare: A Graphic Novel,Liam Francis Walsh,240,1075146,1338167081,"kids’ books;historical fiction;sci fi, fantasy & speculative fiction;comics & graphic novels;mysteries & thrillers",2022
Reputation: A Novel,Sarah Vaughan,336,1223229,1668000067,staff picks;mysteries & thrillers;tales from around the world;family matters,2022
Reward System: Stories,Jem Calder,304,3157509,0374602425,"realistic fiction;short stories, essays & poetry;book club ideas;seriously great writing;identity & culture",2022
"River of the Gods: Genius, Courage, and Betrayal in the Search for the Source of the Nile",Candice Millard,368,148959,0385543107,nonfiction;eye-opening reads;tales from around the world;staff picks;for history lovers;the dark side,2022
"Rogues: True Stories of Grifters, Killers, Rebels and Crooks",Patrick Radden Keefe,368,250138,0385548516,"nonfiction;mysteries & thrillers;short stories, essays & poetry;book club ideas;for history lovers;seriously great writing",2022
"Roses, in the Mouth of a Lion: A Novel",Bushra Rehman,288,1291992,1250834783,the states we’re in;identity & culture;realistic fiction;family matters,2022
Runaway: Notes on the Myths That Made Me,Erin Keane,210,4729019,195336831X,nonfiction;biography & memoir;family matters;no biz like show biz;the states we’re in;book club ideas,2022
Rust in the Root,Justina Ireland,448,1548209,0063038226,"sci fi, fantasy & speculative fiction;young adult;for history lovers;the dark side;identity & culture",2022
Salmon P. Chase: Lincoln's Vital Rival,Walter Stahr,848,866195,1501199234,nonfiction;biography & memoir;for history lovers;the states we’re in;rather long;staff picks,2022
Scattered All Over the Earth,"Yoko Tawada, translated by Margaret Mitsutani",256,450294,0811229289,"sci fi, fantasy & speculative fiction;tales from around the world;eye-opening reads;the dark side;seriously great writing",2022
Scenes from My Life: A Memoir,Michael K. Williams and Jon Sternfeld,288,272935,0593240375,staff picks;nonfiction;biography & memoir;identity & culture;no biz like show biz,2022
"Scoundrel: How a Convicted Murderer Persuaded the Women Who Loved Him, the Conservative Establishment, and the Courts to Set Him Free",Sarah Weinman,464,1430582,0062899767,the dark side;for history lovers;eye-opening reads;nonfiction,2022
Sea of Tranquility: A Novel,Emily St. John Mandel,272,60956,0593321448,"seriously great writing;sci fi, fantasy & speculative fiction;book club ideas;the dark side;staff picks",2022
Search: A Novel,Michelle Huneven,400,189337,059330005X,realistic fiction;book club ideas;funny stuff;staff picks;cookbooks & food,2022
Secret Identity: A Novel,Alex Segura,368,349428,1250801745,historical fiction;mysteries & thrillers;identity & culture;for art lovers;the states we’re in,2022
Shine Bright: A Very Personal History of Black Women in Pop,Danyel Smith,320,910560,0593132718,nonfiction;staff picks;biography & memoir;book club ideas;eye-opening reads;for music lovers;identity & culture;no biz like show biz,2022
Shit Cassandra Saw: Stories,Gwen E. Kirby,288,535920,0143136623,"short stories, essays & poetry;book club ideas;seriously great writing",2022
Shutter: A Novel,Ramona Emerson,312,257514,1641293330,"the dark side;mysteries & thrillers;sci fi, fantasy & speculative fiction;book club ideas;the states we’re in;seriously great writing",2022
Singer Distance: A Novel,Ethan Chatagnier,288,1928804,1953534430,"sci fi, fantasy & speculative fiction;love & romance;science!",2022
Sinking Bell: Stories,Bojan Louis,192,1309986,1644452030,"realistic fiction;short stories, essays & poetry;eye-opening reads;seriously great writing;the states we’re in;identity & culture",2022
Siren Queen,Nghi Vo,288,259436,1250788838,"historical fiction;sci fi, fantasy & speculative fiction;book club ideas;no biz like show biz;seriously great writing",2022
Skater Cielo,Rachel Katstaller,40,174423,1338751115,kids’ books;for sports lovers,2022
Smahtguy: The Life and Times of Barney Frank,Eric Orner,224,1471630,1250191580,comics & graphic novels;biography & memoir;for history lovers;identity & culture;the states we’re in,2022
Smitten Kitchen Keepers: New Classics for Your Forever Files: A Cookbook,Deb Perelman,320,17698,0593318781,staff picks;cookbooks & food,2022
Solito: A Memoir,Javier Zamora,400,16873,0593498062,nonfiction;biography & memoir;book club ideas;tales from around the world;the states we’re in;seriously great writing;eye-opening reads;staff picks;young adult,2022
"Sometimes, All I Need Is Me",Juliana Perdomo,32,849872,1536218049,kids’ books;staff picks,2022
"Somewhere Sisters: A Story of Adoption, Identity, and the Meaning of Family",Erika Hayasaki,320,1583848,1616209127,nonfiction;book club ideas;eye-opening reads;family matters;identity & culture;tales from around the world;the states we’re in,2022
Spadework for a Palace,"László Krasznahorkai, translated by John Batki",80,945446,0811228401,"eye-opening reads;rather short;the states we’re in;the dark side;short stories, essays & poetry",2022
Spine Poems: An Eclectic Collection of Found Verse for Book Lovers,Annette Dauphin Simon,224,1042501,0063208229,"short stories, essays & poetry;funny stuff;it’s all geek to me",2022
Star Child: A Biographical Constellation of Octavia Estelle Butler,Ibi Zoboi,128,891300,0399187383,"kids’ books;nonfiction;biography & memoir;short stories, essays & poetry;young adult;identity & culture;it’s all geek to me",2022
Stay True: A Memoir,Hua Hsu,208,102374,0385547773,nonfiction;biography & memoir;identity & culture;the states we’re in;for music lovers,2022
Stella Maris,Cormac McCarthy,208,456799,0307269000,seriously great writing;mysteries & thrillers;family matters;realistic fiction,2022
Still Life,Jay Hopler,63,1242304,1952119375,"short stories, essays & poetry;seriously great writing;family matters",2022
Stories from the Tenants Downstairs,Sidik Fofana,224,1110308,1982145811,"short stories, essays & poetry;realistic fiction;book club ideas;seriously great writing;staff picks;the states we’re in",2022
Strangers to Ourselves: Unsettled Minds and the Stories That Make Us,Rachel Aviv,288,162622,0374600848,nonfiction;eye-opening reads;family matters;identity & culture;seriously great writing;science!;the states we’re in,2022
"Sweet, Soft, Plenty Rhythm",Laura Warrell,368,1604731,0593316444,realistic fiction;book club ideas;family matters;for music lovers;staff picks;seriously great writing,2022
Take My Hand,Dolen Perkins-Valdez,368,54905,0593337697,historical fiction;book club ideas;seriously great writing;eye-opening reads;the states we’re in;identity & culture,2022
Tangier in the Rain,"Fabien Grolleau, illustrated by Abdel de Bruxelles and translated by David Christensen",,,,comics & graphic novels;eye-opening reads;for art lovers;identity & culture;tales from around the world,2022
Teenager: A Novel,"Bud Smith, illustrated by Rae Buleri",400,884145,0593315227,realistic fiction;love & romance;the states we’re in;funny stuff;the dark side,2022
Tell Me I'm an Artist: A Novel,Chelsea Martin,368,2291416,1593767218,realistic fiction;family matters;no biz like show biz;funny stuff;for art lovers,2022
Thank You for Listening,Julia Whelan,432,66517,0063095564,staff picks;let’s talk about sex;love & romance;funny stuff;no biz like show biz,2022
"Thank You, Mr. Nixon: Stories",Gish Jen,272,919604,0593319893,"short stories, essays & poetry;realistic fiction;eye-opening reads;identity & culture;seriously great writing;tales from around the world;the states we’re in",2022
The Angel of Rome: And Other Stories,Jess Walter,288,700587,006286811X,"staff picks;short stories, essays & poetry;family matters;funny stuff;love & romance;seriously great writing;realistic fiction",2022
The Aquanaut,Dan Santat,256,69248,0545497612,kids’ books;comics & graphic novels;family matters,2022
The Art of Pantry Cooking: Meals for Family and Friends,Ronda Carman,256,2778928,0847871568,cookbooks & food,2022
"The Baby on the Fire Escape: Creativity, Motherhood, and the Mind-Baby Problem",Julie Phillips,320,1299408,0393088596,nonfiction;biography & memoir;book club ideas;eye-opening reads;family matters;for art lovers;identity & culture,2022
The Book Eaters,Sunyi Dean,304,659620,1250810183,"sci fi, fantasy & speculative fiction;book club ideas;family matters;identity & culture;tales from around the world;the dark side",2022
The Book of Everlasting Things: A Novel,Aanchal Malhotra,480,1089403,1250802024,tales from around the world;seriously great writing;identity & culture;family matters;historical fiction;love & romance;book club ideas;rather long,2022
The Book of Goose: A Novel,Yiyun Li,368,913289,037460634X,historical fiction;eye-opening reads;seriously great writing;tales from around the world;the dark side;book club ideas,2022
The Book of Wanderers,Reyes Ramirez,192,407918,0816543275,"tales from around the world;identity & culture;short stories, essays & poetry;rather short",2022
The Books of Jacob: A Novel,"Olga Tokarczuk, translated by Jennifer Croft",992,446136,0593087488,eye-opening reads;family matters;historical fiction;identity & culture;seriously great writing;rather long;tales from around the world,2022
The Candy House: A Novel,Jennifer Egan,352,165849,1476716765,"sci fi, fantasy & speculative fiction;book club ideas;it’s all geek to me;seriously great writing;the states we’re in;staff picks;the dark side;family matters",2022
The Catalogue of Hugs,"Joshua David Stein and Augustus Heeren Stein, illustrated by Elizabeth Lilly",56,1725402,059352179X,kids’ books;family matters;funny stuff;love & romance,2022
The Chaos Machine: The Inside Story of How Social Media Rewired Our Minds and Our World,Max Fisher,400,136435,031670332X,nonfiction;book club ideas;eye-opening reads;it’s all geek to me;seriously great writing;staff picks;science!,2022
The Complicated Calculus (and Cows) of Carl Paulsen,Gary Eldon Peter,164,2883813,1646032535,staff picks;young adult;family matters;identity & culture;love & romance;rather short,2022
The Confessions of Matthew Strong: A Novel,Ousmane K. Power-Greene,416,3003815,1635422086,mysteries & thrillers;identity & culture;the states we’re in;the dark side;book club ideas,2022
The Consequences: Stories,Manuel Muñoz,224,236706,1644452065,"realistic fiction;short stories, essays & poetry;book club ideas;identity & culture;seriously great writing;the states we’re in",2022
The Daughter of Doctor Moreau,Silvia Moreno-Garcia,320,720082,0593355334,"staff picks;historical fiction;sci fi, fantasy & speculative fiction;mysteries & thrillers;tales from around the world",2022
The Devil Takes You Home,Gabino Iglesias,320,487749,0316426911,mysteries & thrillers;the dark side;seriously great writing;staff picks,2022
The Family Chao: A Novel,Lan Samantha Chang,320,1079140,0393868079,realistic fiction;book club ideas;eye-opening reads;family matters;identity & culture;the states we’re in,2022
The Family Outing: A Memoir,Jessi Hempel,320,1222238,0063079011,nonfiction;biography & memoir;eye-opening reads;family matters;identity & culture,2022
The Fervor: A Novel,Alma Katsu,320,1248725,0593328337,"the dark side;the states we’re in;sci fi, fantasy & speculative fiction;historical fiction;identity & culture;mysteries & thrillers",2022
The First Kennedys: The Humble Roots of an American Dynasty,Neal Thompson,352,731024,0358437695,nonfiction;eye-opening reads;for history lovers;staff picks;the states we’re in;family matters;identity & culture,2022
The First to Die at the End,Adam Silvera,560,85773,0063240807,"the dark side;young adult;love & romance;sci fi, fantasy & speculative fiction;rather long",2022
The Flamingo,Guojing,144,317316,0593127315,kids’ books;comics & graphic novels;family matters;for art lovers;tales from around the world,2022
The Fortunes of Jaded Women: A Novel,Carolyn Huynh,272,51769,1982188731,book club ideas;funny stuff;identity & culture;the states we’re in;realistic fiction;family matters,2022
The Getaway,Lamar Giles,400,190239,1338752014,the dark side;young adult;identity & culture;mysteries & thrillers,2022
The Girl Who Fell Beneath the Sea,Axie Oh,336,16125,1250780861,"young adult;identity & culture;love & romance;sci fi, fantasy & speculative fiction;seriously great writing;tales from around the world",2022
The Great Zapfino,"Mac Barnett, illustrated by Marla Frazee",32,1403575,1534411542,kids’ books;no biz like show biz;staff picks,2022
The Grimkes: The Legacy of Slavery in an American Family,Kerri K. Greenidge,432,754460,1324090847,nonfiction;eye-opening reads;for history lovers;identity & culture;seriously great writing;the states we’re in;book club ideas;family matters,2022
The Hacienda,Isabel Ca&ntilde;as,352,133995,0593436695,"sci fi, fantasy & speculative fiction;historical fiction;mysteries & thrillers;the dark side;family matters;tales from around the world;staff picks",2022
The Haunting of Hajji Hotak and Other Stories,Jamil Jan Kochai,288,895971,0593297199,"eye-opening reads;tales from around the world;the dark side;book club ideas;short stories, essays & poetry",2022
The Hero of This Book: A Novel,Elizabeth McCracken,192,485548,0062971271,realistic fiction;book club ideas;family matters;seriously great writing,2022
The Honeys,Ryan La Sala,352,561041,133874531X,"sci fi, fantasy & speculative fiction;young adult;the dark side;family matters;identity & culture",2022
The Hurting Kind,Ada Limón,120,70528,1639550496,"short stories, essays & poetry;staff picks",2022
The Immortal King Rao,Vauhini Vara,384,1217265,0393541754,"book club ideas;eye-opening reads;for history lovers;identity & culture;rather long;sci fi, fantasy & speculative fiction;tales from around the world;the states we’re in;family matters",2022
The Invisible Kingdom: Reimagining Chronic Illness,Meghan O’Rourke,336,467352,1594633797,staff picks;nonfiction;seriously great writing;book club ideas;eye-opening reads;science!,2022
The Islands: Stories,Dionne Irving,272,1066793,1646220668,"identity & culture;tales from around the world;short stories, essays & poetry;the states we’re in;book club ideas",2022
The Keeper,"Tananarive Due and Steven Barnes, illustrated by Marco Finnegan",176,307690,1419751557,"mysteries & thrillers;young adult;comics & graphic novels;sci fi, fantasy & speculative fiction;the dark side;family matters;rather short",2022
The Kissing of Kissing: Poems,Hannah Emerson,96,1424561,1571315497,"short stories, essays & poetry",2022
The Last Beekeeper,Pablo Cartaya,304,1295119,0063006553,"sci fi, fantasy & speculative fiction;kids’ books",2022
The Last Dreamwalker,Rita Woods,272,1628072,1250805619,"book club ideas;eye-opening reads;family matters;for history lovers;identity & culture;sci fi, fantasy & speculative fiction;seriously great writing;the dark side;the states we’re in",2022
The Last Folk Hero: The Life and Myth of Bo Jackson,Jeff Pearlman,496,187003,0358437679,staff picks;rather long;nonfiction;biography & memoir;for sports lovers;the states we’re in,2022
"The Last Slave Ship: The True Story of How 'Clotilda' Was Found, Her Descendants, and an Extraordinary Reckoning",Ben Raines,304,206795,1982136049,for history lovers;nonfiction;identity & culture;staff picks,2022
The Last White Man: A Novel,Mohsin Hamid,192,253425,0593538811,"staff picks;identity & culture;seriously great writing;eye-opening reads;book club ideas;sci fi, fantasy & speculative fiction",2022
The Latecomer,Jean Hanff Korelitz,448,174747,1250790794,realistic fiction;book club ideas;family matters;staff picks,2022
The Latinist: A Novel,Mark Prins,352,1758258,0393541274,realistic fiction;mysteries & thrillers;the dark side;staff picks,2022
The Letters of Oscar Hammerstein II,Mark Horowitz (editor),1088,940778,0197538185,nonfiction;biography & memoir;for music lovers;for history lovers;no biz like show biz;seriously great writing;rather long;it’s all geek to me;staff picks,2022
The Light Pirate,Lily Brooks-Dalton,336,189161,1538708272,"staff picks;sci fi, fantasy & speculative fiction;book club ideas;the states we’re in;the dark side",2022
The Man Who Could Move Clouds: A Memoir,Ingrid Rojas Contreras,320,1049296,0385546661,staff picks;tales from around the world;family matters;identity & culture;biography & memoir;nonfiction;seriously great writing;book club ideas,2022
The Marriage Portrait: A Novel,Maggie O'Farrell,352,88599,059332062X,seriously great writing;historical fiction;book club ideas;the dark side;tales from around the world,2022
The Memory Librarian: And Other Stories of Dirty Computer,Janelle Monáe,336,580358,0063070871,"sci fi, fantasy & speculative fiction;short stories, essays & poetry;for music lovers;it’s all geek to me;identity & culture",2022
The Monsters We Defy,Leslye Penelope,384,173783,0316377910,"sci fi, fantasy & speculative fiction;mysteries & thrillers;for history lovers;book club ideas;love & romance;identity & culture;the states we’re in",2022
The More You Give,"Marcy Campbell, illustrated by Francesca Sanna",48,851811,0593372735,kids’ books;family matters,2022
The Mutual Friend: A Novel,Carter Bays,480,753718,0593186761,funny stuff;rather long;realistic fiction,2022
The Newlyweds: Rearranging Marriage in Modern India,Mansi Choksi,288,2705278,1982134445,nonfiction;book club ideas;eye-opening reads;family matters;identity & culture;love & romance;seriously great writing;tales from around the world,2022
The Night Eaters: She Eats the Night,Marjorie Liu and Sana Takeda,208,67624,1419758705,"comics & graphic novels;identity & culture;sci fi, fantasy & speculative fiction;the dark side;rather short;family matters",2022
The Nineties: A Book,Chuck Klosterman,384,204346,0735217955,nonfiction;for history lovers;for music lovers;staff picks;it’s all geek to me;for sports lovers,2022
The No-Show: A Novel,Beth O'Leary,352,220452,0593438442,funny stuff;love & romance,2022
The Novelist: A Novel,Jordan Castro,208,2093331,1593767137,realistic fiction;funny stuff;seriously great writing;the states we’re in;rather short;for art lovers;it’s all geek to me,2022
The Old Woman with the Knife: A Novel,"Gu Byeong-mo, translated by Chi-Young Kim",288,957440,1335425764,realistic fiction;mysteries & thrillers;tales from around the world;the dark side,2022
The Other Side of Night: A Novel,Adam Hamdy,304,367128,1982196181,mysteries & thrillers;the dark side,2022
The Pallbearers Club,Paul Tremblay,288,899336,0063069911,"sci fi, fantasy & speculative fiction;mysteries & thrillers;book club ideas;the dark side;staff picks",2022
The Paradox Hotel: A Novel,Rob Hart,336,169014,1984820648,"sci fi, fantasy & speculative fiction;mysteries & thrillers;the dark side;it’s all geek to me",2022
The Paris Apartment: A Novel,Lucy Foley,368,65135,0063003058,mysteries & thrillers;book club ideas;the dark side;staff picks;tales from around the world,2022
The Passenger,Cormac McCarthy,400,180963,0307268993,seriously great writing;mysteries & thrillers;family matters;realistic fiction,2022
The Peanutbutter Sisters and Other American Stories,Rumi Hara,180,3358340,1770464956,"book club ideas;comics & graphic novels;eye-opening reads;identity & culture;sci fi, fantasy & speculative fiction;the states we’re in;short stories, essays & poetry",2022
The Power Law: Venture Capital and the Making of the New Future,Sebastian Mallaby,496,35900,052555999X,nonfiction;for history lovers;it’s all geek to me;the states we’re in;staff picks,2022
The Power of Regret: How Looking Backward Moves Us Forward,Daniel Pink,256,34647,0735210659,nonfiction;eye-opening reads;it’s all geek to me;science!,2022
The Rabbit Hutch: A Novel,Tess Gunty,352,738110,0593534662,realistic fiction;staff picks;the states we’re in;identity & culture,2022
The Real Dada Mother Goose: A Treasury of Complete Nonsense,"Jon Scieszka, illustrated by Julia Rothman",80,871020,0763694347,kids’ books;funny stuff;for art lovers,2022
The Red Palace,June Hur,336,540107,1250800552,historical fiction;young adult;mysteries & thrillers;tales from around the world,2022
The Return of Faraz Ali: A Novel,Aamina Ahmad,352,1694554,0593330188,realistic fiction;seriously great writing;mysteries & thrillers;tales from around the world;staff picks;family matters,2022
The Revolutionary: Samuel Adams,Stacy Schiff,432,64645,0316441112,nonfiction;biography & memoir;book club ideas;for history lovers;the states we’re in;staff picks;seriously great writing,2022
The Rupture Tense: Poems,Jenny Xie,120,918814,1644452014,"family matters;for history lovers;identity & culture;seriously great writing;short stories, essays & poetry;tales from around the world",2022
The School for Good Mothers: A Novel,Jessamine Chan,336,540755,1982156120,"sci fi, fantasy & speculative fiction;book club ideas;eye-opening reads;family matters;identity & culture;the states we’re in;staff picks;the dark side",2022
The Seven Moons of Maali Almeida,Shehan Karunatilaka,400,9534,132406482X,"tales from around the world;seriously great writing;identity & culture;sci fi, fantasy & speculative fiction;historical fiction;book club ideas",2022
The Southernization of America: A Story of Democracy in the Balance,Cynthia Tucker and Frye Gaillard,176,1545172,158838456X,"for history lovers;identity & culture;the states we’re in;rather short;staff picks;nonfiction;short stories, essays & poetry",2022
The Star That Always Stays,Anna Rose Johnson,288,886511,0823450406,kids’ books;historical fiction;identity & culture;family matters;the states we’re in,2022
The Stars Are Not Yet Bells: A Novel,Hannah Lillith Assadi,240,1446400,0593084365,historical fiction;family matters;love & romance;seriously great writing;the states we’re in;the dark side,2022
The Summer of Bitter and Sweet,Jen Ferguson,384,1091587,0063086166,realistic fiction;identity & culture;young adult;tales from around the world,2022
The Swimmers: A Novel,Julie Otsuka,192,216519,0593321332,realistic fiction;seriously great writing;rather short;staff picks;family matters,2022
The Symmetry of Fish,Su Cho,80,1542945,0143137255,"short stories, essays & poetry;book club ideas;family matters;identity & culture;seriously great writing;tales from around the world",2022
The Third Person,Emma Grove,920,799030,1770466150,nonfiction;biography & memoir;comics & graphic novels;for art lovers;eye-opening reads;identity & culture,2022
The Trayvon Generation,Elizabeth Alexander,160,898338,1538737892,"staff picks;nonfiction;short stories, essays & poetry;book club ideas;eye-opening reads;for art lovers;identity & culture;seriously great writing",2022
The Treeline: The Last Forest and the Future of Life on Earth,Ben Rawlence,320,859035,1250270235,nonfiction;eye-opening reads;science!;tales from around the world;it’s all geek to me,2022
The True Account of Myself as a Bird,Robert Wrigley,112,317820,0143137247,"short stories, essays & poetry;eye-opening reads",2022
The Velveteen Rabbit: 100th Anniversary Edition,"Margery Williams, illustrated by Erin Stead",48,174566,0593382102,kids’ books;family matters;love & romance,2022
The Verifiers: A Novel,Jane Pek,368,120888,0593313798,realistic fiction;mysteries & thrillers;the states we’re in;staff picks;identity & culture,2022
The Violin Conspiracy: A Novel,Brendan Slocumb,352,77554,0593315413,mysteries & thrillers;family matters;for music lovers;staff picks;identity & culture,2022
The Weight of Blood,Tiffany D. Jackson,416,52606,0063029146,the dark side;young adult;identity & culture;mysteries & thrillers,2022
The Wild Hunt: A Novel,Emma Seckel,360,1186764,1953534228,"rather short;sci fi, fantasy & speculative fiction;seriously great writing;book club ideas;tales from around the world;historical fiction",2022
The Wok: Recipes and Techniques,J. Kenji López-Alt,672,5992,0393541215,cookbooks & food,2022
The Woks of Life: Recipes to Know and Love from a Chinese American Family: A Cookbook,"Bill Leung, Kaitlin Leung, Judy Leung and Sarah Leung",320,7626,0593233891,staff picks;cookbooks & food;family matters;identity & culture,2022
The Woman Who Killed the Fish,"Clarice Lispector, translated by Benjamin Moser",80,1196017,0811229602,"eye-opening reads;rather short;short stories, essays & poetry;young adult",2022
The World Keeps Ending and the World Goes On: Poems,Franny Choi,144,1205976,0063240084,"short stories, essays & poetry;the states we’re in;identity & culture;seriously great writing",2022
The World's Worst Assistant,Sona Movsesian,272,74504,059318551X,staff picks;nonfiction;biography & memoir;funny stuff;no biz like show biz,2022
The Year We Learned to Fly,"Jacqueline Woodson, illustrated by Rafael López",32,10468,0399545530,kids’ books;staff picks;identity & culture,2022
This Story Is Not About a Kitten,"Randall de Sève, illustrated by Carson Ellis",40,94127,0593374533,kids’ books;staff picks,2022
Thistlefoot: A Novel,GennaRose Nethercott,448,793521,059346883X,"staff picks;sci fi, fantasy & speculative fiction;the dark side;rather long;seriously great writing;identity & culture;book club ideas",2022
Time Is a Mother,Ocean Vuong,128,77594,0593300238,"short stories, essays & poetry;family matters;staff picks;seriously great writing",2022
Time Zone J,Julie Doucet,144,1956354,1770464980,comics & graphic novels;biography & memoir;love & romance;nonfiction;rather short,2022
To Paradise,Hanya Yanagihara,720,210513,0385547935,"sci fi, fantasy & speculative fiction;book club ideas;eye-opening reads;family matters;identity & culture;love & romance;seriously great writing;the states we’re in;rather long",2022
Tokyo Rose – Zero Hour: A Japanese American Woman's Persecution and Ultimate Redemption After World War II,"Andre Frattino, illustrated by Kate Kasenow",128,2042723,4805316950,comics & graphic novels;nonfiction;biography & memoir;for history lovers;identity & culture;tales from around the world;rather short,2022
"Tomorrow, and Tomorrow, and Tomorrow: A Novel",Gabrielle Zevin,416,6702,0593321200,staff picks;book club ideas;for art lovers;it’s all geek to me;love & romance;seriously great writing,2022
Transforming Space Over Time: Set Design and Visual Storytelling with Broadway’s Legendary Directors,Beowulf Boritt,376,318416,1493064843,staff picks;nonfiction;it’s all geek to me;no biz like show biz;for art lovers,2022
Tread of Angels,Rebecca Roanhorse,208,1527500,1982166185,"sci fi, fantasy & speculative fiction;mysteries & thrillers;book club ideas;the dark side",2022
True Biz: A Novel,Sara Nović,400,67863,0593241509,realistic fiction;book club ideas;eye-opening reads;family matters;identity & culture;seriously great writing;love & romance;the states we’re in,2022
Trust,Hernan Diaz,416,8587,0593420314,historical fiction;book club ideas;seriously great writing;staff picks,2022
Tumble,Celia C. Pérez,368,1016918,0593325176,young adult;family matters;identity & culture;staff picks,2022
Turkey and the Wolf: Flavor Trippin' in New Orleans,Mason Hereford with JJ Goode,256,40560,1984858998,cookbooks & food;staff picks;the states we’re in,2022
"Uncommon Measure: A Journey Through Music, Performance, and the Science of Time",Natalie Hodges,224,337477,1942658974,seriously great writing;for music lovers;nonfiction;biography & memoir;science!,2022
Under The Skin: The Hidden Toll of Racism on American Lives and on the Health of Our Nation,Linda Villarosa,288,152271,038554488X,nonfiction;identity & culture;the states we’re in;staff picks;eye-opening reads,2022
Undercover Latina,Aya de León,320,1345287,1536223743,kids’ books;mysteries & thrillers;identity & culture,2022
Very Cold People: A Novel,Sarah Manguso,208,1132338,0593241223,realistic fiction;identity & culture;family matters;seriously great writing;the states we’re in;the dark side,2022
Victory. Stand!: Raising My Fist for Justice,"Tommie Smith, Derrick Barnes and Dawud Anyabwile",208,526714,1324003901,kids’ books;young adult;nonfiction;biography & memoir;identity & culture;for sports lovers;comics & graphic novels;the states we’re in,2022
Violets,"Kyung-Sook Shin, translated by Anton Hur",218,315316,1558612904,eye-opening reads;seriously great writing;tales from around the world;the dark side;realistic fiction,2022
Vladimir: A Novel,Julia May Jonas,256,452036,1982187638,realistic fiction;mysteries & thrillers;book club ideas;let’s talk about sex;the dark side;staff picks,2022
Walking the Bowl: A True Story of Murder and Survival Among the Street Children of Lusaka,Chris Lockhart and Daniel Mulilo Chama,304,1381155,1335425748,staff picks;tales from around the world;nonfiction;eye-opening reads;book club ideas,2022
We Carry Their Bones: The Search for Justice at the Dozier School for Boys,Erin Kimmerle,256,155598,0063030241,nonfiction;eye-opening reads;book club ideas;the states we’re in;identity & culture,2022
We Spread: A Novel,Iain Reid,304,271219,1982169354,"sci fi, fantasy & speculative fiction;the dark side;mysteries & thrillers",2022
What My Bones Know: A Memoir of Healing from Complex Trauma,Stephanie Foo,352,455518,0593238109,nonfiction;biography & memoir;eye-opening reads;family matters;identity & culture;staff picks;science!,2022
What if? 2: Additional Serious Scientific Answers to Absurd Hypothetical Questions,Randall Munroe,368,11293,0525537112,nonfiction;comics & graphic novels;eye-opening reads;funny stuff;science!;it’s all geek to me;staff picks,2022
"What is Home, Mum?",Sabba Khan,288,1624524,1951491173,staff picks;nonfiction;biography & memoir;comics & graphic novels;family matters;for history lovers;identity & culture;tales from around the world,2022
When We Were Birds: A Novel,Ayanna Lloyd Banwo,304,1111969,0385547269,"love & romance;historical fiction;tales from around the world;book club ideas;sci fi, fantasy & speculative fiction;family matters",2022
When We Were Sisters: A Novel,Fatimah Asghar,352,1467948,0593133463,tales from around the world;seriously great writing;identity & culture;realistic fiction;eye-opening reads;family matters,2022
When in Rome: A Novel,Sarah Adams,320,17936,0593500784,staff picks;let’s talk about sex;love & romance;no biz like show biz,2022
When the Angels Left the Old Country,Sacha Lamb,408,694218,1646141768,"sci fi, fantasy & speculative fiction;for history lovers;book club ideas;identity & culture;tales from around the world;the states we’re in;young adult",2022
"Where Butterflies Fill the Sky: A Story of Immigration, Family, and Finding Home",Zahra Marwan,48,477296,1547606517,kids’ books;nonfiction;biography & memoir;family matters;identity & culture;the states we’re in;tales from around the world,2022
Which Side Are You On: A Novel,Ryan Lee Wong,192,1719264,1646221486,staff picks;rather short;identity & culture;family matters;realistic fiction;the states we’re in,2022
Who Will Make the Pancakes: Five Stories,Megan Kelso,200,2412297,1683966708,comics & graphic novels;eye-opening reads;family matters;identity & culture;the states we’re in,2022
Winter Work: A Novel,Dan Fesperman,352,362011,059332160X,historical fiction;tales from around the world;mysteries & thrillers,2022
Year of the Tiger: An Activist's Life,Alice Wong,400,145853,0593315391,"nonfiction;biography & memoir;short stories, essays & poetry;book club ideas;eye-opening reads;identity & culture",2022
"Yinka, Where Is Your Huzband?: A Novel",Lizzie Damilola Blackburn,384,862725,0593299000,realistic fiction;family matters;funny stuff;identity & culture;love & romance;staff picks;tales from around the world,2022
Yonder: A Novel,Jabari Asim,272,1601299,198216316X,"historical fiction;identity & culture;seriously great writing;sci fi, fantasy & speculative fiction;staff picks",2022
You Gotta Be You: How to Embrace This Messy Life and Step Into Who You Really Are,Brandon Kyle Goodman,224,950969,0306826194,nonfiction;identity & culture;staff picks;biography & memoir;book club ideas;eye-opening reads;family matters,2022
You Made a Fool of Death with Your Beauty: A Novel,Akwaeke Emezi,288,260893,1982188707,let’s talk about sex;for art lovers;book club ideas;identity & culture;love & romance,2022
You're Invited,Amanda Jayatissa,384,262997,0593335120,mysteries & thrillers;family matters;the dark side;tales from around the world;book club ideas,2022
Young Mungo,Douglas Stuart,400,146641,0802159559,realistic fiction;book club ideas;family matters;identity & culture;love & romance;seriously great writing;tales from around the world;staff picks,2022
Your Emergency Contact Has Experienced an Emergency,Chen Chen,128,304495,1950774694,"identity & culture;seriously great writing;funny stuff;love & romance;short stories, essays & poetry",2022
"100 Morning Treats: With Muffins, Rolls, Biscuits, Sweet and Savory Breakfast Breads, and More",Sarah Kieffer,304,26026,1797216163,cookbooks & food,2023
40 Men and 12 Rifles: Indochina 1954,"Marcelino Truong, translated by David Homel",296,1781992,1551529238,historical fiction;comics & graphic novels;identity & culture;tales from around the world,2023
"A Fever in the Heartland: The Ku Klux Klan's Plot to Take Over America, and the Woman Who Stopped Them",Timothy Egan,432,20839,0735225265,nonfiction;staff picks;book club ideas;eye-opening reads;for history lovers;the states we’re in;identity & culture;the dark side;rather long,2023
A Haunting in Hialeah Gardens,Raul Palma,288,739618,059347211X,"sci fi, fantasy & speculative fiction;mysteries & thrillers;book club ideas;the dark side;the states we’re in",2023
"A Man of Two Faces: A Memoir, a History, a Memorial",Viet Thanh Nguyen,400,347889,0802160506,nonfiction;biography & memoir;book club ideas;eye-opening reads;family matters;identity & culture;the states we’re in;rather long;seriously great writing,2023
A Perfect Vintage,Chelsea Fagan,382,102410,1662938624,realistic fiction;love & romance;staff picks;book club ideas;family matters;let’s talk about sex;tales from around the world,2023
"A Slow, Calculated Lynching: The Story of Clyde Kennard",Devery S. Anderson,352,1575199,1496844041,nonfiction;biography & memoir;staff picks;eye-opening reads;for history lovers;identity & culture;the states we’re in,2023
A Spell of Good Things,Ayọ̀bámi Adébáyọ̀,352,3126863,1838856048,realistic fiction;book club ideas;family matters;identity & culture;seriously great writing;tales from around the world,2023
A Splash of Soy: Everyday Food from Asia,Lara Lee,256,609623,1639730435,cookbooks & food;tales from around the world,2023
A Study in Drowning,Ava Reid,384,22059,0063211505,"sci fi, fantasy & speculative fiction;young adult;staff picks;the dark side;love & romance;seriously great writing",2023
A Walk in the Woods,"Nikki Grimes, illustrated by Jerry Pinkney and Brian Pinkney",40,664555,0823449653,kids’ books;family matters;for art lovers;seriously great writing,2023
Above Ground,Clint Smith,128,80021,0316543039,"short stories, essays & poetry;staff picks;family matters;identity & culture;biography & memoir",2023
Absolution,Alice McDermott,336,44765,0374610487,historical fiction;realistic fiction;book club ideas;seriously great writing;staff picks;family matters,2023
Age of Vice,Deepti Kapoor,560,359573,0593328795,rather long;realistic fiction;mysteries & thrillers;book club ideas;identity & culture;the dark side;tales from around the world,2023
All You Have to Do Is Call,Kerri Maher,368,879691,0593102215,historical fiction;book club ideas;eye-opening reads;family matters;identity & culture,2023
All the Beauty in the World: The Metropolitan Museum of Art and Me,Patrick Bringley,240,8687,1982163305,rather short;nonfiction;biography & memoir;for art lovers;eye-opening reads;book club ideas;staff picks,2023
All the Sinners Bleed,S.A. Cosby,352,23642,1250831911,mysteries & thrillers;identity & culture;seriously great writing;the dark side;the states we’re in;seriously great writing,2023
Alone: The Journeys of Three Young Refugees,"Paul Tom, illustrated by Mélanie Baillairgé, translated by Arielle Aaronson",144,449667,1773069276,nonfiction;biography & memoir;kids’ books;young adult;eye-opening reads;tales from around the world,2023
America the Beautiful?: One Woman in a Borrowed Prius on the Road Most Traveled,Blythe Roberson,304,133301,0063115514,nonfiction;biography & memoir;funny stuff;it’s all geek to me;identity & culture;the states we’re in,2023
American Whitelash: A Changing Nation and the Cost of Progress,Wesley Lowery,272,893747,0358393264,nonfiction;staff picks;identity & culture;the states we’re in,2023
An American Story,"Kwame Alexander, illustrated by Dare Coulter",56,85331,031647312X,nonfiction;kids’ books;identity & culture;for history lovers,2023
An Amerikan Family: The Shakurs and the Nation They Created,Santi Elijah Holley,320,541401,0358588766,nonfiction;staff picks;family matters;for music lovers;identity & culture;for history lovers;biography & memoir,2023
"Anansi's Gold: The Man Who Looted the West, Outfoxed Washington, and Swindled the World",Yepoka Yeebo,400,356419,1635574730,rather long;nonfiction;biography & memoir;staff picks;tales from around the world;eye-opening reads;the dark side,2023
Artificial: A Love Story,Amy Kurzweil,368,730892,1948226383,nonfiction;biography & memoir;comics & graphic novels;staff picks;book club ideas;eye-opening reads;family matters;for music lovers;it’s all geek to me,2023
Asada: The Art of Mexican-Style Grilling,Bricia Lopez with Javier Cabral,272,35459,1419762885,cookbooks & food;identity & culture;staff picks;the states we’re in,2023
Asian Americans in an Anti-Black World,Claire Jean Kim,400,300065,1009222252,rather long;nonfiction;staff picks;eye-opening reads;for history lovers;identity & culture;the states we’re in,2023
Astor: The Rise and Fall of an American Fortune,Anderson Cooper and Katherine Howe,336,13168,0062964704,nonfiction;biography & memoir;staff picks;eye-opening reads;for history lovers;the states we’re in;family matters,2023
Bao Family Cookbook: Recipes from the Eight Culinary Regions of China,"Céline Chung and team, photos by Grégoire Kalt",272,1303140,1623717426,cookbooks & food;tales from around the world,2023
Bea Wolf,"Zach Weinersmith, illustrated by Boulet",208,56816,1250776295,comics & graphic novels;kids’ books;funny stuff;seriously great writing,2023
Becoming Ella Fitzgerald: The Jazz Singer Who Transformed American Song,Judith Tick,592,713561,039324105X,nonfiction;biography & memoir;staff picks;for music lovers;for history lovers;rather long,2023
Beijing Sprawl,"Xu Zechen, translated by Jeremy Tiang and Eric Abrahamsen",220,354785,1949641325,"realistic fiction;short stories, essays & poetry;staff picks;identity & culture;tales from around the world;funny stuff",2023
Bellies,Nicola Dinan,368,471508,1335490884,realistic fiction;book club ideas;identity & culture;seriously great writing;tales from around the world;love & romance,2023
Beneath,Cori Doerrfeld,40,33037,0316312266,kids’ books;family matters,2023
Berlin,Bea Setton,256,679404,014313762X,realistic fiction;staff picks;book club ideas;funny stuff;tales from around the world,2023
Better the Blood,Michael Bennett,336,253469,0802160603,historical fiction;mysteries & thrillers;book club ideas;identity & culture;the dark side;tales from around the world,2023
Beware the Woman,Megan Abbott,304,297990,0593084934,mysteries & thrillers;staff picks;book club ideas;family matters;the dark side,2023
Big,Vashti Harrison,60,9829,0316353221,kids’ books;staff picks;for art lovers;identity & culture,2023
Big Swiss,Jen Beagin,,,,realistic fiction;love & romance;staff picks;book club ideas;funny stuff;let’s talk about sex,2023
Biography of X,Catherine Lacey,416,282012,037460617X,"realistic fiction;staff picks;book club ideas;rather long;sci fi, fantasy & speculative fiction;seriously great writing;for history lovers",2023
Birnam Wood,Eleanor Catton,432,101566,0374110336,realistic fiction;mysteries & thrillers;staff picks;book club ideas;seriously great writing;the dark side;tales from around the world;rather long,2023
Birth Canal,Dias Novita Wuri,160,3079397,1957363622,"realistic fiction;book club ideas;family matters;identity & culture;tales from around the world;rather short;short stories, essays & poetry",2023
Black River Orchard,Chuck Wendig,640,453703,0593158741,"sci fi, fantasy & speculative fiction;seriously great writing;rather long;the dark side",2023
Blackouts,Justin Torres,,,,staff picks;book club ideas;eye-opening reads;for history lovers;identity & culture;let’s talk about sex;seriously great writing;realistic fiction,2023
Boys Weekend,Mattie Lubchansky,232,96509,0593316711,comics & graphic novels;staff picks;identity & culture;the dark side;funny stuff,2023
Bright Young Women,Jessica Knoll,384,123423,1501153226,historical fiction;mysteries & thrillers;staff picks;book club ideas;identity & culture;eye-opening reads,2023
Broadway Bodies: A Critical History of Conformity,Ryan Donovan,336,361782,0197551084,nonfiction;staff picks;eye-opening reads;no biz like show biz;identity & culture,2023
Brooklyn Crime Novel,Jonathan Lethem,384,444413,0062938827,historical fiction;mysteries & thrillers;seriously great writing;the states we’re in,2023
Brotherless Night,V.V. Ganeshananthan,368,176658,0812997158,historical fiction;staff picks;book club ideas;eye-opening reads;tales from around the world,2023
Brutes,Dizz Tate,304,1061780,1646221672,realistic fiction;the dark side;the states we’re in;mysteries & thrillers,2023
"Burn It Down: Power, Complicity, and a Call for Change in Hollywood",Maureen Ryan,400,85049,0063269279,nonfiction;staff picks;eye-opening reads;no biz like show biz;rather long;identity & culture;book club ideas,2023
But She Is Also Jane,Laura Read,96,1494329,1625347146,"short stories, essays & poetry;staff picks;family matters;funny stuff;identity & culture",2023
But Will You Love Me Tomorrow: An Oral History of the '60s Girl Groups,Laura Flam and Emily Sieu Liebowitz,448,342714,0306829770,nonfiction;biography & memoir;staff picks;eye-opening reads;for music lovers;rather long;for history lovers,2023
Cassandra in Reverse,Holly Smale,368,114596,0778334538,"sci fi, fantasy & speculative fiction;staff picks;book club ideas;identity & culture",2023
Chain Gang All Stars,Nana Kwame Adjei-Brenyah,384,67775,0593317335,"sci fi, fantasy & speculative fiction;staff picks;book club ideas;eye-opening reads;seriously great writing;the dark side;the states we’re in;for sports lovers",2023
Check & Mate,Ali Hazelwood,368,8738,0593619919,realistic fiction;love & romance;young adult;staff picks,2023
Chetna's Indian Feasts: Everyday meals and easy entertaining,Chetna Makan,224,205158,0600637670,cookbooks & food;tales from around the world,2023
Choosing Family: A Memoir of Queer Motherhood and Black Resistance,Francesca T. Royster,288,1024217,1419756176,nonfiction;biography & memoir;book club ideas;eye-opening reads;family matters;identity & culture,2023
Comedy Book: How Comedy Conquered Culture – and the Magic That Makes It Work,Jesse David Fox,368,522837,0374604711,nonfiction;staff picks;eye-opening reads;no biz like show biz;funny stuff;it’s all geek to me,2023
Company: The Radically Casual Art of Cooking for Others,Amy Thielen,352,305658,132400150X,cookbooks & food;family matters,2023
"Congratulations, The Best Is Over!: Essays",R. Eric Thomas,240,974879,0593496264,"nonfiction;biography & memoir;short stories, essays & poetry;staff picks;funny stuff;identity & culture",2023
Cousins,"Aurora Venturini, translated by Kit Maude",208,1126416,1593767293,realistic fiction;family matters;seriously great writing;the dark side;tales from around the world;rather short,2023
Crook Manifesto,Colson Whitehead,336,164656,0385545150,realistic fiction;mysteries & thrillers;book club ideas;identity & culture;seriously great writing;the states we’re in;the dark side;historical fiction,2023
Curlfriends: New in Town,Sharee Miller,288,6484,0316591459,comics & graphic novels;kids’ books;family matters,2023
Damned If You Do,Alex Brown,345,1910605,1645679993,"sci fi, fantasy & speculative fiction;young adult;identity & culture",2023
Day,Michael Cunningham,288,106361,0399591346,realistic fiction;staff picks;book club ideas;seriously great writing;family matters,2023
Dayswork,Chris Bachelder and Jennifer Habel,240,773944,1324065400,realistic fiction;book club ideas;family matters;seriously great writing;rather short,2023
Deliver Me From Nowhere: The Making of Bruce Springsteen's Nebraska,Warren Zanes,320,75356,0593237412,nonfiction;for music lovers;no biz like show biz;it’s all geek to me,2023
Disruptions: Stories,Steven Millhauser,288,1070999,0593535413,"sci fi, fantasy & speculative fiction;short stories, essays & poetry;seriously great writing;the dark side;the states we’re in",2023
Dragon Palace,"Hiromi Kawakami, translated by Ted Goossen",160,284348,1737625350,"sci fi, fantasy & speculative fiction;short stories, essays & poetry;funny stuff;let’s talk about sex;tales from around the world;rather short",2023
Eagle Drums,Nasuġraq Rainey Hopson,256,76838,1250750652,"kids’ books;family matters;identity & culture;the states we’re in;sci fi, fantasy & speculative fiction",2023
Easily Slip into Another World: A Life in Music,Henry Threadgill and Brent Hayes Edwards,416,566567,1524749079,nonfiction;biography & memoir;staff picks;for music lovers;rather long,2023
Ed Mitchell's Barbeque,Ed Mitchell and Ryan Mitchell with Zella Palmer,288,280243,006308838X,family matters;cookbooks & food;staff picks;for history lovers;identity & culture;the states we’re in,2023
Edith Holler,Edward Carey,400,1088387,059318890X,"sci fi, fantasy & speculative fiction;mysteries & thrillers;staff picks;book club ideas;rather long;the dark side;no biz like show biz",2023
Egg: A Dozen Ovatures,Lizzie Stark,240,935872,0393531503,nonfiction;staff picks;book club ideas;science!;it’s all geek to me;rather short,2023
Emily Wilde's Encyclopaedia of Faeries,Heather Fawcett,336,9720,059350013X,"sci fi, fantasy & speculative fiction;staff picks;love & romance",2023
"Empty Theatre: A Novel: or The Lives of King Ludwig II of Bavaria and Empress Sisi of Austria (Queen of Hungary), Cousins, in Their Pursuit of Connection and Beauty...",Jac Jemc,464,982521,0374277923,historical fiction;staff picks;book club ideas;eye-opening reads;seriously great writing;tales from around the world;rather long,2023
Every Rising Sun,Jamila Ahmed,432,1224622,1250887070,historical fiction;identity & culture;seriously great writing;tales from around the world;rather long,2023
Evil Eye,Etaf Rum,352,728013,0062987909,realistic fiction;staff picks;family matters;identity & culture,2023
Family Lore,Elizabeth Acevedo,384,195588,0063207265,"sci fi, fantasy & speculative fiction;love & romance;staff picks;book club ideas;family matters;identity & culture;seriously great writing",2023
Family Meal,Bryan Washington,320,535490,0593421094,realistic fiction;family matters;identity & culture;seriously great writing;book club ideas,2023
Family Style: Memories of an American From Vietnam,Thien Pham,240,33972,125080972X,nonfiction;biography & memoir;comics & graphic novels;young adult;family matters;identity & culture;rather short;cookbooks & food,2023
Feed Them Silence,Lee Mandelo,112,194824,1250824508,"sci fi, fantasy & speculative fiction;staff picks;science!;identity & culture;rather short",2023
Fire Weather: A True Story From a Hotter World,John Vaillant,432,121632,1524732850,nonfiction;staff picks;eye-opening reads;science!;tales from around the world;rather long;book club ideas;seriously great writing,2023
Forget Me Not,Julie Soto,352,41453,1538740885,realistic fiction;love & romance;staff picks;let’s talk about sex,2023
Four Battlegrounds: Power in the Age of Artificial Intelligence,Paul Scharre,496,512712,0393866866,staff picks;eye-opening reads;it’s all geek to me;nonfiction;science!;rather long,2023
Fourth Wing,Rebecca Yarros,,,,"sci fi, fantasy & speculative fiction;staff picks;let’s talk about sex;rather long",2023
From From: Poems,Monica Youn,136,555353,1644452219,"short stories, essays & poetry;identity & culture",2023
"Georgie, All Along: An Uplifting and Unforgettable Love Story",Kate Clayborn,352,112120,1496737296,love & romance;staff picks;family matters;funny stuff;the states we’re in,2023
Girlfriends,Emily Zhou,184,266063,1736716840,"realistic fiction;short stories, essays & poetry;staff picks;identity & culture;rather short",2023
Glassworks,Olivia Wolfgang-Smith,368,1752100,1635578779,realistic fiction;family matters;for art lovers;identity & culture;seriously great writing;historical fiction,2023
"Glitter Everywhere! Where It Came From, Where It's Found & Where It's Going","Chris Barton, illustrated by Chaaya Prabhat",48,289980,1623542529,nonfiction;kids’ books;science!;it’s all geek to me;for art lovers,2023
Gone to the Wolves,John Wray,400,1352880,0374603332,realistic fiction;for music lovers;funny stuff;identity & culture;seriously great writing;rather long,2023
"Good Night, Irene",Luis Alberto Urrea,416,145145,0316265853,rather long;historical fiction;tales from around the world;love & romance;family matters;eye-opening reads;book club ideas;staff picks,2023
Hang the Moon,Jeannette Walls,368,77607,1501117297,historical fiction;book club ideas;family matters;the states we’re in,2023
Happy Place,Emily Henry,400,6946,0593441273,realistic fiction;love & romance;staff picks;let’s talk about sex;rather long,2023
He Who Drowned the World,Shelley Parker-Chan,496,232325,1250621828,"historical fiction;sci fi, fantasy & speculative fiction;let’s talk about sex;tales from around the world;rather long",2023
Hello Beautiful,Ann Napolitano,400,4449,0593243730,realistic fiction;staff picks;family matters;rather long;for sports lovers;book club ideas,2023
"Henry, Like Always","Jenn Bailey, illustrated by Mika Song",48,171545,179721389X,kids’ books;identity & culture;funny stuff,2023
Hestia Strikes a Match,Christine Grillo,400,1402837,0374609977,"realistic fiction;sci fi, fantasy & speculative fiction;love & romance;staff picks;funny stuff;the states we’re in;rather long",2023
"Hey, Hun: Sales, Sisterhood, Supremacy, and the Other Lies Behind Multilevel Marketing",Emily Lynn Paulson,384,874310,1955905258,nonfiction;biography & memoir;staff picks;family matters;it’s all geek to me;identity & culture;eye-opening reads,2023
"Hi Honey, I'm Homo!: Sitcoms, Specials, and the Queering of American Culture",Matt Baume,288,315557,1637743017,nonfiction;identity & culture;staff picks;no biz like show biz;for history lovers;eye-opening reads,2023
Hijab Butch Blues: A Memoir,Lamya H,304,1225688,0593448766,nonfiction;biography & memoir;staff picks;identity & culture;tales from around the world,2023
"Hit Girls: Women of Punk in the USA, 1975-1983",Jen B. Larson,240,936687,1627311238,nonfiction;staff picks;for art lovers;for music lovers;identity & culture;rather short;for history lovers,2023
Holly,Stephen King,464,12613,1668016133,rather long;mysteries & thrillers;the dark side,2023
Homestead,Melinda Moustakis,272,679189,1250845556,historical fiction;staff picks;book club ideas;eye-opening reads;the states we’re in,2023
House of Cotton,Monica Brashears,304,204472,1250851912,"sci fi, fantasy & speculative fiction;mysteries & thrillers;staff picks;family matters;identity & culture;let’s talk about sex;seriously great writing;the dark side",2023
How to Say Babylon: A Memoir,Safiya Sinclair,352,83813,1982132337,nonfiction;biography & memoir;eye-opening reads;family matters;identity & culture;tales from around the world,2023
How to Say Goodbye,Wendy MacNaughton,128,87757,1639730850,nonfiction;biography & memoir;comics & graphic novels;staff picks;eye-opening reads;family matters;rather short,2023
How to Sell a Haunted House,Grady Hendrix,432,128988,0593201264,mysteries & thrillers;staff picks;book club ideas;family matters;the dark side;rather long,2023
Huda F Cares,Huda Fahmy,208,117272,0593532805,comics & graphic novels;kids’ books;family matters;identity & culture;young adult,2023
I Have Some Questions for You,Rebecca Makkai,448,152448,0593490142,rather long;realistic fiction;mysteries & thrillers;staff picks;book club ideas;the dark side,2023
I Must Be Dreaming,Roz Chast,128,127070,1620403226,rather short;nonfiction;biography & memoir;comics & graphic novels;staff picks;funny stuff;it’s all geek to me,2023
I'm From,"Gary R. Gray Jr., illustrated by Oge Mora",,,,kids’ books;identity & culture,2023
Ice: From Mixed Drinks to Skating Rinks – a Cool History of a Hot Commodity,Amy Brady,336,715003,0593422198,nonfiction;eye-opening reads;for history lovers;it’s all geek to me;cookbooks & food,2023
Idlewild,James Frankie Thomas,400,135950,1419769146,realistic fiction;staff picks;identity & culture;rather long,2023
Immortal Longings,Chloe Gong,384,528642,1668000229,"sci fi, fantasy & speculative fiction;love & romance;staff picks",2023
Impossible People: A Completely Average Recovery Story,Julia Wertz,320,110194,0762468254,comics & graphic novels;nonfiction;biography & memoir;funny stuff;book club ideas,2023
Imposter Syndrome and Other Confessions of Alejandra Kim,Patricia Park,304,95800,0593563379,realistic fiction;young adult;staff picks;book club ideas;identity & culture,2023
In Memoriam,Alice Winn,400,100624,0593534565,rather long;historical fiction;staff picks;book club ideas;identity & culture;the dark side;tales from around the world,2023
Ink Blood Sister Scribe,Emma Törzs,,,,"sci fi, fantasy & speculative fiction;family matters;rather long;love & romance",2023
Invisible Son,Kim Johnson,416,200369,0593482107,mysteries & thrillers;young adult;family matters;identity & culture;the dark side;rather long;realistic fiction,2023
Invitation to a Banquet: The Story of Chinese Food,Fuchsia Dunlop,480,110572,0393867137,nonfiction;biography & memoir;cookbooks & food;staff picks;tales from around the world;rather long;eye-opening reads,2023
Jovita Wore Pants: The Story of a Mexican Freedom Fighter,"Aida Salazar, illustrated by Molly Mendoza",48,563669,1338283413,nonfiction;kids’ books;for history lovers;biography & memoir;tales from around the world,2023
Judas Goat: Poems,Gabrielle Bates,104,717956,1953534643,"short stories, essays & poetry;staff picks;identity & culture;the states we’re in",2023
Judgment at Tokyo: World War II on Trial and the Making of Modern Asia,Gary J. Bass,912,154205,1101947101,nonfiction;staff picks;tales from around the world;for history lovers;rather long,2023
Julieta and the Romeos,Maria E. Andreu,400,1291357,0062996541,love & romance;young adult;funny stuff;rather long,2023
"Juliette or, the Ghosts Return in the Spring","Camille Jourdy, translated by Aleshia Jensen",236,1271728,1770466649,comics & graphic novels;family matters;realistic fiction;tales from around the world;rather short,2023
Kafka: A Manga Adaptation,"Nishioka Kyodai, translated by David Yang",176,331732,1782279849,"sci fi, fantasy & speculative fiction;comics & graphic novels;for art lovers;the dark side;tales from around the world;rather short",2023
Kala,Colin Walsh,416,768664,0385549636,mysteries & thrillers;staff picks;book club ideas;family matters;tales from around the world;rather long,2023
Kantika,Elizabeth Graver,304,444432,1250869846,historical fiction;love & romance;book club ideas;family matters;identity & culture;tales from around the world;staff picks,2023
King: A Life,Jonathan Eig,688,54554,0374279292,biography & memoir;nonfiction;staff picks;eye-opening reads;for history lovers;rather long;seriously great writing,2023
Künstlers in Paradise,Cathleen Schine,272,1017024,1250805902,historical fiction;book club ideas;family matters;seriously great writing;the states we’re in,2023
Land of Milk and Honey,C Pam Zhang,240,291839,0593538242,"rather short;sci fi, fantasy & speculative fiction;staff picks;book club ideas;eye-opening reads;seriously great writing;cookbooks & food",2023
Landscapes,Christine Lai,230,1774633,1953387381,"realistic fiction;sci fi, fantasy & speculative fiction;for art lovers;seriously great writing;the dark side;rather short",2023
Leg: The Story of a Limb and the Boy Who Grew From It,Greg Marshall,304,1069663,1419763601,nonfiction;staff picks;family matters;funny stuff;identity & culture;biography & memoir,2023
Lesbian Love Story: A Memoir In Archives,Amelia Possanza,288,1377821,1646221052,nonfiction;biography & memoir;love & romance;staff picks;eye-opening reads;for history lovers;identity & culture,2023
Like Lava In My Veins,"Derrick Barnes, illustrated by Shawn Martinbrough",40,90245,0525518746,comics & graphic novels;kids’ books;staff picks;identity & culture,2023
Liliana’s Invincible Summer: A Sister’s Search for Justice,Cristina Rivera Garza,320,109103,0593244095,nonfiction;biography & memoir;staff picks;eye-opening reads;family matters;seriously great writing;tales from around the world,2023
Limitless: The Federal Reserve Takes on a New Age of Crisis,Jeanna Smialek,384,302490,0593320239,nonfiction;staff picks;eye-opening reads;for history lovers;the states we’re in;it’s all geek to me,2023
Lone Women,Victor LaValle,304,179675,052551208X,historical fiction;staff picks;book club ideas;identity & culture;the dark side,2023
Loot,Tania James,304,313821,0593535979,historical fiction;for history lovers;funny stuff;identity & culture;seriously great writing;tales from around the world,2023
Losing Our Religion: An Altar Call for Evangelical America,Russell Moore,272,148870,0593541782,nonfiction;biography & memoir;staff picks;identity & culture;the states we’re in,2023
Lou Reed: The King of New York,Will Hermes,560,92706,0374193398,nonfiction;biography & memoir;eye-opening reads;for music lovers;rather long,2023
Love and Other Flight Delays,Denise Williams,432,1019280,0593441079,"realistic fiction;short stories, essays & poetry;staff picks;let’s talk about sex;love & romance",2023
Lunar Love,Lauren Kung Jessen,336,331119,1538710250,love & romance;realistic fiction;identity & culture;cookbooks & food,2023
Madonna: A Rebel Life,Mary Gabriel,880,124860,0316456470,nonfiction;biography & memoir;staff picks;for music lovers;identity & culture;rather long,2023
"Maggie Lou, Firefox","Arnolda Dufour Bowes, illustrated by Karlene Harvey",220,2228272,1773068814,kids’ books;family matters;funny stuff;identity & culture,2023
Make It Japanese: Simple Recipes for Everyone: A Cookbook,Rie McClenny with Sanaë Lemoine,256,18107,0593236351,cookbooks & food;tales from around the world,2023
Mama Shamsi at the Bazaar,"Mojdeh Hassani and Samira Iravani, illustrated by Maya Fidawi",40,321918,0593110617,kids’ books;funny stuff;tales from around the world;family matters,2023
Mascot,Charles Waters and Traci Sorell,256,86964,1623543800,kids’ books;identity & culture;realistic fiction;for sports lovers;the states we’re in,2023
"Mass Supervision: Probation, Parole, and the Illusion of Safety and Freedom",Vincent Schiraldi,352,680008,1620978172,nonfiction;biography & memoir;staff picks;book club ideas;eye-opening reads;for history lovers;identity & culture;the states we’re in,2023
Master Slave Husband Wife: An Epic Journey From Slavery to Freedom,Ilyon Woo,416,35239,1501191055,nonfiction;biography & memoir;book club ideas;eye-opening reads;identity & culture;for history lovers;the states we’re in;rather long,2023
Mater 2-10,"Hwang Sok-yong, translated by Sora Kim-Russell and Youngjae Josephine Bae",486,954423,1957363312,historical fiction;realistic fiction;family matters;seriously great writing;tales from around the world;rather long,2023
Mexikid,Pedro Martín,320,11581,0593462297,biography & memoir;comics & graphic novels;kids’ books;family matters;funny stuff;tales from around the world;nonfiction;seriously great writing,2023
Mimosa,Archie Bongiovanni,272,1082337,141975243X,comics & graphic novels;staff picks;book club ideas;identity & culture,2023
Mobility,Lydia Kiesling,368,294236,1638930562,realistic fiction;book club ideas;eye-opening reads;family matters;seriously great writing,2023
MoneyZen: The Secret to Finding Your 'Enough',Manisha Thakor with Lisa Sweetingham,208,631007,0063247968,rather short;nonfiction;staff picks;eye-opening reads;book club ideas,2023
Monsters: A Fan's Dilemma,Claire Dederer,288,95658,0525655115,nonfiction;book club ideas;for art lovers;identity & culture;seriously great writing;staff picks;for music lovers;no biz like show biz,2023
Monstrilio,Gerardo Sámano Córdova,336,1205395,1638930368,"sci fi, fantasy & speculative fiction;identity & culture;the dark side;tales from around the world;family matters",2023
More Is More: Get Loose in the Kitchen: A Cookbook,Molly Baz,304,8609,0593578848,cookbooks & food,2023
Mr. Texas,Lawrence Wright,336,538204,0593537378,realistic fiction;funny stuff;the states we’re in;book club ideas,2023
Much Ado About Nada,Uzma Jalaluddin,320,946577,0593336380,realistic fiction;love & romance;staff picks;identity & culture,2023
"My Father, the Panda Killer",Jamie Jo Hoang,384,364819,0593642961,historical fiction;young adult;family matters;identity & culture;tales from around the world;the states we’re in,2023
My Head Has a Bellyache: And More Nonsense for Mischievous Kids and Immature Grown-Ups,"Chris Harris, illustrated by Andrea Tsurumi",192,158447,0316592595,"kids’ books;short stories, essays & poetry;funny stuff",2023
My Murder,Katie Williams,304,110004,0593543769,"sci fi, fantasy & speculative fiction;mysteries & thrillers;staff picks;book club ideas;the dark side;funny stuff",2023
My Name Is Barbra,Barbra Streisand,992,12329,0525429522,rather long;for music lovers;staff picks;no biz like show biz;nonfiction;biography & memoir,2023
My Picture Diary,"Fujiwara Maki, translated by Ryan Holmberg",284,289777,1770466622,nonfiction;biography & memoir;comics & graphic novels;staff picks;family matters,2023
My Powerful Hair,"Carole Lindstrom, illustrated by Steph Littlebird",48,50550,1419759434,kids’ books;identity & culture;family matters,2023
My Strange Shrinking Parents,Zeno Sworder,40,1462785,1760762954,kids’ books;family matters;identity & culture;for art lovers,2023
Nestlings,Nat Cassidy,304,42390,1250265258,"sci fi, fantasy & speculative fiction;family matters;identity & culture;the dark side",2023
Night Vision: Seeing Ourselves through Dark Moods,Mariana Alessandri,216,978689,0691215456,nonfiction;staff picks;it’s all geek to me;the dark side;rather short,2023
Nineteen Claws and a Black Bird: Stories,"Agustina Bazterrica, translated by Sarah Moses",176,81550,1668012669,"rather short;sci fi, fantasy & speculative fiction;short stories, essays & poetry;seriously great writing;the dark side;tales from around the world",2023
None of This Is True,Lisa Jewell,384,10902,1982179007,mysteries & thrillers;staff picks;book club ideas;the dark side;rather long,2023
North Woods,Daniel Mason,384,8987,0593597036,historical fiction;staff picks;book club ideas;seriously great writing,2023
Old God's Time,Sebastian Barry,272,171872,0593296109,realistic fiction;seriously great writing;the dark side;tales from around the world;mysteries & thrillers,2023
On Minimalism: Documenting a Musical Movement,Kerry O’Brien and William Robin (editors),470,593777,0520382080,nonfiction;staff picks;for music lovers;rather long;no biz like show biz;for history lovers,2023
On a Woman’s Madness,"Astrid Roemer, translated by Lucy Scott",284,2036369,1949641430,realistic fiction;identity & culture;let’s talk about sex;seriously great writing;tales from around the world,2023
Once More With Feeling,Elissa Sussman,416,69640,059335737X,realistic fiction;love & romance;staff picks;no biz like show biz;let’s talk about sex;rather long;for music lovers,2023
Opposable Thumbs: How Siskel & Ebert Changed Movies Forever,Matt Singer,352,131668,0593540158,nonfiction;no biz like show biz;it’s all geek to me;staff picks;biography & memoir,2023
Ordinary Notes,Christina Sharpe,392,222623,0374604487,nonfiction;biography & memoir;book club ideas;identity & culture;staff picks;seriously great writing,2023
"Oscar Wars: A History of Hollywood in Gold, Sweat, and Tears",Michael Schulman,608,141877,0062859013,rather long;nonfiction;staff picks;no biz like show biz;eye-opening reads;for history lovers;book club ideas,2023
Our Hideous Progeny,C.E. McGill,400,683109,0063256797,"rather long;historical fiction;sci fi, fantasy & speculative fiction;staff picks;science!;the dark side;family matters;book club ideas",2023
Our Incredible Library Book (and the wonderful journeys it took),"Caroline Crowe, illustrated by John Joseph",36,41854,1782507418,kids’ books;staff picks,2023
Our Migrant Souls: A Meditation on Race and the Meanings and Myths of “Latino”,Héctor Tobar,256,564488,037460990X,nonfiction;biography & memoir;eye-opening reads;for history lovers;identity & culture;seriously great writing;the states we’re in;book club ideas,2023
Our Share of Night,"Mariana Enriquez, translated by Megan McDowell",608,35606,0451495152,"rather long;historical fiction;sci fi, fantasy & speculative fiction;mysteries & thrillers;seriously great writing;tales from around the world",2023
Outrageous: A History of Showbiz and the Culture Wars,Kliph Nesteroff,320,337791,141976098X,nonfiction;staff picks;eye-opening reads;no biz like show biz;identity & culture,2023
Owner of a Lonely Heart: A Memoir,Beth Nguyen,256,942016,1982196343,nonfiction;biography & memoir;family matters;identity & culture;the states we’re in,2023
Parachute Kids: A Graphic Novel,Betty C. Tang,288,21897,1338832689,comics & graphic novels;kids’ books;family matters;identity & culture;the states we’re in,2023
Pay As You Go,Eskor David Johnson,500,1126666,195211974X,realistic fiction;funny stuff;rather long,2023
People Collide,Isle McElroy,256,1216778,0063283751,"sci fi, fantasy & speculative fiction;book club ideas;family matters;let’s talk about sex;tales from around the world;identity & culture;love & romance",2023
Pineapple Street,Jenny Jackson,320,114218,059349069X,realistic fiction;staff picks;book club ideas;family matters;funny stuff;the states we’re in,2023
Pockets: An Intimate History of How We Keep Things Close,Hannah Carlson,320,473822,1643751549,nonfiction;eye-opening reads;for history lovers;it’s all geek to me,2023
"Poverty, by America",Matthew Desmond,304,9556,0593239911,nonfiction;staff picks;book club ideas;eye-opening reads;the states we’re in,2023
Prom Mom: A Thriller,Laura Lippman,320,599898,0062998064,mysteries & thrillers;staff picks;book club ideas;the dark side;family matters,2023
Promises of Gold,"José Olivarez, translated by David Ruano González",320,769407,1250878497,"short stories, essays & poetry;staff picks;family matters;identity & culture",2023
Promposal,RaeChell Garrett,368,374858,031637170X,love & romance;young adult;funny stuff,2023
Prophet Song,Paul Lynch,310,220995,0861546865,"sci fi, fantasy & speculative fiction;family matters;the dark side;tales from around the world;seriously great writing",2023
Quietly Hostile: Essays,Samantha Irby,304,115607,0593315693,"nonfiction;biography & memoir;short stories, essays & poetry;staff picks;no biz like show biz;funny stuff",2023
Rainbow Shopping,Qing Zhuang,40,1410404,0823449777,cookbooks & food;kids’ books;family matters;identity & culture,2023
Raw Dog: The Naked Truth About Hot Dogs,Jamie Loftus,320,60814,1250847745,nonfiction;biography & memoir;staff picks;funny stuff;cookbooks & food;the states we’re in,2023
"Real Self-Care: A Transformative Program for Redefining Wellness (Crystals, Cleanses, and Bubble Baths Not Included)",Pooja Lakshmin,288,20941,0593489721,nonfiction;staff picks;eye-opening reads;identity & culture;book club ideas,2023
Recoding America: Why Government Is Failing in the Digital Age and How We Can Do Better,Jennifer Pahlka,336,49731,1250266777,nonfiction;staff picks;eye-opening reads;it’s all geek to me;the states we’re in,2023
Remember,"Joy Harjo, illustrated by Michaela Goade",40,64755,0593484843,"kids’ books;identity & culture;seriously great writing;short stories, essays & poetry;for art lovers",2023
Ringmaster: Vince McMahon and the Unmaking of America,Abraham Josephine Riesman,464,288893,1982169443,nonfiction;biography & memoir;staff picks;eye-opening reads;for sports lovers;no biz like show biz;rather long,2023
Road to Surrender: Three Men and the Countdown to the End of World War II,Evan Thomas,336,77488,0399589252,nonfiction;staff picks;book club ideas;eye-opening reads;seriously great writing;for history lovers,2023
Roaming,Jillian Tamaki and Mariko Tamaki,444,184585,1770464336,comics & graphic novels;love & romance;staff picks;the states we’re in;rather long,2023
Roman Stories,"Jhumpa Lahiri, translated by Jhumpa Lahiri and Todd Portnowitz",224,138246,0593536320,"realistic fiction;short stories, essays & poetry;book club ideas;identity & culture;seriously great writing;tales from around the world;rather short",2023
Romantic Comedy,Curtis Sittenfeld,320,114315,0399590943,realistic fiction;love & romance;staff picks;no biz like show biz;funny stuff,2023
Romney: A Reckoning,McKay Coppins,416,89971,1982196203,rather long;nonfiction;biography & memoir;staff picks;eye-opening reads;for history lovers;the states we’re in,2023
"Roommates: A Totally Uplifting, Dramatic and Emotional Women's Fiction Novel",Ola Tundun,404,2045760,1805080814,rather long;love & romance;staff picks,2023
Rootless,Krystle Zara Appiah,368,684186,0593500458,realistic fiction;book club ideas;family matters;love & romance;identity & culture;tales from around the world,2023
Rough Sleepers: Dr. Jim O’Connell’s Urgent Mission to Bring Healing to Homeless People,Tracy Kidder,320,158401,1984801430,nonfiction;biography & memoir;staff picks;book club ideas;eye-opening reads,2023
Ruby Lost and Found,Christina Li,304,901992,0063008939,realistic fiction;kids’ books;family matters;identity & culture,2023
Safe and Sound: A Renter-Friendly Guide to Home Repair,Mercury Stardust,224,45021,0744079071,nonfiction;staff picks;identity & culture;it’s all geek to me,2023
Shubeik Lubeik,Deena Mohamed,528,103147,1524748412,"sci fi, fantasy & speculative fiction;comics & graphic novels;book club ideas;tales from around the world;rather long",2023
Sidle Creek,Jolene McIlwain,256,1280486,1685890415,"realistic fiction;book club ideas;family matters;identity & culture;the states we’re in;short stories, essays & poetry",2023
Sing Her Down,Ivy Pochoda,288,1111846,0374608482,realistic fiction;mysteries & thrillers;book club ideas;the dark side;the states we’re in,2023
Small Mercies: A Detective Mystery,Dennis Lehane,320,81832,0062129481,historical fiction;realistic fiction;mysteries & thrillers;staff picks;book club ideas;identity & culture;seriously great writing;the states we’re in;the dark side,2023
Soil: The Story of a Black Mother's Garden,Camille T. Dungy,336,269747,1982195304,nonfiction;biography & memoir;staff picks;family matters;identity & culture;seriously great writing;book club ideas,2023
Some Desperate Glory,Emily Tesh,448,909838,1250834988,"sci fi, fantasy & speculative fiction;book club ideas;rather long",2023
Someone Else's Shoes,Jojo Moyes,448,130211,1984879294,realistic fiction;staff picks;family matters;rather long,2023
Something Wild & Wonderful,Anita Kelly,384,492647,1538754886,love & romance;identity & culture;let’s talk about sex;the states we’re in;realistic fiction,2023
Sordidez,E.G. Condé,158,1373225,1777682363,"sci fi, fantasy & speculative fiction;book club ideas;identity & culture;tales from around the world;rather short",2023
Spare,"Prince Harry, The Duke of Sussex",416,14405,0593593804,nonfiction;biography & memoir;book club ideas;eye-opening reads;family matters;staff picks;rather long;tales from around the world,2023
Starling House,Alix E. Harrow,320,29416,1250799058,"sci fi, fantasy & speculative fiction;the dark side;the states we’re in;love & romance;staff picks",2023
Start Here: Instructions for Becoming a Better Cook: A Cookbook,Sohla El-Waylly,656,19231,0593320468,rather long;cookbooks & food;staff picks;eye-opening reads,2023
Starter Villain,John Scalzi,272,79326,0765389223,"sci fi, fantasy & speculative fiction;staff picks;funny stuff",2023
Stolen,"Ann-Helén Laestadius, translated by Rachel Willson-Broyles",400,70543,1668007169,realistic fiction;mysteries & thrillers;staff picks;book club ideas;identity & culture;tales from around the world;rather long;the dark side,2023
Study for Obedience,Sarah Bernstein,208,204680,1039009069,rather short;historical fiction;staff picks;book club ideas;family matters;tales from around the world;the dark side,2023
Sunshine Nails,Mai Nguyen,304,1382257,1668010496,realistic fiction;family matters;identity & culture,2023
Sunshine: A Graphic Novel,Jarrett J. Krosoczka,240,40915,1338356313,rather short;family matters;realistic fiction;staff picks;nonfiction;comics & graphic novels;biography & memoir;kids’ books,2023
"Sure, I'll Join Your Cult: A Memoir of Mental Illness and the Quest to Belong Anywhere",Maria Bamford,288,74001,1982168560,nonfiction;biography & memoir;staff picks;family matters;no biz like show biz;funny stuff,2023
Symphony of Secrets,Brendan Slocumb,448,569578,0593315448,rather long;historical fiction;mysteries & thrillers;for music lovers;identity & culture;book club ideas;realistic fiction,2023
Tacos Today: El Toro & Friends,"Raúl the Third, colors by Elaine Bay",56,373026,0358539374,comics & graphic novels;kids’ books;cookbooks & food;funny stuff,2023
Take What You Need,Idra Novey,256,1244443,0593652851,realistic fiction;family matters;for art lovers;seriously great writing;the states we’re in,2023
Temple Folk,Aaliyah Bilal,256,991813,1982191813,"realistic fiction;short stories, essays & poetry;staff picks;book club ideas;family matters;identity & culture;seriously great writing;the states we’re in",2023
Tenderheart: A Cookbook About Vegetables and Unbreakable Family Bonds,Hetty Lui McKinnon,528,20814,0593534867,cookbooks & food;rather long,2023
That Flag,"Tameka Fryer Brown, illustrated by Nikkolas Smith",,,,kids’ books;eye-opening reads;family matters;identity & culture;the states we’re in,2023
The Adventures of Amina al-Sirafi: A new fantasy series set a thousand years before The City of Brass,Shannon Chakraborty,496,29090,0062963503,"rather long;sci fi, fantasy & speculative fiction;staff picks;book club ideas;tales from around the world",2023
The Beast You Are: Stories,Paul Tremblay,368,942167,0063069962,"sci fi, fantasy & speculative fiction;short stories, essays & poetry;seriously great writing;the dark side",2023
The Bee Sting,Paul Murray,656,25803,0374600309,realistic fiction;family matters;seriously great writing;the dark side;tales from around the world;rather long,2023
The Blue House: Collected Works of Tomas Tranströmer,"Tomas Tranströmer, translated by Patty Crane",536,246575,1556596855,"short stories, essays & poetry;eye-opening reads;seriously great writing;tales from around the world",2023
The Book of Sichuan Chili Crisp: Spicy Recipes and Stories from Fly By Jing's Kitchen,Jing Gao,256,200146,1984862170,cookbooks & food;tales from around the world,2023
The Boy From Kyiv: Alexei Ratmansky's Life in Ballet,Marina Harss,496,1054049,0374102619,nonfiction;biography & memoir;seriously great writing;no biz like show biz;tales from around the world;rather long,2023
The Centre,Ayesha Manazir Siddiqi,288,462030,1638930546,"sci fi, fantasy & speculative fiction;mysteries & thrillers;staff picks;the dark side;tales from around the world",2023
The Collected Regrets of Clover,Mikki Brammer,320,112239,1250284392,realistic fiction;love & romance;staff picks;book club ideas;eye-opening reads;family matters,2023
"The Cookie That Changed My Life: And More Than 100 Other Classic Cakes, Cookies, Muffins, and Pies That Will Change Yours: A Cookbook",Nancy Silverton with Carolynn Carreño,512,37620,0593321669,cookbooks & food;rather long,2023
The Country of the Blind: A Memoir at the End of Sight,Andrew Leland,368,203053,1984881426,nonfiction;biography & memoir;book club ideas;science!;identity & culture,2023
The Covenant of Water,Abraham Verghese,736,2747,0802162177,rather long;historical fiction;staff picks;book club ideas;seriously great writing;tales from around the world;family matters,2023
The Cuban Heiress,Chanel Cleeton,304,65607,059344048X,historical fiction;love & romance;mysteries & thrillers;book club ideas;tales from around the world,2023
The Dos and Donuts of Love,Adiba Jaigirdar,336,1476153,1250842115,cookbooks & food;love & romance;young adult;funny stuff;identity & culture,2023
The Enchanters,James Ellroy,448,445786,0593320441,rather long;historical fiction;mysteries & thrillers;no biz like show biz;the dark side,2023
The End of Drum-Time,Hanna Pylväinen,368,284392,1250822904,historical fiction;mysteries & thrillers;book club ideas;family matters;identity & culture;seriously great writing;tales from around the world;love & romance,2023
The End of the World Is a Cul de Sac,Louise Kennedy,304,6101286,1526623277,"realistic fiction;short stories, essays & poetry;family matters;identity & culture;let’s talk about sex;seriously great writing;tales from around the world",2023
The Eyes and the Impossible,"Dave Eggers, illustrated by Shawn Harris",256,1555,1524764205,kids’ books;for art lovers;seriously great writing,2023
The Five Sorrowful Mysteries of Andy Africa,Stephen Buoro,336,1728592,1635577772,realistic fiction;staff picks;book club ideas;family matters;tales from around the world,2023
The Fraud,Zadie Smith,464,93117,0525558969,rather long;historical fiction;book club ideas;identity & culture;seriously great writing;tales from around the world;realistic fiction,2023
The Frozen River,Ariel Lawhon,448,2877,0385546874,historical fiction;realistic fiction;mysteries & thrillers;book club ideas;for history lovers;staff picks;rather long,2023
"The Ghost at the Feast: America and the Collapse of World Order, 1900-1941",Robert Kagan,688,683413,0307262944,nonfiction;staff picks;for history lovers;tales from around the world;rather long,2023
The Girl Before Her,"Line Papin, translated by Adriana Hunter and Ly Lan Dill",156,2290506,1885030835,biography & memoir;family matters;identity & culture;tales from around the world;rather short;nonfiction,2023
"The Global Pantry Cookbook: Transform Your Everyday Cooking with Tahini, Gochujang, Miso, and Other Irresistible Ingredients",Scott Mowbray and Ann Taylor Pittman,320,359515,1523516852,cookbooks & food;staff picks;for history lovers;tales from around the world,2023
The God of Endings,Jacqueline Holland,480,670423,1250856760,"rather long;sci fi, fantasy & speculative fiction;for art lovers;the dark side",2023
The God of Good Looks,Breanne Mc Ivor,,,,realistic fiction;love & romance;identity & culture;staff picks;tales from around the world,2023
The Golden Spoon,Jessa Maxwell,288,292034,1668008009,mysteries & thrillers;staff picks;no biz like show biz;funny stuff;cookbooks & food,2023
The Great Displacement: Climate Change and the Next American Migration,Jake Bittle,368,413944,1982178256,nonfiction;eye-opening reads;science!;the states we’re in,2023
The Great Escape: A True Story of Forced Labor and Immigrant Dreams in America,Saket Soni,368,511904,1643750089,nonfiction;staff picks;book club ideas;eye-opening reads;the states we’re in;identity & culture,2023
The Great White Bard: How to Love Shakespeare While Talking About Race,Farah Karim-Cooper,336,679085,0593489373,nonfiction;eye-opening reads;identity & culture;no biz like show biz;staff picks;for history lovers,2023
The Guest,Emma Cline,304,48471,0812998626,realistic fiction;staff picks;book club ideas;seriously great writing;let’s talk about sex,2023
The Guest Lecture,Martin Riker,256,332953,0802160417,realistic fiction;identity & culture;seriously great writing;the dark side,2023
The Half Known Life: In Search of Paradise,Pico Iyer,240,115474,059342025X,nonfiction;biography & memoir;identity & culture;seriously great writing;tales from around the world;rather short,2023
The Happy Couple,Naoise Dolan,272,1069595,0063330466,realistic fiction;love & romance;book club ideas;let’s talk about sex;tales from around the world,2023
The Heat Will Kill You First: Life and Death on a Scorched Planet,Jeff Goodell,400,106863,0316497576,nonfiction;staff picks;eye-opening reads;science!;rather long,2023
The Heaven & Earth Grocery Store,James McBride,400,1709,0593422945,historical fiction;realistic fiction;staff picks;book club ideas;funny stuff;identity & culture;seriously great writing;rather long,2023
The House Is on Fire,Rachel Beanland,384,289745,1982186143,historical fiction;no biz like show biz;the states we’re in;the dark side,2023
The House of Doors,Tan Twan Eng,320,78094,1639731938,historical fiction;book club ideas;seriously great writing;tales from around the world,2023
The House of Eve,Sadeqa Johnson,384,134887,1982197366,historical fiction;love & romance;book club ideas;family matters;identity & culture,2023
The Illiterate,"Ágota Kristóf, translated by Nina Bogin",64,410139,0811234851,nonfiction;biography & memoir;eye-opening reads;identity & culture;tales from around the world;for history lovers,2023
The King Penguin,Vanessa Roeder,40,281177,0593324412,kids’ books;funny stuff,2023
The Last Animal,Ramona Ausubel,288,862477,0593420527,realistic fiction;book club ideas;seriously great writing;family matters;science!;tales from around the world,2023
The Last Devil to Die: A Thursday Murder Club Mystery,Richard Osman,368,45615,0593299426,mysteries & thrillers;tales from around the world;realistic fiction;funny stuff,2023
The Last Tale of the Flower Bride,Roshani Chokshi,304,387174,0063206501,"sci fi, fantasy & speculative fiction;staff picks;family matters;the dark side;seriously great writing",2023
The Laughter,Sonora Jha,320,722180,0063240254,realistic fiction;book club ideas;identity & culture;seriously great writing;funny stuff,2023
The Librarianist,Patrick deWitt,352,210302,0063085127,realistic fiction;book club ideas;staff picks,2023
The Lights: Poems,Ben Lerner,128,1028483,0374279217,"short stories, essays & poetry;seriously great writing;the dark side",2023
The Lonely Hearts Book Club,Lucy Gilmore,366,91384,1728256216,realistic fiction;love & romance;staff picks;family matters;book club ideas,2023
The Magician's Daughter,H.G. Parry,400,173572,0316383708,"sci fi, fantasy & speculative fiction;family matters;rather long",2023
The Making of Another Major Motion Picture Masterpiece,"Tom Hanks, illustrated by R.Sikoryak",448,96979,052565559X,realistic fiction;staff picks;no biz like show biz;funny stuff,2023
"The Male Gazed: On Hunks, Heartthrobs, and What Pop Culture Taught Me About (Desiring) Men",Manuel Betancourt,208,730618,164622146X,nonfiction;biography & memoir;no biz like show biz;identity & culture;let’s talk about sex;rather short;staff picks,2023
"The Many Assassinations of Samir, the Seller of Dreams","Daniel Nayeri, illustrated by Daniel Miyares",224,92265,1646143035,historical fiction;kids’ books;funny stuff;tales from around the world,2023
The Migrant Chef: The Life and Times of Lalo García,Laura Tillman,256,894252,1324005777,nonfiction;biography & memoir;cookbooks & food;staff picks;identity & culture;tales from around the world,2023
"The Mona Lisa Vanishes: A Legendary Painter, a Shocking Heist, and the Birth of a Global Celebrity","Nicholas Day, illustrated by Brett Helquist",288,6993,0593643844,nonfiction;kids’ books;mysteries & thrillers;eye-opening reads;for art lovers;for history lovers,2023
The Museum of Failures,Thrity Umrigar,368,502143,164375355X,realistic fiction;staff picks;book club ideas;family matters;identity & culture;tales from around the world,2023
The New Earth,Jess Row,592,1909744,0062400630,realistic fiction;family matters;identity & culture;seriously great writing;rather long,2023
The Peacock and the Sparrow,I.S. Berry,320,128788,1982194545,mysteries & thrillers;staff picks;tales from around the world,2023
"The Porcelain Moon: A Novel of France, the Great War, and Forbidden Love",Janie Chang,352,916425,0063072866,historical fiction;staff picks;book club ideas;tales from around the world;love & romance,2023
The Postcard,"Anne Berest, translated by Tina Kover",464,62666,1609458389,historical fiction;staff picks;family matters;identity & culture;tales from around the world;rather long;book club ideas,2023
The Probability of Everything,Sarah Everett,336,80904,006325655X,kids’ books;family matters;identity & culture;science!;seriously great writing,2023
The Queen of Dirt Island,Donal Ryan,256,663270,0593652932,historical fiction;staff picks;book club ideas;family matters;tales from around the world;realistic fiction,2023
The Queer Film Guide: 100 great movies that tell LGBTQIA+ stories,"Kyle Turner, illustrated by Andy Warren",208,662270,1922754293,nonfiction;staff picks;no biz like show biz;identity & culture;rather short,2023
The Quickening: Creation and Community at the Ends of the Earth,Elizabeth Rush,424,508518,1571313966,nonfiction;biography & memoir;staff picks;book club ideas;eye-opening reads;family matters;science!;tales from around the world;rather long,2023
The Rachel Incident,Caroline O'Donoghue,304,197781,0593535707,realistic fiction;love & romance;staff picks;book club ideas;funny stuff;let’s talk about sex;tales from around the world,2023
The Rediscovery of America: Native Peoples and the Unmaking of U.S. History,Ned Blackhawk,616,52231,0300244053,nonfiction;eye-opening reads;the states we’re in;seriously great writing;staff picks;for history lovers;identity & culture,2023
The Reformatory,Tananarive Due,576,58336,1982188340,"rather long;historical fiction;sci fi, fantasy & speculative fiction;mysteries & thrillers;staff picks;book club ideas;family matters;seriously great writing;the dark side;the states we’re in",2023
The Right Call: What Sports Teach Us About Work and Life,Sally Jenkins,272,75577,1982122552,staff picks;eye-opening reads;for sports lovers;nonfiction,2023
The Road to Dalton,Shannon Bowring,250,134582,1609459261,realistic fiction;family matters;the states we’re in;rather short;love & romance,2023
The Roaring Days of Zora Lily,Noelle Salazar,,,,historical fiction;book club ideas;rather long,2023
The Ruins of Nostalgia,Donna Stonecipher,80,310754,0819500844,"short stories, essays & poetry",2023
The Salt Grows Heavy,Cassandra Khaw,112,47845,1250830915,"sci fi, fantasy & speculative fiction;seriously great writing;the dark side;rather short",2023
The Secret Diaries of Charles Ignatius Sancho,Paterson Joseph,432,1112008,1250880378,historical fiction;staff picks;rather long;tales from around the world;book club ideas,2023
The Secret Hours,Mick Herron,384,133277,164129521X,historical fiction;mysteries & thrillers;tales from around the world;the dark side,2023
The Secret Lives of Country Gentlemen,KJ Charles,352,86295,1728255856,historical fiction;love & romance;let’s talk about sex;tales from around the world,2023
The Secret of Cooking: Recipes for an Easier Life in the Kitchen,Bee Wilson,432,220028,0393867633,cookbooks & food;staff picks;rather long;eye-opening reads,2023
The Stolen Coast,Dwyer Murphy,288,510874,059365367X,realistic fiction;mysteries & thrillers;the dark side;staff picks;the states we’re in,2023
The Talk,Darrin Bell,352,138445,1250805147,nonfiction;biography & memoir;comics & graphic novels;young adult;staff picks;family matters;identity & culture,2023
The True Love Experiment,Christina Lauren,416,495542,1982173432,rather long;realistic fiction;love & romance;staff picks;family matters;let’s talk about sex,2023
The Ugly History of Beautiful Things: Essays on Desire and Consumption,Katy Kelleher,272,1105516,198217935X,"nonfiction;short stories, essays & poetry;staff picks",2023
The Vaster Wilds,Lauren Groff,272,159083,0593418395,historical fiction;staff picks;book club ideas;seriously great writing;the dark side;the states we’re in,2023
The Vulnerables,Sigrid Nunez,256,265601,0593715519,realistic fiction;book club ideas;funny stuff;seriously great writing,2023
"The Wager: A Tale of Shipwreck, Mutiny and Murder",David Grann,352,1365,0385534264,nonfiction;staff picks;book club ideas;eye-opening reads;for history lovers,2023
The Wicked Bargain,Gabe Cole Novoa,368,1204313,0593378016,"sci fi, fantasy & speculative fiction;young adult;identity & culture;tales from around the world",2023
The Wind Knows My Name,"Isabel Allende, translated by Frances Riddle",272,111495,0593598105,historical fiction;realistic fiction;eye-opening reads;family matters;seriously great writing;identity & culture,2023
The Witching Tide,Margaret Meyer,336,1043485,1668011360,historical fiction;the dark side;tales from around the world,2023
The Wolves of Eternity,"Karl Ove Knausgaard, translated by Martin Aitken",800,449635,0593490835,realistic fiction;staff picks;book club ideas;family matters;seriously great writing;tales from around the world;rather long,2023
The Woman in Me,Britney Spears,288,6235,1668009048,biography & memoir;nonfiction;staff picks;no biz like show biz;for music lovers;book club ideas;family matters,2023
"The World Central Kitchen Cookbook: Feeding Humanity, Feeding Hope",José Andrés and World Central Kitchen with Sam Chapple-Sokol,304,12860,0593579070,nonfiction;cookbooks & food;staff picks;identity & culture;tales from around the world,2023
The Wreck: A Daughter's Memoir of Becoming a Mother,Cassandra Jackson,320,1625906,0593490029,nonfiction;biography & memoir;book club ideas;family matters;identity & culture;staff picks;the states we’re in,2023
"The Wren, the Wren",Anne Enright,288,351207,1324005688,"realistic fiction;short stories, essays & poetry;staff picks;book club ideas;seriously great writing;family matters;tales from around the world",2023
The Year My Life Went Down the Toilet,Jake Maia Arlow,288,1293328,0593112962,kids’ books;family matters;funny stuff;identity & culture,2023
"There Was a Party for Langston, King of Letters","Jason Reynolds, illustrated by Jerome Pumphrey and Jarrett Pumphrey",56,94218,1534439447,nonfiction;kids’ books;identity & culture;for history lovers;seriously great writing,2023
"There Will Be Fire: Margaret Thatcher, the IRA, and Two Minutes That Changed History",Rory Carroll,416,109871,0593419499,nonfiction;staff picks;eye-opening reads;for history lovers;seriously great writing;tales from around the world;rather long,2023
There’s No Way I'd Die First,Lisa Springer,304,1140944,0593643178,mysteries & thrillers;young adult;the dark side,2023
Thicker Than Water: A Memoir,Kerry Washington,320,42693,0316497398,nonfiction;biography & memoir;staff picks;book club ideas;family matters;identity & culture;no biz like show biz,2023
This Bird Has Flown,Susanna Hoffs,368,905026,0316409316,realistic fiction;love & romance;book club ideas;for music lovers;funny stuff;tales from around the world,2023
This Country: Searching for Home in (Very) Rural America,Navied Mahdavian,288,1048717,1797223674,nonfiction;biography & memoir;comics & graphic novels;staff picks;identity & culture;the states we’re in,2023
This Other Eden,Paul Harding,224,308256,132403629X,historical fiction;book club ideas;eye-opening reads;identity & culture;seriously great writing;staff picks;rather short;the states we’re in,2023
Thornhedge,T. Kingfisher,128,141935,1250244099,"sci fi, fantasy & speculative fiction;book club ideas;rather short",2023
Tim Te Maro and the Subterranean Heartsick Blues,H.S. Valley,320,1267354,1760508756,"sci fi, fantasy & speculative fiction;love & romance;young adult;identity & culture;tales from around the world",2023
"Time's Echo: The Second World War, the Holocaust, and the Music of Remembrance",Jeremy Eichler,400,482265,0525521712,nonfiction;staff picks;for music lovers;for history lovers;identity & culture;rather long,2023
To Name the Bigger Lie: A Memoir in Two Stories,Sarah Viren,304,300221,1982166592,nonfiction;biography & memoir;book club ideas;eye-opening reads;seriously great writing;the dark side,2023
To Shape a Dragon's Breath: The First Book of Nampeshiweisit,Moniquill Blackgoose,528,58988,0593498283,"sci fi, fantasy & speculative fiction;rather long;book club ideas",2023
Today Tonight Forever,Madeline Kay Sneed,304,3092349,1525819593,realistic fiction;love & romance;family matters;identity & culture,2023
Tom Lake,Ann Patchett,320,4412,006332752X,realistic fiction;staff picks;book club ideas;love & romance;family matters;the states we’re in,2023
Too Small Tola Gets Tough,"Atinuke, illustrated by Onyinwe Iwu",96,1720650,1536229466,kids’ books;funny stuff;tales from around the world,2023
Translation State,Ann Leckie,432,200740,031628971X,"sci fi, fantasy & speculative fiction;staff picks;rather long",2023
Transplant: A Memoir,Bernardine Watson,340,1465890,194155136X,nonfiction;biography & memoir;eye-opening reads;identity & culture;family matters;the states we’re in,2023
Tress of the Emerald Sea: A Cosmere Novel,Brandon Sanderson,384,7463,1250899656,"sci fi, fantasy & speculative fiction;staff picks;rather long",2023
Twenty Questions,"Mac Barnett, illustrated by Christian Robinson",40,65831,1536215139,kids’ books;staff picks;funny stuff,2023
Ultra-Processed People: The Science Behind Food That Isn't Food,Chris van Tulleken,384,68500,1324036729,nonfiction;cookbooks & food;staff picks;science!;eye-opening reads;book club ideas,2023
"Unraveling: What I Learned About Life While Shearing Sheep, Dyeing Wool, and Making the World's Ugliest Sweater",Peggy Orenstein,224,496871,0063081725,nonfiction;biography & memoir;staff picks;eye-opening reads;family matters;for history lovers;it’s all geek to me;rather short,2023
"Unreliable Narrator: Me, Myself, and Impostor Syndrome",Aparna Nancherla,304,763444,1984879804,"nonfiction;biography & memoir;short stories, essays & poetry;staff picks;no biz like show biz;funny stuff",2023
Up Late,Nick Laird,96,1272834,1324065443,"short stories, essays & poetry;family matters;the dark side",2023
Vampires of El Norte,Isabel Cañas,384,51958,0593436725,"historical fiction;sci fi, fantasy & speculative fiction;mysteries & thrillers;staff picks;the dark side;tales from around the world;love & romance",2023
"Veg-table: Recipes, Techniques, and Plant Science for Big-Flavored, Vegetable-Focused Meals",Nik Sharma,352,59721,1797216317,cookbooks & food,2023
Vera Wong's Unsolicited Advice for Murderers,Jesse Q. Sutanto,352,3391,0593549228,mysteries & thrillers;staff picks;family matters;funny stuff;the states we’re in;book club ideas,2023
Victory City,Salman Rushdie,352,703404,0593243390,"sci fi, fantasy & speculative fiction;family matters;identity & culture;seriously great writing;tales from around the world",2023
Warrior Girl Unearthed,Angeline Boulley,400,25338,1250766583,realistic fiction;mysteries & thrillers;young adult;staff picks;identity & culture;the states we’re in;rather long,2023
We Are a Haunting,Tyriek White,272,1445852,1662601719,"historical fiction;sci fi, fantasy & speculative fiction;staff picks;book club ideas;identity & culture;seriously great writing;the dark side;the states we’re in;family matters",2023
We Could Be So Good,Cat Sebastian,384,71708,0063272768,historical fiction;love & romance;book club ideas;identity & culture;let’s talk about sex,2023
"We Could Have Been Friends, My Father and I: A Palestinian Memoir",Raja Shehadeh,160,176137,1635423643,nonfiction;biography & memoir;family matters;for history lovers;tales from around the world;staff picks;rather short;book club ideas;seriously great writing,2023
"We Were Once a Family: A Story of Love, Death, and Child Removal in America",Roxanna Asgarian,320,848779,0374602298,nonfiction;staff picks;book club ideas;eye-opening reads;family matters;identity & culture;the states we’re in,2023
We're Safe When We're Alone,Nghiem Tran,168,1799252,1566896835,"sci fi, fantasy & speculative fiction;book club ideas;family matters;rather short",2023
Wednesday's Child: Stories,Yiyun Li,256,251683,0374606374,"realistic fiction;short stories, essays & poetry;seriously great writing;the dark side",2023
Wellness,Nathan Hill,624,72433,0593536118,realistic fiction;book club ideas;family matters;funny stuff;seriously great writing;rather long;love & romance,2023
West: A Translation,Paisley Rekdal,176,273885,1556596561,"short stories, essays & poetry;for history lovers;identity & culture;seriously great writing;the states we’re in",2023
Western Lane,Chetna Maroo,160,382162,0374607494,realistic fiction;staff picks;family matters;for sports lovers;identity & culture;tales from around the world;seriously great writing;rather short,2023
Weyward,Emilia Hart,336,15017,125028080X,realistic fiction;historical fiction;staff picks;family matters;the dark side,2023
Whalefall,Daniel Kraus,336,32419,1665918160,"sci fi, fantasy & speculative fiction;mysteries & thrillers;the dark side;science!;family matters",2023
What the Dead Know: Learning About Life as a New York City Death Investigator,Barbara Butcher,288,323336,1982179384,nonfiction;biography & memoir;staff picks;eye-opening reads;the dark side;the states we’re in,2023
When Crack Was King: A People's History of a Misunderstood Era,Donovan X. Ramsey,448,555787,0525511806,nonfiction;book club ideas;eye-opening reads;staff picks;rather long;identity & culture;for history lovers;the states we’re in;seriously great writing,2023
Winning Fixes Everything: How Baseball's Brightest Minds Created Sports' Biggest Mess,Evan Drellich,368,180472,006304904X,nonfiction;staff picks;eye-opening reads;for sports lovers,2023
Witch King,Martha Wells,432,107042,1250826799,"sci fi, fantasy & speculative fiction;rather long",2023
Without Children: The Long History of Not Being a Mother,Peggy O'Donnell Heffington,256,159291,1541675576,nonfiction;staff picks;book club ideas;eye-opening reads;family matters;for history lovers;identity & culture,2023
Witness: Stories,Jamel Brinkley,240,895014,0374607036,"realistic fiction;short stories, essays & poetry;seriously great writing;the states we’re in;rather short",2023
"Women of Myth: From Deer Woman and Mami Wata to Amaterasu and Athena, Your Guide to the Amazing and Diverse Women from World Mythology","Jenny Williamson and Genn McMenemy, illustrated by Sara Richard",256,202953,1507219415,"sci fi, fantasy & speculative fiction;staff picks;for history lovers;eye-opening reads;tales from around the world;it’s all geek to me",2023
Wonder Woman Historia: The Amazons,"Kelly Sue DeConnick, illustrated by Phil Jimenez, Gene Ha and Nicola Scott",232,36238,1779521359,"sci fi, fantasy & speculative fiction;comics & graphic novels;family matters;it’s all geek to me;staff picks;rather short",2023
Worm: A Cuban American Odyssey,Edel Rodriguez,304,350605,125075397X,nonfiction;biography & memoir;comics & graphic novels;young adult;staff picks;family matters;for history lovers;tales from around the world,2023
Y/N,Esther Yi,224,1060997,1662601530,realistic fiction;funny stuff;seriously great writing;rather short;tales from around the world;book club ideas,2023
Yellowface,R.F. Kuang,336,16938,0063250837,realistic fiction;staff picks;book club ideas;identity & culture;the dark side,2023
You Could Make This Place Beautiful: A Memoir,Maggie Smith,320,99301,1982185856,"nonfiction;biography & memoir;short stories, essays & poetry;staff picks;book club ideas;family matters;seriously great writing",2023
"You, Again",Kate Goldbeck,448,52624,059344812X,realistic fiction;love & romance;staff picks;let’s talk about sex;rather long,2023
Young and Restless: The Girls Who Sparked America’s Revolutions,Mattie Kahn,368,726044,059329906X,nonfiction;eye-opening reads;identity & culture;for history lovers;book club ideas,2023
36 Ways of Writing a Vietnamese Poem,Nam Le,80,1251806,0593537203,"short stories, essays & poetry;identity & culture;tales from around the world",2024
A Better World,Sarah Langan,368,529964,1982191066,"sci fi, fantasy & speculative fiction;mysteries & thrillers;the dark side",2024
A Fatal Inheritance: How a Family Misfortune Revealed a Deadly Medical Mystery,Lawrence Ingrassia,320,298745,1250837227,nonfiction;biography & memoir;eye-opening reads;family matters;science!,2024
A Love Song for Ricki Wilde,Tia Williams,352,55227,153872670X,staff picks;love & romance;for art lovers;let’s talk about sex,2024
A Map of Future Ruins: On Borders and Belonging,Lauren Markham,272,835502,0593545575,nonfiction;staff picks;book club ideas;for history lovers;tales from around the world;identity & culture,2024
A Shore Thing,Joanna Lowell,368,200840,0593549724,historical fiction;love & romance;staff picks,2024
A Short Walk Through a Wide World,Douglas Westerbeke,400,122251,1668026066,"sci fi, fantasy & speculative fiction;staff picks;book club ideas;tales from around the world;rather long",2024
A Sorceress Comes to Call,T. Kingfisher,336,16466,1250244072,"sci fi, fantasy & speculative fiction;family matters;the dark side",2024
A Talent for Murder,Peter Swanson,272,101374,0063205033,mysteries & thrillers;staff picks,2024
A Thousand Times Before,Asha Thanki,368,261628,0593654641,historical fiction;book club ideas;eye-opening reads;family matters;identity & culture;seriously great writing;tales from around the world,2024
A Very Private School: A Memoir,Charles Spencer,304,200250,1668046385,nonfiction;biography & memoir;staff picks;book club ideas;family matters;tales from around the world,2024
A Wilder Shore: The Romantic Odyssey of Fanny and Robert Louis Stevenson,Camille Peri,480,88273,0670786195,nonfiction;biography & memoir;staff picks;book club ideas;eye-opening reads,2024
"Accordion Eulogies: A Memoir of Music, Migration, and Mexico",Noé Álvarez,208,904408,1646220897,nonfiction;biography & memoir;staff picks;the states we’re in;for music lovers;rather short,2024
Adam & Evie’s Matchmaking Tour,Nora Nguyen,304,925210,0063381508,love & romance;staff picks;let’s talk about sex;tales from around the world,2024
Adrift on a Painted Sea,"Tim Bird, paintings by Sue Bird",84,398393,191039582X,nonfiction;biography & memoir;comics & graphic novels;family matters;for art lovers;tales from around the world;rather short,2024
All Fours,Miranda July,336,3130,0593190262,realistic fiction;staff picks;book club ideas;eye-opening reads;family matters;funny stuff;identity & culture;let’s talk about sex;seriously great writing,2024
All Our Ordinary Stories: A Multigenerational Family Odyssey,Teresa Wong,240,1223131,1551529491,nonfiction;biography & memoir;comics & graphic novels;family matters;identity & culture;tales from around the world;rather short,2024
All We Were Promised,Ashton Lattimore,368,594840,0593600150,historical fiction;book club ideas;eye-opening reads;the states we’re in,2024
American Spirits,Russell Banks,240,565111,0593536770,"realistic fiction;short stories, essays & poetry;staff picks;rather short",2024
Amrikan: 125 Recipes from the Indian American Diaspora,Khushbu Shah,320,42356,1324036257,cookbooks & food;staff picks;identity & culture,2024
An Academy for Liars,Alexis Henderson,464,155196,0593638301,"sci fi, fantasy & speculative fiction;the dark side;rather long",2024
Anita de Monte Laughs Last,Xochitl Gonzalez,352,55507,1250786215,realistic fiction;mysteries & thrillers;book club ideas;for art lovers;identity & culture,2024
Annie Bot,Sierra Greer,240,55285,0063312697,"sci fi, fantasy & speculative fiction;staff picks;book club ideas;eye-opening reads;the dark side;let’s talk about sex;rather short",2024
Annie LeBlanc Is Not Dead Yet,Molly Morris,336,1054039,1250290066,young adult;staff picks;love & romance;funny stuff,2024
Attachments: Essays on Fatherhood and Other Performances,Lucas Mann,282,1051807,1609389530,"nonfiction;biography & memoir;short stories, essays & poetry;staff picks;eye-opening reads;identity & culture;seriously great writing;book club ideas",2024
Baby X: A Thriller,Kira Peikoff,336,578290,1639106332,"sci fi, fantasy & speculative fiction;mysteries & thrillers;staff picks;eye-opening reads;the dark side",2024
Bad Therapy: Why the Kids Aren't Growing Up,Abigail Shrier,320,10809,0593542924,staff picks;nonfiction;family matters;eye-opening reads;book club ideas;science!,2024
Barrio Rising: The Protest That Built Chicano Park,"María Dolores Águila, illustrated by Magdalena Mora",40,156868,0593462076,kids’ books;eye-opening reads;identity & culture;the states we’re in;nonfiction,2024
Bear,Julia Phillips,304,196647,0525520430,realistic fiction;mysteries & thrillers;staff picks;seriously great writing;family matters;the dark side,2024
Behind My Doors: The Story of the World’s Oldest Library,"Hena Khan, illustrated by Nabila Adani",40,539599,164379423X,kids’ books;it’s all geek to me;for history lovers;tales from around the world,2024
Behind You Is the Sea,Susan Muaddi Darraj,256,602451,0063324237,realistic fiction;staff picks;book club ideas;eye-opening reads;family matters;identity & culture;seriously great writing,2024
Between Two Sounds: Arvo Pärt's Journey to His Musical Language,"Joonas Sildre, edited by Aile Tooming, translated by Adam Cullen",224,119798,1636081347,nonfiction;biography & memoir;comics & graphic novels;staff picks;for music lovers;tales from around the world;rather short,2024
Big Vegan Flavor: Techniques and 150 Recipes to Master Vegan Cooking,Nisha Vora,608,1958,0593328930,cookbooks & food,2024
Bird of Four Hundred Voices: A Mexican American Memoir of Music and Belonging,Eugene Rodriguez,224,362092,1597146447,nonfiction;biography & memoir;staff picks;for music lovers;rather short;tales from around the world,2024
Birding with Benefits,Sarah T. Dubb,336,128755,1668037831,love & romance;staff picks,2024
Black Girl You Are Atlas,"Renée Watson, illustrated by Ekua Holmes",96,39929,0593461703,"young adult;identity & culture;short stories, essays & poetry",2024
Blackheart Man,Nalo Hopkinson,384,1330504,1668005107,"sci fi, fantasy & speculative fiction;book club ideas;seriously great writing",2024
Blood Test: A Comedy,Charles Baxter,224,124517,0593700856,realistic fiction;funny stuff;seriously great writing;the dark side;rather short;science!,2024
Blood of the Old Kings,"Sung-il Kim, translated by Anton Hur",368,213589,1250895332,"sci fi, fantasy & speculative fiction",2024
Blood on the Brain,Esinam Bediako,248,1801057,163628180X,realistic fiction;book club ideas;family matters;identity & culture;rather short,2024
Blue Lard,"Vladimir Sorokin, translated by Max Lawton",368,102329,1681378183,"sci fi, fantasy & speculative fiction;eye-opening reads;funny stuff;seriously great writing;the dark side;tales from around the world",2024
"Blue Sky Through the Window of a Moving Car: Comics for Beautiful, Awful and Ordinary Days",Jordan Bolton,128,395707,1524895091,"comics & graphic novels;short stories, essays & poetry;staff picks;eye-opening reads;rather short",2024
Bride,Ali Hazelwood,416,3268,0593550404,"sci fi, fantasy & speculative fiction;love & romance;staff picks;family matters;funny stuff;rather long",2024
Burn Book: A Tech Love Story,Kara Swisher,320,30968,1982163895,nonfiction;biography & memoir;staff picks;book club ideas;eye-opening reads;it’s all geek to me;identity & culture,2024
By the Fire We Carry: The Generations-Long Fight for Justice on Native Land,Rebecca Nagle,352,36984,0063112043,nonfiction;eye-opening reads;for history lovers;identity & culture;the states we’re in,2024
Cahokia Jazz,Francis Spufford,464,134415,1668025450,"historical fiction;sci fi, fantasy & speculative fiction;mysteries & thrillers;staff picks;the states we’re in;for music lovers",2024
Call Me Roberto! Roberto Clemente Goes to Bat for Latinos,"Nathalie Alonso, illustrated by Rudy Gutierrez",40,102877,1635928117,nonfiction;biography & memoir;kids’ books;for history lovers;for sports lovers;identity & culture,2024
"Carrie Carolyn Coco: My Friend, Her Murder, and an Obsession with the Unthinkable",Sarah Gerard,368,913728,1638930465,nonfiction;book club ideas;eye-opening reads;family matters;identity & culture,2024
Catalina,Karla Cornejo Villavicencio,224,35584,0593449096,realistic fiction;love & romance;staff picks;book club ideas;family matters;identity & culture;seriously great writing;rather short,2024
Chop Fry Watch Learn: Fu Pei-mei and the Making of Modern Chinese Food,Michelle T. King,336,217763,1324021284,nonfiction;biography & memoir;cookbooks & food;staff picks;tales from around the world,2024
"Circle of Hope: A Reckoning with Love, Power, and Justice in an American Church",Eliza Griswold,352,138597,0374601682,nonfiction;staff picks;identity & culture;seriously great writing;book club ideas;the states we’re in,2024
Clear,Carys Davies,208,24884,1668030667,historical fiction;staff picks;book club ideas;eye-opening reads;seriously great writing;tales from around the world;rather short,2024
Cloistered: My Years as a Nun,Catherine Coldstream,352,114128,1250323517,nonfiction;biography & memoir;staff picks;book club ideas;eye-opening reads;identity & culture;seriously great writing;tales from around the world,2024
Colored Television,Danzy Senna,288,25876,0593544374,realistic fiction;book club ideas;identity & culture;no biz like show biz,2024
Come and Get It,Kiley Reid,400,38204,0593328205,staff picks;book club ideas;identity & culture;realistic fiction;rather long,2024
Consent: A Memoir,Jill Ciment,160,153688,0593701062,nonfiction;biography & memoir;book club ideas;eye-opening reads;family matters;identity & culture;rather short,2024
Creation Lake,Rachel Kushner,416,11617,1982116528,realistic fiction;mysteries & thrillers;staff picks;book club ideas;eye-opening reads;the dark side;tales from around the world;seriously great writing;rather long,2024
Cuckoo,Gretchen Felker-Martin,352,193108,1250794668,"sci fi, fantasy & speculative fiction;mysteries & thrillers;staff picks;identity & culture;the dark side",2024
Cue the Sun!: The Invention of Reality TV,Emily Nussbaum,464,77186,0525508996,nonfiction;eye-opening reads;no biz like show biz,2024
Curvy Girl Summer,Danielle Allen,368,6133,1250331048,love & romance;let’s talk about sex,2024
Dac Biet: An Extra-Special Vietnamese Cookbook,Nini Nguyen with Sarah Zorn,368,11998,0593535545,cookbooks & food,2024
"Dead in Long Beach, California",Venita Blackburn,240,310446,0374602824,"realistic fiction;sci fi, fantasy & speculative fiction;staff picks;family matters;funny stuff;rather short",2024
Dear Dad: Growing Up with a Parent in Prison – and How We Stayed Connected,"Jay Jay Patton and Antoine Patton, with Kiara Valdez, illustrated by Markia Jenai",128,895218,1338893203,nonfiction;biography & memoir;comics & graphic novels;kids’ books;eye-opening reads;family matters,2024
Deer Run Home,Ann Clare LeZotte,224,154788,1339021900,"kids’ books;short stories, essays & poetry;family matters;identity & culture",2024
Defectors: The Rise of the Latino Far Right and What It Means for America,Paola Ramos,256,14654,0593701364,nonfiction;staff picks;book club ideas;eye-opening reads;identity & culture;the states we’re in,2024
Delicious Tonight: Foolproof Recipes for 150+ Easy Dinners,Nagi Maehashi,360,9559,1682689476,cookbooks & food,2024
Die Hot with a Vengeance: Essays on Vanity,Sable Yong,256,127148,0063236486,"nonfiction;short stories, essays & poetry;eye-opening reads;staff picks;identity & culture;book club ideas",2024
"Do I Know You?: A Faceblind Reporter’s Journey into the Science of Sight, Memory, and Imagination",Sadie Dingfelder,304,156164,0316545147,nonfiction;staff picks;book club ideas;eye-opening reads;science!;funny stuff;it’s all geek to me,2024
Do What Godmother Says,L.S. Stratton,384,713937,1454947489,historical fiction;mysteries & thrillers;family matters;for art lovers,2024
Dragonfruit,Makiia Lucier,368,106994,0358272106,"sci fi, fantasy & speculative fiction;young adult;staff picks",2024
Drawn Onward,"Daniel Nayeri, illustrated by Matt Rockefeller",40,332388,0063277166,kids’ books;family matters,2024
Enlightenment,Sarah Perry,384,94031,0063352613,historical fiction;realistic fiction;staff picks;seriously great writing;tales from around the world,2024
Entitlement,Rumaan Alam,288,92708,0593718461,realistic fiction;staff picks;book club ideas,2024
Everything We Never Had,Randy Ribay,288,15759,059346141X,historical fiction;young adult;staff picks;book club ideas;eye-opening reads;family matters;identity & culture;seriously great writing,2024
Faker,Gordon Korman,224,17188,1338826751,kids’ books;family matters,2024
Feeding Ghosts: A Graphic Memoir,Tessa Hulls,400,44300,0374601658,nonfiction;biography & memoir;comics & graphic novels;staff picks;family matters;identity & culture;tales from around the world;for history lovers;rather long,2024
Fire Exit,Morgan Talty,256,32947,1959030558,realistic fiction;staff picks;book club ideas;eye-opening reads;family matters;identity & culture;seriously great writing;the states we’re in,2024
First Love: Essays on Friendship,Lilly Dancyger,224,141248,0593447573,"nonfiction;biography & memoir;short stories, essays & poetry;book club ideas;identity & culture;seriously great writing;rather short",2024
Fledgling: The Keeper's Records of Revolution,S.K. Ali,544,269386,0593531248,"sci fi, fantasy & speculative fiction;young adult;the dark side;rather long",2024
Flying Through Water,Mamle Wolo,288,644959,0316703966,realistic fiction;kids’ books;eye-opening reads;family matters;tales from around the world,2024
For the Blessings of Jupiter and Venus,Varun Gauri,236,720757,1941551424,realistic fiction;book club ideas;family matters;identity & culture;rather short,2024
Forgottenness,"Tanja Maljartschuk, translated by Zenia Tompkins",272,803710,1324093226,realistic fiction;eye-opening reads;identity & culture;tales from around the world,2024
Four Squares,Bobby Finger,336,319371,0593713559,realistic fiction;book club ideas;staff picks,2024
Funny Story,Emily Henry,400,6615,0593441281,love & romance;staff picks;family matters;let’s talk about sex;rather long,2024
Gather Me: A Memoir in Praise of the Books That Saved Me,Glory Edim,288,157830,0525619798,nonfiction;biography & memoir;book club ideas;family matters;identity & culture,2024
Get the Picture: A Mind-Bending Journey Among the Inspired Artists and Obsessive Art Fiends Who Taught Me How to See,Bianca Bosker,384,38758,0525562206,nonfiction;staff picks;eye-opening reads;for art lovers;funny stuff;it’s all geek to me;book club ideas,2024
Getting to Know Death: A Meditation,Gail Godwin,192,605372,1639734449,nonfiction;biography & memoir;book club ideas;eye-opening reads;seriously great writing;rather short,2024
Girl Abroad,Elle Kennedy,432,25411,1728299799,love & romance;staff picks;funny stuff;tales from around the world;rather long,2024
Glass Houses,Madeline Ashby,272,1148711,076538292X,"sci fi, fantasy & speculative fiction;mysteries & thrillers;book club ideas;the dark side",2024
"God Bless You, Otis Spunkmeyer",Joseph Earl Thomas,240,569763,1538740982,realistic fiction;funny stuff;identity & culture;seriously great writing;the states we’re in;rather short,2024
Great Expectations,Vinson Cunningham,272,568505,0593448235,realistic fiction;staff picks;book club ideas;eye-opening reads;for history lovers;identity & culture;the states we’re in,2024
Greekish: Everyday Recipes with Greek Roots,Georgina Hayden,288,126057,1526630664,cookbooks & food;staff picks,2024
Green Frog: Stories,Gina Chung,240,581509,0593469364,"sci fi, fantasy & speculative fiction;short stories, essays & poetry;family matters;identity & culture;the dark side;rather short",2024
Greta & Valdin,Rebecca K Reilly,352,322709,1668028042,realistic fiction;staff picks;book club ideas;family matters;funny stuff;tales from around the world,2024
Grief Is for People,Sloane Crosley,208,74097,0374609845,nonfiction;biography & memoir;staff picks;book club ideas;rather short,2024
Grown Woman Talk: Your Guide to Getting and Staying Healthy,Sharon Malone M.D.,400,12971,0593593863,nonfiction;science!;staff picks;identity & culture;rather long,2024
Guide Me Home,Attica Locke,320,119701,0316494615,mysteries & thrillers;book club ideas;identity & culture;the states we’re in,2024
Hard by a Great Forest,Leo Vardiashvili,352,592182,0593545036,historical fiction;mysteries & thrillers;staff picks;book club ideas;family matters;seriously great writing;tales from around the world,2024
Haunt Sweet Home,Sarah Pinsker,176,555408,1250330262,"sci fi, fantasy & speculative fiction;book club ideas;no biz like show biz;the dark side;rather short",2024
Headshot,Rita Bullwinkel,224,87648,0593654102,realistic fiction;staff picks;book club ideas;for sports lovers;seriously great writing;rather short,2024
Heatwave,Lauren Redniss,40,714921,0593645944,kids’ books,2024
Heir,Sabaa Tahir,512,42031,0593616944,"sci fi, fantasy & speculative fiction;young adult;staff picks",2024
Help Wanted,Adelle Waldman,288,203904,132402044X,realistic fiction;staff picks;funny stuff,2024
Henry Henry,Allen Bratton,300,619007,196188402X,realistic fiction;staff picks;seriously great writing;tales from around the world,2024
Here After: A Memoir,Amy Lin,272,287839,195850632X,staff picks;nonfiction;biography & memoir;book club ideas;seriously great writing;family matters,2024
Here One Moment,Liane Moriarty,512,5068,0593798600,realistic fiction;mysteries & thrillers;staff picks;book club ideas;eye-opening reads;family matters,2024
Holding It Together: How Women Became America's Safety Net,Jessica Calarco,336,50268,0593538129,nonfiction;staff picks;book club ideas;eye-opening reads;family matters;identity & culture;the states we’re in,2024
Hombrecito,Santiago Jose Sanchez,336,587086,0593542185,realistic fiction;identity & culture;let’s talk about sex;seriously great writing;the states we’re in;book club ideas,2024
Horror Movie,Paul Tremblay,288,48954,0063070014,"sci fi, fantasy & speculative fiction;mysteries & thrillers;the dark side",2024
Horror for Weenies: Everything You Need to Know About the Films You're Too Scared to Watch,Emily C. Hughes,272,328266,1683694252,"nonfiction;sci fi, fantasy & speculative fiction;mysteries & thrillers;staff picks;no biz like show biz;funny stuff;the dark side",2024
House of Flame and Shadow,Sarah J. Maas,848,3250,1635574102,"sci fi, fantasy & speculative fiction;love & romance;staff picks;family matters;rather long",2024
How It All Ends,Emma Hunsinger,304,46799,0063158140,kids’ books;comics & graphic novels;funny stuff,2024
How You Get the Girl,Anita Kelly,384,806066,1538754916,love & romance;staff picks;family matters;let’s talk about sex;for sports lovers,2024
How to End a Love Story,Yulin Kuang,384,25449,0063310686,realistic fiction;love & romance;staff picks;no biz like show biz;funny stuff,2024
How to Live Free in a Dangerous World: A Decolonial Memoir,Shayla Lawson,320,761716,0593472586,"biography & memoir;short stories, essays & poetry;eye-opening reads;for history lovers;identity & culture;tales from around the world;nonfiction",2024
How to Solve Your Own Murder,Kristen Perrin,368,52258,0593474015,mysteries & thrillers;staff picks;book club ideas;tales from around the world;the dark side,2024
How to Win an Information War: The Propagandist Who Outwitted Hitler,Peter Pomerantsev,304,56439,1541774728,nonfiction;staff picks;eye-opening reads;for history lovers;tales from around the world,2024
I Hope This Finds You Well,Natalie Sue,352,71224,0063320363,realistic fiction;funny stuff;staff picks,2024
I Love You So Much It's Killing Us Both,Mariah Stovall,336,912547,1593767609,realistic fiction;for music lovers;seriously great writing,2024
I Was a Teenage Slasher,Stephen Graham Jones,384,55351,1668022249,"sci fi, fantasy & speculative fiction;mysteries & thrillers;the dark side",2024
I'm Sorry You Got Mad,"Kyle Lukoff, illustrated by Julie Kwon",32,28132,0593462912,kids’ books;funny stuff,2024
"If You Can't Take the Heat: Tales of Food, Feminism, and Fury",Geraldine DeRuiter,336,718371,0593444485,nonfiction;biography & memoir;cookbooks & food;staff picks;identity & culture;book club ideas,2024
In My Time of Dying: How I Came Face-to-Face With the Idea of an Afterlife,Sebastian Junger,176,22160,1668050838,nonfiction;biography & memoir;staff picks;book club ideas;eye-opening reads;science!;rather short,2024
Intermezzo,Sally Rooney,464,4119,0374602638,realistic fiction;staff picks;book club ideas;family matters;identity & culture;seriously great writing,2024
Invisible Rulers: The People Who Turn Lies into Reality,Renée DiResta,448,56679,1541703375,staff picks;nonfiction;for history lovers;it’s all geek to me;eye-opening reads;rather long,2024
Isabel and the Rogue,Liana De la Rosa,352,184681,0593440900,historical fiction;love & romance;staff picks,2024
James,Percival Everett,320,110,0385550367,historical fiction;book club ideas;seriously great writing;staff picks,2024
Just Say Yes,Goldy Moldavsky,320,743008,1250863236,love & romance;young adult;staff picks,2024
Justine Cooks: A Cookbook,Justine Doiron,288,8315,0593582306,cookbooks & food,2024
K Is in Trouble,Gary Clement,224,1059991,0316468606,comics & graphic novels;kids’ books,2024
Knife: Meditations After an Attempted Murder,Salman Rushdie,224,33050,0593730240,nonfiction;biography & memoir;staff picks;family matters;seriously great writing;rather short,2024
Last Date in El Zapotal,"Mateo García Elizondo, translated by Robin Myers",163,1266453,1913867846,realistic fiction;eye-opening reads;seriously great writing;the dark side;tales from around the world;rather short,2024
Leo's First Vote!,"Christina Soontornvat, illustrated by Isabel Roxas",48,244134,0593644263,kids’ books;the states we’re in,2024
Let the Games Begin,Rufaro Faith Mazarura,352,387297,1250354536,love & romance;for sports lovers;identity & culture;tales from around the world,2024
Liars,Sarah Manguso,272,72842,0593241258,realistic fiction;staff picks;book club ideas;eye-opening reads;seriously great writing,2024
Lies and Weddings,Kevin Kwan,448,66380,0385546297,realistic fiction;love & romance;staff picks;funny stuff;identity & culture;rather long;tales from around the world,2024
Life After Power: Seven Presidents and Their Search for Purpose Beyond the White House,Jared Cohen,512,111411,1982154543,nonfiction;biography & memoir;staff picks;eye-opening reads;for history lovers;it’s all geek to me;the states we’re in,2024
Like Happiness,Ursula Villarreal-Moura,304,1244912,1250882834,realistic fiction;book club ideas;identity & culture,2024
Lilith,Eric Rickstad,286,902827,1094000744,realistic fiction;mysteries & thrillers;seriously great writing;the dark side,2024
Listen for the Lie,Amy Tintera,352,6860,1250880319,mysteries & thrillers;staff picks;book club ideas;the dark side,2024
Little Rot,Akwaeke Emezi,288,728639,0525541632,realistic fiction;mysteries & thrillers;seriously great writing;the dark side;tales from around the world,2024
Long Island,Colm Tóibín,336,1129212,8419960152,historical fiction;staff picks;book club ideas;family matters;identity & culture;seriously great writing,2024
Long Island Compromise,Taffy Brodesser-Akner,464,17429,0593133498,realistic fiction;staff picks;book club ideas;family matters,2024
Long Live Evil,Sarah Rees Brennan,464,81935,0316568716,"sci fi, fantasy & speculative fiction;love & romance;staff picks",2024
Lunar Boy,Jes and Cin Wibowo,240,206543,006305759X,"sci fi, fantasy & speculative fiction;comics & graphic novels;eye-opening reads;identity & culture;kids’ books;rather short",2024
Lunar New Year Love Story,"Gene Luen Yang, illustrated by LeUyen Pham",352,23747,1250908264,comics & graphic novels;love & romance;young adult;family matters;identity & culture,2024
Madwoman,Chelsea Bieker,336,41903,0316573299,realistic fiction;mysteries & thrillers;book club ideas;family matters;seriously great writing;the dark side,2024
"Magical/Realism: Essays on Music, Memory, Fantasy, and Borders",Vanessa Angélica Villarreal,384,279384,0593187148,"nonfiction;biography & memoir;for music lovers;seriously great writing;staff picks;short stories, essays & poetry",2024
Magnolia Wu Unfolds It All,Chanel Miller,160,62255,0593624521,kids’ books;funny stuff;the states we’re in,2024
Margo's Got Money Troubles,Rufi Thorpe,304,13308,0063356589,realistic fiction;love & romance;book club ideas;family matters;funny stuff;staff picks,2024
Martyr!,Kaveh Akbar,352,12652,0593537610,realistic fiction;staff picks;book club ideas;eye-opening reads;family matters;funny stuff;identity & culture;seriously great writing;for art lovers,2024
"Mastering the Art of Plant-Based Cooking: Vegan Recipes, Tips, and Techniques",Joe Yonan,496,16910,198486064X,cookbooks & food,2024
Mean Boys: A Personal History,Geoffrey Mak,288,562394,1635577942,"nonfiction;biography & memoir;short stories, essays & poetry;eye-opening reads;identity & culture",2024
Memory Piece,Lisa Ko,304,544995,059354210X,realistic fiction;staff picks;for art lovers;identity & culture,2024
Metal from Heaven,August Clarke,448,117874,1645660982,"sci fi, fantasy & speculative fiction;book club ideas;let’s talk about sex;rather long",2024
Mid-Air,"Alicia D. Williams, illustrated by Danica Novgorodoff",320,240301,148146583X,realistic fiction;kids’ books;seriously great writing;identity & culture,2024
Milk Street 365: The All-Purpose Cookbook for Every Day of the Year,Christopher Kimball,640,36733,031653868X,cookbooks & food,2024
Milk Street Bakes: A Baking Book with 200 Sweet and Savory Recipes,Christopher Kimball,512,40729,0316538884,cookbooks & food,2024
Milk Without Honey,"Hanna Harms, translated by Ruth Ahmedzai Kemp",112,1022547,195149136X,nonfiction;comics & graphic novels;eye-opening reads;for art lovers;science!;it’s all geek to me;rather short,2024
Mina's Matchbox,"Yoko Ogawa, translated by Stephen B. Snyder",288,160639,0593316088,historical fiction;staff picks;family matters;seriously great writing;tales from around the world,2024
"Miss May Does Not Exist: The Life and Work of Elaine May, Hollywood's Hidden Genius",Carrie Courogen,400,137393,1250279224,nonfiction;biography & memoir;no biz like show biz;funny stuff;staff picks;rather long,2024
Most Ardently: A Pride & Prejudice Remix,Gabe Cole Novoa,304,77942,1250869803,historical fiction;love & romance;young adult;family matters;tales from around the world;identity & culture,2024
"My Antarctica: True Adventures in the Land of Mummified Seals, Space Robots, and So Much More","G. Neri, illlustrated by Corban Wilkin",96,523641,1536223328,nonfiction;biography & memoir;kids’ books;eye-opening reads;science!;tales from around the world,2024
"My Beloved Monster: Masha, the Half-Wild Rescue Cat Who Rescued Me",Caleb Carr,352,36381,0316503606,biography & memoir;staff picks,2024
"My Black Country: A Journey Through Country Music's Black Past, Present, and Future",Alice Randall,288,545614,1668018403,nonfiction;for music lovers;identity & culture;the states we’re in;staff picks,2024
My Favorite Thing Is Monsters Book Two,Emil Ferris,412,104398,1683969278,comics & graphic novels;mysteries & thrillers;family matters;for art lovers;identity & culture;the dark side;rather long,2024
My Friends,Hisham Matar,416,70692,0812994841,realistic fiction;staff picks;book club ideas;seriously great writing;tales from around the world;rather long,2024
My Thoughts Have Wings,"Maggie Smith, illustrated by Leanne Hatch",32,378000,006321458X,kids’ books;staff picks,2024
"New Cold Wars: China's Rise, Russia's Invasion, and America's Struggle to Defend the West",David E. Sanger,528,66062,0593443594,nonfiction;staff picks;tales from around the world;rather long,2024
New Testaments: Stories,Dagoberto Gilb,192,352900,0872869318,"realistic fiction;short stories, essays & poetry;identity & culture;seriously great writing;rather short",2024
New and Selected Poems,Marie Howe,192,31301,1324075031,"short stories, essays & poetry;family matters",2024
Nicked,M. T. Anderson,240,53991,0593701607,"sci fi, fantasy & speculative fiction;historical fiction;love & romance;staff picks;funny stuff;the dark side;rather short",2024
Nightwatching,Tracy Sierra,368,83034,0593654765,mysteries & thrillers;staff picks;the dark side;family matters;identity & culture,2024
No Country for Love,Yaroslav Trofimov,384,764794,0349145318,historical fiction;staff picks;eye-opening reads;seriously great writing;tales from around the world,2024
No One Gets to Fall Apart: A Memoir,Sarah LaBrie,224,348891,0063280728,nonfiction;biography & memoir;family matters;identity & culture;book club ideas;rather short,2024
Nosy Neighbors,Freya Sampson,384,110600,0593550528,realistic fiction;staff picks;book club ideas;family matters;tales from around the world,2024
Not Quite a Ghost,Anne Ursu,288,157207,0062275151,"sci fi, fantasy & speculative fiction;kids’ books",2024
Not a Speck of Light,Laird Barron,,,,"sci fi, fantasy & speculative fiction;mysteries & thrillers;seriously great writing;the dark side;short stories, essays & poetry",2024
Not the End of the World: How We Can Be the First Generation to Build a Sustainable Planet,Hannah Ritchie,352,63830,031653675X,nonfiction;staff picks;book club ideas;eye-opening reads;science!,2024
Nuclear War: A Scenario,Annie Jacobsen,400,2111,0593476093,nonfiction;staff picks;for history lovers;the dark side;rather long;eye-opening reads,2024
Old King,Maxim Loskutoff,304,239397,0393868192,historical fiction;realistic fiction;seriously great writing;the dark side;the states we’re in,2024
Olivetti,Allie Millington,256,53325,1250326931,kids’ books;family matters;it’s all geek to me;mysteries & thrillers,2024
Ottolenghi Comfort: A Cookbook,Yotam Ottolenghi with Helen Goh,320,10583,0399581774,cookbooks & food,2024
Ours,Phillip B. Williams,592,414418,059365482X,"historical fiction;sci fi, fantasy & speculative fiction;book club ideas;eye-opening reads;family matters;identity & culture;seriously great writing;the states we’re in;rather long",2024
Pages of Mourning,Diego Gerard Morrison,320,1413629,1953387403,realistic fiction;family matters;identity & culture;the dark side;tales from around the world,2024
"Pass the Plate: 100 Delicious, Highly Shareable, Everyday Recipes",Carolina Gelen,272,9275,0593581873,cookbooks & food,2024
Past Tense: Facing Family Secrets and Finding Myself in Therapy,Sacha Mardou,336,127244,0593541367,nonfiction;biography & memoir;comics & graphic novels;family matters,2024
Patriot: A Memoir,Alexei Navalny,496,6360,0593320964,nonfiction;staff picks;book club ideas;eye-opening reads;tales from around the world;biography & memoir;rather long,2024
Phantom Orbit: A Thriller,David Ignatius,384,99133,1324050918,mysteries & thrillers;staff picks;the dark side;science!,2024
Pick the Lock,A.S. King,400,108247,0593353978,mysteries & thrillers;young adult;the dark side;family matters;rather long,2024
Piglet,Lottie Hazell,320,263298,125028984X,realistic fiction;cookbooks & food;love & romance;book club ideas;identity & culture;the dark side;staff picks,2024
Pink Slime,"Fernanda Trías, translated by Heather Cleary",240,122666,1668049775,"sci fi, fantasy & speculative fiction;book club ideas;seriously great writing;the dark side;rather short",2024
Plain Jane and the Mermaid,Vera Brosgol,368,42024,1250314852,comics & graphic novels;kids’ books,2024
"Play Nice: The Rise, Fall, and Future of Blizzard Entertainment",Jason Schreier,384,45142,1538725428,nonfiction;it’s all geek to me;staff picks,2024
Playground,Richard Powers,400,5365,1324086033,realistic fiction;staff picks;book club ideas;eye-opening reads;science!;tales from around the world;seriously great writing;rather long,2024
Pony Confidential,Christina Lynch,384,33524,0593640365,mysteries & thrillers;funny stuff;staff picks,2024
Poor Deer,Claire Oshetsky,240,928949,006332766X,realistic fiction;seriously great writing;the dark side;rather short,2024
Practice,Rosalind Brown,208,839677,037461301X,realistic fiction;book club ideas;seriously great writing;rather short,2024
Rakesfall,Vajra Chandrasekera,304,259339,1250847680,"sci fi, fantasy & speculative fiction;book club ideas;identity & culture;seriously great writing;the dark side",2024
Ready or Not,Cara Bastone,400,15249,0593595718,realistic fiction;love & romance;staff picks;book club ideas;family matters;funny stuff;rather long,2024
Real Americans,Rachel Khong,416,66476,0593537254,"realistic fiction;sci fi, fantasy & speculative fiction;staff picks;family matters;identity & culture;book club ideas;rather long",2024
Rebel Girl: My Life as a Feminist Punk,Kathleen Hanna,336,44280,0062825232,nonfiction;biography & memoir;staff picks;for music lovers;identity & culture,2024
Rednecks,Taylor Brown,320,166424,1250329337,historical fiction;mysteries & thrillers;eye-opening reads;the states we’re in,2024
Rejection: Fiction,Tony Tulathimutte,272,15436,0063337878,realistic fiction;staff picks;book club ideas;funny stuff;identity & culture;seriously great writing,2024
Relinquished: The Politics of Adoption and the Privilege of American Motherhood,Gretchen Sisson,320,311069,1250286778,nonfiction;staff picks;eye-opening reads;family matters;identity & culture,2024
Rental House,Weike Wang,224,123742,0593545540,realistic fiction;staff picks;book club ideas;family matters;identity & culture;rather short,2024
Reservoir Bitches: Stories,"Dahlia de la Cerda, translated by Heather Cleary and Julia Sanches",192,68083,1558613110,"realistic fiction;short stories, essays & poetry;eye-opening reads;identity & culture;seriously great writing;the dark side;tales from around the world;rather short",2024
Same as It Ever Was,Claire Lombardo,512,38252,0385549555,realistic fiction;book club ideas;family matters;identity & culture;staff picks;rather long,2024
Sandwich,Catherine Newman,240,2351,0063345161,realistic fiction;staff picks;book club ideas;family matters;rather short,2024
Sandwiches of History: The Cookbook: All the Best (and Most Surprising) Things People Have Put Between Slices of Bread,Barry W. Enderwick,160,58034,0760392102,cookbooks & food;staff picks;for history lovers;it’s all geek to me,2024
Say You'll Be Mine,Naina Kumar,352,473424,0593723880,love & romance;staff picks;identity & culture,2024
Service,Sarah Gilmartin,,3434809,1911590804,realistic fiction;staff picks;book club ideas;seriously great writing,2024
"Sex, Lies and Sensibility",Nikki Payne,432,743455,059344096X,realistic fiction;love & romance;staff picks;identity & culture;rather long,2024
Sheine Lende: A Prequel to Elatsoe,"Darcie Little Badger, illustrated by Rovina Cai",400,298164,1646143795,"sci fi, fantasy & speculative fiction;mysteries & thrillers;young adult;identity & culture;rather long",2024
Sidetracks,"Bei Dao, translated by Jeffrey Yang",176,1099631,081123844X,"nonfiction;biography & memoir;short stories, essays & poetry;for history lovers;identity & culture;tales from around the world",2024
Silver: Poems,Rowan Ricardo Phillips,80,991365,0374611319,"short stories, essays & poetry",2024
Slow Productivity: The Lost Art of Accomplishment Without Burnout,Cal Newport,256,7102,0593544854,nonfiction;staff picks;eye-opening reads,2024
Small Rain,Garth Greenwell,320,44769,0374279543,realistic fiction;identity & culture;seriously great writing,2024
Smoke and Ashes: Opium's Hidden Histories,Amitav Ghosh,416,97193,0374602921,nonfiction;staff picks;for history lovers;eye-opening reads;rather long;tales from around the world,2024
Sociopath: A Memoir,Patric Gagne,368,17049,166800318X,nonfiction;biography & memoir;staff picks;book club ideas;eye-opening reads;identity & culture,2024
Soldiers and Kings: Survival and Hope in the World of Human Smuggling,Jason De León,400,30148,0593298586,nonfiction;staff picks;eye-opening reads;seriously great writing;tales from around the world;family matters,2024
Solutions for the Problem of Bodies in Space: Poems,Catherine Barnett,96,191874,1644452871,"short stories, essays & poetry",2024
Someone You Can Build a Nest In,John Wiswell,320,155091,0756418852,"sci fi, fantasy & speculative fiction;love & romance",2024
Something About Living,Lena Khalaf Tuffaha,81,166062,1629222739,"short stories, essays & poetry;staff picks;tales from around the world",2024
Somewhere Beyond the Sea,TJ Klune,416,2009,125088120X,"sci fi, fantasy & speculative fiction;staff picks;family matters;love & romance;rather long",2024
Sprout & Co Saladology: Fresh Ideas for Delicious Salads,Theo Kirwan,208,70247,1784729159,cookbooks & food,2024
State of Paradise,Laura van den Berg,224,217759,037461220X,"sci fi, fantasy & speculative fiction;mysteries & thrillers;family matters;seriously great writing;the states we’re in;rather short",2024
Still Life with Remorse,Maira Kalman,144,67329,0063391813,nonfiction;biography & memoir;comics & graphic novels;book club ideas;family matters;for art lovers;seriously great writing;rather short,2024
Supercommunicators: How to Unlock the Secret Language of Connection,Charles Duhigg,320,1404,0593243919,nonfiction;staff picks;eye-opening reads;identity & culture,2024
Swift River,Essie Chambers,304,111452,1668027917,historical fiction;realistic fiction;staff picks;book club ideas;family matters;identity & culture;the states we’re in;seriously great writing,2024
Swimming Pretty: The Untold Story of Women in Water,Vicki Valosik,432,168492,1324093048,nonfiction;staff picks;for history lovers;for sports lovers;it’s all geek to me;rather long,2024
Sylvia's Second Act,Hillary Yablon,352,372106,0593493613,realistic fiction;love & romance;staff picks;book club ideas;family matters;funny stuff,2024
Table for Two: Fictions,Amor Towles,464,14077,0593296370,"historical fiction;realistic fiction;short stories, essays & poetry;staff picks;family matters",2024
Tell Me Everything,Elizabeth Strout,352,1806,0593446097,realistic fiction;book club ideas;seriously great writing,2024
Tender,Beth Hetland,148,1014049,1683969359,comics & graphic novels;staff picks;the dark side;rather short,2024
Thank You Please Come Again: How Gas Stations Feed & Fuel the American South,Kate Medley,256,,0998029351,nonfiction;cookbooks & food;staff picks;identity & culture;the states we’re in,2024
The Abandoners: On Mothers and Monsters,"Begoña Gómez Urzaiz, translated by Lizzie Davis",256,983531,1324079479,"nonfiction;short stories, essays & poetry;book club ideas;eye-opening reads;family matters;identity & culture",2024
The Antique Hunter's Guide to Murder,C.L. Miller,304,205645,1668032007,mysteries & thrillers;staff picks;for art lovers;tales from around the world,2024
The Art of Catching Feelings,Alicia Thompson,384,103155,0593640934,love & romance;staff picks;for sports lovers;let’s talk about sex,2024
The Backyard Bird Chronicles,Amy Tan,320,1517,0593536134,nonfiction;biography & memoir;staff picks;science!;it’s all geek to me;for art lovers,2024
The Bad Ones,Melissa Albert,400,224267,1250894891,"sci fi, fantasy & speculative fiction;young adult;the dark side;staff picks;rather long",2024
The Bog Wife,Kay Chronister,336,72111,1640096620,"sci fi, fantasy & speculative fiction;mysteries & thrillers;family matters;the dark side",2024
The Book That Almost Rhymed,"Omar Abed, illustrated by Hatem Aly",40,4672,0593406389,kids’ books;staff picks;family matters;funny stuff,2024
The Book of Love,Kelly Link,640,95723,0812996585,"sci fi, fantasy & speculative fiction;book club ideas;family matters;seriously great writing;the dark side;rather long",2024
The Briar Club,Kate Quinn,432,3890,0063244748,historical fiction;staff picks;book club ideas;mysteries & thrillers;the states we’re in;rather long,2024
"The Brides of High Hill (The Singing Hills Cycle, Book 5)",Nghi Vo,128,567836,1250851440,"sci fi, fantasy & speculative fiction;the dark side;rather short;mysteries & thrillers",2024
The Bright Sword: A Novel of King Arthur,Lev Grossman,688,51548,0735224048,"sci fi, fantasy & speculative fiction;historical fiction;book club ideas;seriously great writing;tales from around the world;rather long",2024
The Bullet Swallower,Elizabeth Gonzalez James,272,102382,1668009323,"sci fi, fantasy & speculative fiction;mysteries & thrillers;historical fiction;family matters",2024
The Burning Earth: A History,Sunil Amrith,432,74061,1324007184,nonfiction;staff picks;science!;for history lovers;eye-opening reads;tales from around the world;rather long;seriously great writing,2024
The Butcher of the Forest,Premee Mohamed,160,75554,1250881781,"sci fi, fantasy & speculative fiction;the dark side;rather short",2024
The Cemetery of Untold Stories,Julia Alvarez,256,179130,1643753843,"sci fi, fantasy & speculative fiction;the dark side",2024
The City and Its Uncertain Walls,"Haruki Murakami, translated by Philip Gabriel",464,6625,0593801970,"sci fi, fantasy & speculative fiction;love & romance;staff picks;book club ideas;seriously great writing;tales from around the world;rather long",2024
The City in Glass,Nghi Vo,224,257519,1250348277,"sci fi, fantasy & speculative fiction;staff picks;book club ideas;rather short",2024
The Cliffs,J. Courtney Sullivan,384,8156,059331915X,mysteries & thrillers;realistic fiction;staff picks;book club ideas;family matters;the dark side,2024
The Dead Cat Tail Assassins,P. Djèlí Clark,224,234284,1250767040,"sci fi, fantasy & speculative fiction;book club ideas;rather short",2024
The Dictionary Story,Oliver Jeffers and Sam Winston,56,34949,1536235504,kids’ books;staff picks;funny stuff,2024
The Djinn Waits a Hundred Years,Shubnum Khan,320,665638,0593653459,"realistic fiction;sci fi, fantasy & speculative fiction;staff picks;tales from around the world;family matters;the dark side",2024
"The Enigma Girls: How Ten Teenagers Broke Ciphers, Kept Secrets, and Helped Win World War II",Candace Fleming,384,22855,1338749579,nonfiction;kids’ books;eye-opening reads;for history lovers;tales from around the world,2024
The Extinction of Irena Rey,Jennifer Croft,320,293202,1639731709,realistic fiction;staff picks;mysteries & thrillers,2024
The Familiar,Leigh Bardugo,400,27754,125088425X,"historical fiction;sci fi, fantasy & speculative fiction;love & romance;staff picks;rather long",2024
"The Formula: How Rogues, Geniuses, and Speed Freaks Reengineered F1 into the World's Fastest-Growing Sport",Joshua Robinson and Jonathan Clegg,304,6593,0063318628,nonfiction;staff picks;for sports lovers;it’s all geek to me,2024
The Fox Wife,Yangsze Choo,400,41938,1250266017,historical fiction;mysteries & thrillers;staff picks;book club ideas;tales from around the world;rather long,2024
The Friday Afternoon Club: A Family Memoir,Griffin Dunne,400,13960,0593652827,nonfiction;biography & memoir;staff picks;family matters;no biz like show biz;rather long,2024
The God of the Woods,Liz Moore,496,144,0593418913,mysteries & thrillers;staff picks;book club ideas;family matters;seriously great writing,2024
The Greatest,"Veera Hiranandani, illustrated by Vesper Stamper",40,1288307,0593645561,kids’ books;family matters,2024
The History of Sound: Stories,Ben Shattuck,320,12077,059349038X,"historical fiction;realistic fiction;short stories, essays & poetry;book club ideas;for music lovers;seriously great writing",2024
The Horse,Willy Vlautin,208,107534,0063346575,realistic fiction;for music lovers;seriously great writing;the states we’re in;rather short,2024
The Hunter,Tana French,480,36497,0593493435,mysteries & thrillers;staff picks;book club ideas;family matters;tales from around the world;seriously great writing,2024
The Husbands,Holly Gramazio,352,37277,0385550618,"sci fi, fantasy & speculative fiction;staff picks;book club ideas;funny stuff;family matters",2024
The Judgment of Yoyo Gold,Isaac Blum,304,312301,059352585X,realistic fiction;young adult;family matters;identity & culture,2024
The Kamogawa Food Detectives,"Hisashi Kashiwai, translated by Jesse Kirkwood",208,64696,0593717716,mysteries & thrillers;staff picks;book club ideas;tales from around the world;cookbooks & food;rather short,2024
The Last Fire Season: A Personal and Pyronatural History,Manjula Martin,352,611196,0593317157,nonfiction;biography & memoir;eye-opening reads;science!;the states we’re in,2024
The Last Hour Between Worlds,Melissa Caruso,432,221108,031630347X,"sci fi, fantasy & speculative fiction;love & romance;staff picks;rather long",2024
The Letters of Emily Dickinson,"Emily Dickinson, edited by Cristanne Miller and Domhnall Mitchell",976,89503,0674982975,"nonfiction;biography & memoir;staff picks;for history lovers;seriously great writing;short stories, essays & poetry;rather long",2024
The Lion Women of Tehran,Marjan Kamali,336,1277,1668036584,historical fiction;book club ideas;family matters;seriously great writing,2024
The Lost Story,Meg Shaffer,352,70852,0593598873,"sci fi, fantasy & speculative fiction;book club ideas;mysteries & thrillers;love & romance",2024
"The Mango Tree: A Memoir of Fruit, Florida, and Felony",Annabelle Tometich,320,68020,0316540323,nonfiction;biography & memoir;staff picks;book club ideas;family matters;identity & culture;the states we’re in,2024
The Manicurist's Daughter: A Memoir,Susan Lieu,320,79702,1250835046,nonfiction;biography & memoir;book club ideas;eye-opening reads;family matters;identity & culture,2024
The Mesmerist,Caroline Woods,336,543613,0385550162,historical fiction;mysteries & thrillers;for history lovers;seriously great writing,2024
The Message,Ta-Nehisi Coates,256,6490,0593230388,nonfiction;eye-opening reads;identity & culture;tales from around the world;the states we’re in;book club ideas,2024
The Midnight Feast,Lucy Foley,368,31242,0063003104,mysteries & thrillers;staff picks;tales from around the world,2024
The Mighty Red,Louise Erdrich,384,2622354,0063419351,realistic fiction;staff picks;book club ideas;family matters;identity & culture;seriously great writing;the states we’re in,2024
The Millicent Quibb School of Etiquette for Young Ladies of Mad Science,Kate McKinnon,256,16888,0316554731,kids’ books;staff picks;funny stuff,2024
The Ministry of Time,Kaliane Bradley,352,13389,1668045141,"sci fi, fantasy & speculative fiction;love & romance;staff picks;book club ideas;tales from around the world",2024
The Most,Jessica Anthony,144,94711,0316576379,historical fiction;realistic fiction;book club ideas;family matters;seriously great writing;rather short,2024
The Mountains Are High,Alec Ash,272,1493366,1914484371,nonfiction;biography & memoir;staff picks;tales from around the world,2024
The Murder of Mr. Ma,SJ Rozan and John Shen Yen Nee,312,640299,164129549X,historical fiction;mysteries & thrillers;identity & culture;tales from around the world,2024
The New India: The Unmaking of the World's Largest Democracy,Rahul Bhatia,448,296771,1541704002,nonfiction;staff picks;eye-opening reads;rather long;tales from around the world,2024
The Nightmare Box and Other Stories,Cynthia Gómez,,,,"sci fi, fantasy & speculative fiction;short stories, essays & poetry;book club ideas;identity & culture;the dark side",2024
"The Other Olympians: Fascism, Queerness, and the Making of Modern Sports",Michael Waters,368,544545,0374609810,nonfiction;staff picks;eye-opening reads;for history lovers;for sports lovers;identity & culture,2024
The Pairing,Casey McQuiston,432,39193,1250862744,love & romance;let’s talk about sex;tales from around the world;rather long,2024
The Phoenix Crown,Kate Quinn and Janie Chang,400,16730,0063304732,historical fiction;mysteries & thrillers;book club ideas;the states we’re in;staff picks;rather long,2024
The Physics of Sorrow,"Georgi Gospodinov, translated by Angela Rodel",288,187136,1324094893,realistic fiction;eye-opening reads;seriously great writing;tales from around the world,2024
The Return of Ellie Black,Emiko Jean,320,30972,1668023938,mysteries & thrillers;staff picks;family matters;the dark side,2024
The SalviSoul Cookbook: Salvadoran Recipes and the Women Who Preserve Them,Karla Tatiana Vasquez,288,35247,1984861425,cookbooks & food;identity & culture;tales from around the world;staff picks,2024
The Secret History of Bigfoot: Field Notes on a North American Monster,John O'Connor,304,299089,1464216630,nonfiction;book club ideas;funny stuff;the states we’re in;it’s all geek to me;eye-opening reads,2024
The Seventh Veil of Salome,Silvia Moreno-Garcia,336,97971,0593600266,historical fiction;mysteries & thrillers;no biz like show biz;the states we’re in;book club ideas,2024
The Showman: Inside the Invasion That Shook the World and Made a Leader of Volodymyr Zelensky,Simon Shuster,384,60992,0063307421,nonfiction;biography & memoir;staff picks;eye-opening reads;tales from around the world,2024
The Spamalot Diaries,Eric Idle,208,61297,0593800486,nonfiction;biography & memoir;no biz like show biz;staff picks,2024
The Stardust Grail,Yume Kitasei,320,249668,1250875374,"sci fi, fantasy & speculative fiction;for art lovers;science!;identity & culture",2024
The Stone Home,Crystal Hana Kim,352,951758,006331097X,historical fiction;book club ideas;family matters;identity & culture;tales from around the world,2024
The Storm We Made,Vanessa Chan,352,314212,1668015145,historical fiction;staff picks;book club ideas;family matters;identity & culture;tales from around the world,2024
"The Swans of Harlem: Five Black Ballerinas, Fifty Years of Sisterhood, and Their Reclamation of a Groundbreaking History",Karen Valby,304,545347,0593317521,nonfiction;biography & memoir;eye-opening reads;identity & culture;no biz like show biz;for history lovers;for sports lovers,2024
The Tainted Cup,Robert Jackson Bennett,432,8952,1984820702,"sci fi, fantasy & speculative fiction;staff picks;rather long;mysteries & thrillers",2024
The Threshold of Dissent: A History of American Jewish Critics of Zionism,Marjorie N. Feld,288,350690,1479829315,nonfiction;staff picks;eye-opening reads;for history lovers;identity & culture,2024
The Truth According to Ember,Danica Nava,384,84024,0593642600,love & romance;staff picks;identity & culture,2024
The Unclaimed: Abandonment and Hope in the City of Angels,Pamela Prickett and Stefan Timmermans,336,158345,0593239059,nonfiction;staff picks;eye-opening reads;family matters;the states we’re in,2024
"The Wide Wide Sea: Imperial Ambition, First Contact and the Fateful Final Voyage of Captain James Cook",Hampton Sides,432,7808,0385544766,nonfiction;staff picks;eye-opening reads;rather long;for history lovers,2024
The Women,Kristin Hannah,480,112,1250178630,historical fiction;love & romance;staff picks;book club ideas;eye-opening reads;family matters;identity & culture,2024
The Wonderful Wisdom of Ants,Philip Bunting,32,543822,0593567781,nonfiction;kids’ books;science!;funny stuff,2024
The Woods All Black,Lee Mandelo,160,79453,125079031X,"historical fiction;sci fi, fantasy & speculative fiction;identity & culture;the dark side;rather short",2024
The Work of Art: How Something Comes from Nothing,Adam Moss,432,4804,059329758X,nonfiction;staff picks;book club ideas;eye-opening reads;for art lovers;for music lovers;no biz like show biz;rather long,2024
The Yellow Bus,Loren Long,48,5637,1250903130,kids’ books,2024
There Are Rivers in the Sky,Elif Shafak,464,14693,0593801717,historical fiction;book club ideas;tales from around the world,2024
There's Always This Year: On Basketball and Ascension,Hanif Abdurraqib,352,17071,0593448790,staff picks;for sports lovers;seriously great writing;nonfiction;identity & culture,2024
This Great Hemisphere,Mateo Askaripour,432,471737,0593472349,"sci fi, fantasy & speculative fiction;book club ideas;identity & culture;rather long",2024
This Motherless Land,Nikki May,352,166263,0063084295,realistic fiction;book club ideas;identity & culture;tales from around the world;family matters,2024
This Summer Will Be Different,Carley Fortune,368,436,0593638883,love & romance;staff picks;let’s talk about sex;tales from around the world,2024
Those Beyond the Wall,Micaiah Johnson,384,576690,0593497503,"sci fi, fantasy & speculative fiction;family matters;staff picks",2024
Thyme Travellers: An Anthology of Palestinian Speculative Fiction,Sonia Sulaiman,160,552498,1773636944,"sci fi, fantasy & speculative fiction;short stories, essays & poetry;book club ideas;identity & culture;seriously great writing;tales from around the world;rather short",2024
Touch the Sky,"Stephanie V.W. Lucianovic, illustrated by Chris Park",32,72854,172846045X,kids’ books,2024
Traveling: On the Path of Joni Mitchell,Ann Powers,448,143346,0062463721,nonfiction;biography & memoir;for music lovers;seriously great writing;rather long,2024
Twenty-Four Seconds from Now ...,Jason Reynolds,256,33469,1665961279,love & romance;young adult;staff picks;book club ideas;identity & culture;let’s talk about sex;seriously great writing,2024
Unshrinking: How to Face Fatphobia,Kate Manne,320,325884,0593593839,nonfiction;staff picks;eye-opening reads;science!;identity & culture;seriously great writing,2024
Uprooted: A Memoir About What Happens When Your Family Moves Back,Ruth Chan,288,43628,1250855349,nonfiction;biography & memoir;comics & graphic novels;kids’ books;family matters;funny stuff;identity & culture;tales from around the world,2024
Us Fools,Nora Lange,340,334834,1953387519,realistic fiction;book club ideas;family matters;seriously great writing;the states we’re in,2024
Victim,Andrew Boryga,288,640980,0385549970,staff picks;book club ideas;eye-opening reads;identity & culture;realistic fiction,2024
Victory Parade,Leela Corman,176,763814,0805243445,comics & graphic novels;for art lovers;identity & culture;historical fiction;rather short,2024
Vision: A Memoir of Blindness and Justice,David S. Tatel,352,56830,0316542024,nonfiction;staff picks;book club ideas;biography & memoir;the states we’re in,2024
Wandering Stars,Tommy Orange,336,40424,0593318250,historical fiction;staff picks;book club ideas;family matters;identity & culture;seriously great writing;the states we’re in,2024
War,Bob Woodward,448,15513,166805227X,nonfiction;eye-opening reads;the states we’re in;staff picks;rather long,2024
We Solve Murders,Richard Osman,400,6107,059365322X,mysteries & thrillers;staff picks;funny stuff;tales from around the world;rather long,2024
We're Alone: Essays,Edwidge Danticat,192,771429,1644453029,"nonfiction;short stories, essays & poetry;staff picks;identity & culture;seriously great writing;book club ideas;rather short",2024
Whale Fall,Elizabeth O’Connor,224,59626,0593700910,historical fiction;family matters;identity & culture;seriously great writing;the dark side;tales from around the world;rather short,2024
What Can a Mess Make?,Bee Johnson,48,143178,1250900247,kids’ books,2024
"What Goes with What: 100 Recipes, 20 Charts, Endless Possibilities",Julia Turshen,320,36350,1250340969,cookbooks & food,2024
What Have We Here?: Portraits of a Life,Billy Dee Williams,288,168772,0593318609,nonfiction;biography & memoir;staff picks;family matters;no biz like show biz;funny stuff;identity & culture,2024
"When Southern Women Cook: History, Lore, and 300 Recipes with Contributions from 70 Women Writers",America's Test Kitchen,520,2491,1954210493,cookbooks & food;staff picks;identity & culture;the states we’re in,2024
Whiskey Tender: A Memoir,Deborah Jackson Taffa,,,,nonfiction;biography & memoir;book club ideas;eye-opening reads;family matters;for history lovers;the states we’re in;seriously great writing;identity & culture,2024
Who's Afraid of Gender?,Judith Butler,320,115347,0374608229,nonfiction;staff picks;identity & culture;book club ideas,2024
With My Back to the World: Poems,Victoria Chang,112,153163,0374611130,"short stories, essays & poetry;for art lovers",2024
"Woman, Life, Freedom","Marjane Satrapi, translated by Una Dimitrijevic",272,210370,1644214059,nonfiction;comics & graphic novels;staff picks;for history lovers;tales from around the world;identity & culture,2024
Women and Children First,Alina Grabowski,336,314626,1638930783,realistic fiction;book club ideas;identity & culture;the dark side,2024
Women's Hotel,Daniel M. Lavery,272,219205,0063343533,realistic fiction;staff picks;funny stuff;book club ideas;historical fiction,2024
Woo Woo,Ella Baxter,272,846873,1646222555,realistic fiction;mysteries & thrillers;for art lovers;seriously great writing;the dark side;tales from around the world,2024
Worry,Alexandra Tanner,304,174133,1668018616,realistic fiction;family matters;funny stuff;seriously great writing;book club ideas,2024
You Are Here: Poetry in the Natural World,Ada Limón,176,35409,1571315683,"staff picks;short stories, essays & poetry",2024
You Dreamed of Empires,"Álvaro Enrigue, translated by Natasha Wimmer",240,57840,059354479X,"historical fiction;sci fi, fantasy & speculative fiction;staff picks;book club ideas;eye-opening reads;tales from around the world;rather short",2024
You Should Be So Lucky,Cat Sebastian,400,154580,0063272806,historical fiction;love & romance;for sports lovers;identity & culture;let’s talk about sex;rather long,2024
Zodiac: A Graphic Memoir,"Ai Weiwei with Elettra Stamboulis, illustrated by Gianluca Costantini",176,123886,1984862995,nonfiction;biography & memoir;comics & graphic novels;family matters;for art lovers;for history lovers;tales from around the world;rather short,2024
[...],Fady Joudah,100,269523,163955128X,"short stories, essays & poetry;staff picks;eye-opening reads;tales from around the world",2024
